"S.No.","Medicine","Formulation","Batch No.","HSN","Vendor","Packing","Quantity","Purchase Rate ()","Sale Rate ()","MRP ()","Expiry"
"1.","3 PLY MASK","MASK","2589","6307 (2.5%+2.5%)","nath medicose","1","390","1.00","5.71","6.00","02/2036"
"2.","3 PLY MASK","MASK","1234","6307 (2.5%+2.5%)","nath medicose","1","180","1.00","11.43","12.00","01/2030"
"3.","3 PLY MASK","MASK","254654","6307 (2.5%+2.5%)","nath medicose","1","500","1.00","5.71","6.00","10/2028"
"4.","3 PLY MASK","MASK","1254FGHJ","30049011 (2.5%+2.5%)","a and a hygien and surgical cre","1","300","1.10","5.71","6.00","12/2029"
"5.","3-M DYNAPLASTER","General","GP-26049","30051020 (2.5%+2.5%)","MAHADEV ENTERPRISES","1","1","225.00","317.14","333.00","02/2029"
"6.","4-TEL-40","TAB","T25C576A","30049099 (2.5%+2.5%)","GUPTA MEDICAL HALL","10","5 + {8}","25.00","31.25","32.81","02/2027"
"7.","4-TEL-AM","TAB","T25C580A","30049099 (2.5%+2.5%)","GUPTA MEDICAL HALL","10","6 + {1}","42.14","52.68","55.31","02/2027"
"8.","4TEL BETA 25","TAB","UGT26685","30044090 (2.5%+2.5%)","GUPTA MEDICAL HALL","10","7 + {2}","67.81","84.76","89.00","03/2028"
"9.","9-FM TAB","TAB","AT26-0042","30049099 (2.5%+2.5%)","GUPTA MEDICAL HALL","10","9","57.14","71.43","75.00","12/2027"
"10.","9-FM TAB","TAB","AT25-0664","30049099 (2.5%+2.5%)","GUPTA MEDICAL HALL","10","0","38.39","76.19","80.00","07/2027"
"11.","A TO Z DAILY TAB","TAB","ATZ25002","21069099 (2.5%+2.5%)","ANAND MEDICOS","15","10","179.05","223.81","235.00","05/2027"
"12.","A TO Z NS","TAB","24491199","21069099 (2.5%+2.5%)","GUPTA MEDICAL HALL","15","0","109.62","148.33","155.75","05/2026"
"13.","A TO Z NS TAB","TAB","25490629","21069099 (2.5%+2.5%)","millennium medisolutions pvt ltd.","15","0","130.17","162.71","170.85","11/2026"
"14.","A TO Z NS TAB","TAB","25490785","21069099 (2.5%+2.5%)","GUPTA MEDICAL HALL","15","1 + {16}","130.14","162.04","170.14","12/2026"
"15.","A TO Z NS TAB","TAB","25491253","21069099 (2.5%+2.5%)","millennium medisolutions pvt ltd.","15","0","130.17","162.71","170.85","04/2027"
"16.","A TO Z NS TAB","TAB","25490482","21069099 (2.5%+2.5%)","millennium medisolutions pvt ltd.","15","0","130.17","162.71","170.85","10/2026"
"17.","AB PHYLLINE 100","CAPs","GTG3109A","30049099 (2.5%+2.5%)","ANAND MEDICOS","15","0 + {9}","228.88","285.71","300.00","09/2027"
"18.","AB PHYLLINE SR 200 MG","TAB","GTG3211A","30049099 (2.5%+2.5%)","millennium medisolutions pvt ltd.","10","0","216.42","270.53","284.06","09/2027"
"19.","AB PHYLLINE SR 200 MG","TAB","GTG1615A","30049099 (2.5%+2.5%)","ANAND MEDICOS","10","0","216.52","270.53","284.06","04/2027"
"20.","AB-DRAIN SYSTEM","General","241201","90183990 (2.5%+2.5%)","a and a hygien and surgical cre","1","2","75.00","158.10","166.00","11/2029"
"21.","AB-SOFT ORAL SOLUTION","SYRUP","YL1430B","30049039 (2.5%+2.5%)","GOEL MEDICOS","1","3","95.24","209.52","220.00","09/2027"
"22.","ABGEL - OS SUSP.","SYRUP","YL2126","30049032 (2.5%+2.5%)","GOEL MEDICOS","1","22","30.00","137.14","144.00","12/2027"
"23.","ABHAYRAB VACCINE INJ","INJ","KB25032","30022016 (2.5%+2.5%)","GUPTA MEDICAL HALL","1","1","293.15","404.57","404.57","09/2028"
"24.","ABHAYTOX INJ","INJ","KN25152","3004 (2.5%+2.5%)","OM MEDICAL HALL","1","97","9.56","12.69","13.32","11/2028"
"25.","ABHYARAB INJ","INJ","KB26019","3004 (2.5%+2.5%)","NEW sai medicose","1","1","300.00","385.30","404.57","05/2029"
"26.","ABLUNG - N","TAB","AFB24B62","30049099 (2.5%+2.5%)","millennium medisolutions pvt ltd.","15","3 + {12}","164.72","205.90","216.19","11/2026"
"27.","ABLUNG SR 200 MG","TAB","AFB24A86","3004 (2.5%+2.5%)","gandhi medical hall","10","2 + {6}","170.26","212.83","223.47","09/2026"
"28.","ABSORBENT GAUGE","General","12547SFT","3005 (2.5%+2.5%)","nath medicose","1","3","150.00","238.10","250.00","10/2028"
"29.","ABSORBENT GAUGE","General","1254879","3005 (2.5%+2.5%)","nath medicose","1","5","150.00","314.29","330.00","10/2030"
"30.","ABSORBENT SPONGE 30 CM","Bandage","SP-154-AD","3005 (2.5%+2.5%)","nath medicose","1","18","31.00","76.19","80.00","10/2029"
"31.","ACCUSURE BLOOD LANCETS","Needle","25487","9018 (2.5%+2.5%)","nath medicose","1","5","40.00","106.67","112.00","10/2027"
"32.","ACCUSURE BLOOD LANCETS","Needle","6","9018 (2.5%+2.5%)","nath medicose","1","21","40.00","261.90","275.00","02/2030"
"33.","ACCUSURE LIFE STRIPS","STRIPS","1254","3822 (2.5%+2.5%)","nath medicose","1","2","490.00","561.90","590.00","10/2027"
"34.","ACCUSURE LIFE STRIPS","STRIPS","251391","3822 (2.5%+2.5%)","nath medicose","1","2","490.00","514.29","540.00","02/2027"
"35.","ACCUSURE LIFE STRIPS","STRIPS","250849","3822 (2.5%+2.5%)","nath medicose","1","4","490.00","933.33","980.00","02/2027"
"36.","ACCUSURE LIFE STRIPS","STRIPS","257643","3822 (2.5%+2.5%)","nath medicose","1","7","495.00","561.90","590.00","11/2027"
"37.","ACCUSURE LIFE STRIPS","STRIPS","1254FGH","3822 (2.5%+2.5%)","nath medicose","1","4","490.00","533.33","560.00","10/2028"
"38.","ACCUSURE LIFE STRIPS","STRIPS","255775","3822 (2.5%+2.5%)","nath medicose","1","8","490.00","1,026.67","1,078.00","09/2027"
"39.","ACCUSURE LIFE STRIPS","STRIPS","TD24L217-B","3822 (2.5%+2.5%)","nath medicose","1","1","380.00","531.25","557.81","12/2026"
"40.","ACCUSURE LIFE STRIPS","STRIPS","256416","3822 (2.5%+2.5%)","nath medicose","1","2","495.00","634.29","666.00","10/2027"
"41.","ACCUSURE PULSE OXIMETER","General","13","9018 (2.5%+2.5%)","nath medicose","1","5","730.00","1,047.62","1,100.00","01/2029"
"42.","ACCUSURE PULSE OXIMETER","General","15","9018 (2.5%+2.5%)","nath medicose","1","2","750.00","1,047.62","1,100.00","10/2028"
"43.","ACCUSURE SIMPLE GLUSE STRIP","General","125478SD","3822 (2.5%+2.5%)","nath medicose","1","3","490.00","495.24","520.00","10/2028"
"44.","ACCUSURE SIMPLE GLUSE STRIP","General","1254","3822 (2.5%+2.5%)","nath medicose","1","6","490.00","561.90","590.00","01/2028"
"45.","ACCUSURE SIMPLE GLUSE STRIP","General","12554","3822 (2.5%+2.5%)","nath medicose","1","4","490.00","571.43","600.00","01/2029"
"46.","ACCUSURE SIMPLE GLUSE STRIP","General","12548","3822 (2.5%+2.5%)","nath medicose","1","2","490.00","533.33","560.00","10/2027"
"47.","ACCUSURE SIMPLE GLUSE STRIP","General","22","3822 (2.5%+2.5%)","nath medicose","1","10","490.00","571.43","600.00","10/2030"
"48.","ACCUSURE SIMPLE GLUSE STRIP","General","TD22G204-C","3822 (2.5%+2.5%)","nath medicose","1","4","980.00","1,071.43","1,125.00","01/2027"
"49.","ACCUSURE SIMPLE GLUSE STRIP","General","12546","3822 (2.5%+2.5%)","nath medicose","1","2","490.00","523.81","550.00","10/2030"
"50.","ACCUZON PLUS 1.5 GM","INJ","18260757A","30042019 (2.5%+2.5%)","ROHIT PHARMA","1","43","37.92","171.43","180.00","01/2028"
"51.","ACCUZON PLUS 1.5 GM","INJ","CSDP25197","30042019 (2.5%+2.5%)","ROHIT PHARMA","1","0","34.47","159.05","167.00","11/2027"
"52.","ACCUZON PLUS 1.5 GM","INJ","CSDP25202","30042019 (2.5%+2.5%)","ROHIT PHARMA","1","0","34.48","161.90","170.00","11/2027"
"53.","ACCUZON PLUS 1.5 GM","INJ","18261270A","30042019 (2.5%+2.5%)","ROHIT PHARMA","1","100","37.92","171.43","180.00","02/2028"
"54.","ACCUZON PLUS 1.5 GM","INJ","182612669A","30042019 (2.5%+2.5%)","ROHIT PHARMA","1","0","30.00","161.90","170.00","02/2028"
"55.","ACCUZON PLUS 1.5 GM","INJ","CSDP26032","30042019 (2.5%+2.5%)","ROHIT PHARMA","1","0","37.92","171.43","180.00","01/2028"
"56.","ACCUZON PLUS 1.5 GM","INJ","18260365A","30042019 (2.5%+2.5%)","ROHIT PHARMA","1","0","34.47","159.05","167.00","12/2027"
"57.","ACCUZON PLUS 1.5 GM","INJ","18260778A","30042019 (2.5%+2.5%)","ROHIT PHARMA","1","2","29.94","166.67","175.00","01/2028"
"58.","ACEBROFORD - 200 SR","TAB","GT25335","3004 (2.5%+2.5%)","PRAKASH MEDICOS","10","30 + {6}","26.50","84.76","89.00","08/2027"
"59.","ACECLOMIST - SP","TAB","250336","30049099 (2.5%+2.5%)","PRAKASH PHARMA","10","0 + {4}","8.95","53.33","56.00","07/2027"
"60.","ACENUX - TH4 TAB","TAB","CT-422","30049069 (2.5%+2.5%)","GUPTA MEDICAL HALL","10","0 + {1}","35.00","106.67","112.00","08/2026"
"61.","ACIPOX CREAM","OINTMENT","40404","3004 (2.5%+2.5%)","NEW sai medicose","1","1","36.90","63.81","67.00","09/2026"
"62.","ACIVIR - 200 DT","TAB","5SN1351","30049099 (2.5%+2.5%)","millennium medisolutions pvt ltd.","10","0","61.91","77.39","81.26","05/2028"
"63.","ACIVIR - 200 DT","TAB","6SN0448","30049099 (2.5%+2.5%)","millennium medisolutions pvt ltd.","10","2","62.31","77.89","81.78","02/2029"
"64.","ACIVIR - 200 DT","TAB","SN32030","30049099 (2.5%+2.5%)","millennium medisolutions pvt ltd.","10","0","60.88","81.17","85.23","10/2026"
"65.","ACIVIR 400 DT","TAB","5SN1933","30049099 (2.5%+2.5%)","GUPTA MEDICAL HALL","10","0 + {5}","111.20","139.00","145.95","08/2028"
"66.","ACIVIR 400 DT","TAB","6SN0172","30049099 (2.5%+2.5%)","GUPTA MEDICAL HALL","10","0","111.20","139.00","145.95","12/2028"
"67.","ACIVIR 400 DT","TAB","5SN0883","30049099 (2.5%+2.5%)","millennium medisolutions pvt ltd.","10","0","111.20","139.00","145.95","03/2028"
"68.","ACIVIR 400 DT","TAB","6SN0628","30049099 (2.5%+2.5%)","millennium medisolutions pvt ltd.","10","3","111.92","139.90","146.89","02/2029"
"69.","ACIVIR 800 DT","TAB","5SN1690","30049099 (2.5%+2.5%)","HEMANT MEDICAL AGENCIES","10","0","306.54","383.18","402.34","07/2028"
"70.","ACIVIR 800 DT","TAB","5SN1106","30049099 (2.5%+2.5%)","millennium medisolutions pvt ltd.","10","0","306.55","383.19","402.35","04/2028"
"71.","ACIVIR 800 DT","TAB","5SN1989","30049099 (2.5%+2.5%)","NEW sai medicose","10","0 + {5}","306.55","383.19","402.35","08/2028"
"72.","ACIVIR 800 DT","TAB","4SN0239","30049099 (2.5%+2.5%)","GUPTA MEDICAL HALL","10","2","306.54","383.18","402.34","12/2028"
"73.","ACIVIR 800 DT","TAB","4SN1992","30049099 (2.5%+2.5%)","GUPTA MEDICAL HALL","10","1 + {5}","301.27","376.59","395.42","09/2027"
"74.","ACIVIR CREAM","OINTMENT","6D035","3004 (2.5%+2.5%)","gandhi medical hall","1","4","139.18","173.98","182.68","03/2029"
"75.","ACTIBILE 300","TAB","BRC1007","30049036 (2.5%+2.5%)","ROHIT PHARMA","10","0","324.60","528.82","555.26","12/2027"
"76.","ACTIBILE 300","TAB","BRB1232A","30049036 (2.5%+2.5%)","ROHIT PHARMA","10","29 + {2}","295.09","480.75","504.79","07/2027"
"77.","ACTIDE 100 MG INJ","INJ","ICRTB1602","3004 (2.5%+2.5%)","BAJAJ MEDICAL AGENCY","1","8","125.00","523.81","550.00","02/2028"
"78.","ACTIDE 100 MG INJ","INJ","ICRTB1604","3004 (2.5%+2.5%)","BAJAJ MEDICAL AGENCY","1","10","125.00","571.43","600.00","04/2028"
"79.","ACTIGRAIN - P","CAPs","I4645001","3004 (2.5%+2.5%)","NEW sai medicose","10","1","21.60","84.76","89.00","02/2027"
"80.","ACTIROM 1 MG","TAB","ACF25006","30045010 (2.5%+2.5%)","millennium medisolutions pvt ltd.","30","2","276.85","346.07","363.37","11/2028"
"81.","ACTIROM 2 MG","TAB","ACE25008","30045010 (2.5%+2.5%)","millennium medisolutions pvt ltd.","30","0 + {1}","433.63","542.04","569.14","11/2028"
"82.","ACTIROM 2 MG","TAB","ACE25007","30045010 (2.5%+2.5%)","OM MEDICAL HALL","30","1","398.16","492.76","517.40","09/2028"
"83.","ACTIROM 2 MG","TAB","ACE25010","30045010 (2.5%+2.5%)","OM MEDICAL HALL","30","1","437.96","542.04","569.14","11/2028"
"84.","ACTIROM 3 MG","TAB","ACC25010","30045010 (2.5%+2.5%)","millennium medisolutions pvt ltd.","30","2","503.69","629.61","661.09","11/2028"
"85.","ACTLOVIR CREAM","GEL","E5K008","3004 (2.5%+2.5%)","SHREE GOPAL  PHARMACEUTICALS","1","3","32.50","85.71","90.00","10/2027"
"86.","ACUCLAV 1.2 GM IJ","INJ","G362611","30041090 (2.5%+2.5%)","ROHIT PHARMA","1","0","54.08","143.09","150.24","01/2028"
"87.","ACUCLAV 1.2 GM IJ","INJ","G362644","30041090 (2.5%+2.5%)","ROHIT PHARMA","1","18","57.46","144.01","151.21","04/2028"
"88.","ADDII -D3 NANO SHOT","Solution","KL260157","3004 (2.5%+2.5%)","GUPTA MEDICAL HALL","1","0","52.50","65.62","68.90","07/2027"
"89.","ADDII -D3 NANO SHOT","Solution","XL17125","3004 (2.5%+2.5%)","THE MOLEKULE DISTRIBUTORS","1","0","52.50","65.62","68.90","02/2027"
"90.","ADDII -D3 NANO SHOT","Solution","XL260522","3004 (2.5%+2.5%)","GUPTA MEDICAL HALL","1","8","56.77","70.95","74.50","12/2027"
"91.","ADDII -D3 NANO SHOT","Solution","XL260157","3004 (2.5%+2.5%)","GUPTA MEDICAL HALL","1","25","52.50","65.62","68.90","07/2027"
"92.","ADDIIBIS - 2.5 MG","TAB","AT2606051","30049099 (2.5%+2.5%)","GUPTA MEDICAL HALL","10","13","67.93","109.52","115.00","05/2028"
"93.","ADDIIBIS - 5 MG","TAB","AT2509206","3307 (2.5%+2.5%)","THE MOLEKULE DISTRIBUTORS","10","5 + {6}","79.76","128.57","135.00","08/2027"
"94.","ADDIRA D8 CAP","CAPs","AC2511017B","30049099 (2.5%+2.5%)","GUPTA MEDICAL HALL","15","10 + {4}","213.21","266.54","279.87","10/2027"
"95.","ADDURSO - 300","TAB","AT2601002C","30049036 (2.5%+2.5%)","GUPTA MEDICAL HALL","10","9 + {2}","249.47","402.18","422.29","12/2027"
"96.","ADFOZEX - 500","TAB","T250224B","30041090 (2.5%+2.5%)","GUPTA MEDICAL HALL","10","19 + {4}","324.60","558.18","586.09","04/2027"
"97.","ADNEON 6MG/2ML INJ","INJ","1301039","30049099 (2.5%+2.5%)","mohinder pharma","1","24","159.47","188.86","198.30","07/2027"
"98.","ADRENOR 2 ML","INJ","INABAK612","30049079 (2.5%+2.5%)","BAJAJ MEDICAL AGENCY","1","3","27.78","82.04","86.14","01/2028"
"99.","ADRENOR 2 ML","INJ","INABAK519","30049079 (2.5%+2.5%)","BAJAJ MEDICAL AGENCY","1","3","22.00","41.02","43.07","09/2027"
"100.","ADVACAT 4048 (4-0)","General","V242274","9018 (2.5%+2.5%)","nath medicose","1","1","121.00","329.52","346.00","07/2029"
"101.","ADVACAT 4237 3-0","CATHETER","V254531","9018 (2.5%+2.5%)","nath medicose","1","2","82.00","182.86","192.00","06/2030"
"102.","ADVACAT 4241 (2-0)","General","V253926","9018 (2.5%+2.5%)","nath medicose","1","2","78.75","214.29","225.00","05/2030"
"103.","ADVACAT 4242 (0-0)","General","V256740","9018 (2.5%+2.5%)","nath medicose","1","2","73.85","200.95","211.00","09/2030"
"104.","ADVALENE 018 (3-0)","General","V242002","9018 (2.5%+2.5%)","nath medicose","1","1","164.85","448.57","471.00","06/2029"
"105.","ADVALENE 840 (1-0)","General","V240743","9018 (2.5%+2.5%)","nath medicose","1","2","148.05","402.86","423.00","03/2029"
"106.","ADVALENE 844 (2-0)","General","V252606","9018 (2.5%+2.5%)","nath medicose","1","2","167.65","456.19","479.00","04/2030"
"107.","ADVALON 3315 (5-0)","Suture","V253316R","9018 (2.5%+2.5%)","nath medicose","1","2","132.00","314.29","330.00","04/2030"
"108.","ADVALON 3319 (4-0)","General","V230931","9018 (2.5%+2.5%)","nath medicose","1","3","81.60","194.29","204.00","05/2028"
"109.","ADVALON 3319 (4-0)","General","V256043R","9018 (2.5%+2.5%)","nath medicose","1","0","125.30","340.95","358.00","08/2030"
"110.","ADVALON 3328 (3-0)","General","V257182","9018 (2.5%+2.5%)","nath medicose","1","3","92.05","250.48","263.00","10/2030"
"111.","ADVALON 3328 (3-0)","General","V257137","9018 (2.5%+2.5%)","nath medicose","1","5","92.05","250.48","263.00","10/2030"
"112.","ADVALON 3328 (3-0)","General","V255938","9018 (2.5%+2.5%)","nath medicose","1","0","92.05","250.48","263.00","08/2030"
"113.","ADVALON 3336 (2-0)","General","V2600294","9018 (2.5%+2.5%)","nath medicose","1","4","106.75","290.48","305.00","12/2030"
"114.","ADVALON 3336 (2-0)","General","V250297","9018 (2.5%+2.5%)","nath medicose","1","2","103.95","282.86","297.00","12/2029"
"115.","ADVALON 3337 (0-0)","General","V231242","9018 (2.5%+2.5%)","nath medicose","1","2","74.55","202.86","213.00","06/2028"
"116.","ADVASPONG","General","V257767","3004 (2.5%+2.5%)","nath medicose","1","8","80.00","152.38","160.00","11/2028"
"117.","ADVASYL 5028 (3-0)","General","V254696","9018 (2.5%+2.5%)","nath medicose","1","0","93.80","255.24","268.00","06/2030"
"118.","ADVASYL 5036 (2-0)","General","V256909","9018 (2.5%+2.5%)","nath medicose","1","0","87.15","237.14","249.00","10/2030"
"119.","ADVASYL 5037 (0-0)","General","V240264","9018 (2.5%+2.5%)","nath medicose","1","3","93.10","230.48","242.00","01/2029"
"120.","ADVASYL 5050 (4-0)","General","V254566","9018 (2.5%+2.5%)","nath medicose","1","2","98.35","250.48","263.00","06/2030"
"121.","ADVASYL 5062 (1-0)","General","V243900","9018 (2.5%+2.5%)","nath medicose","1","2","116.90","318.10","334.00","10/2029"
"122.","ADVASYL 5085 (3-0)","General","V230607","9018 (2.5%+2.5%)","nath medicose","1","3","58.80","160.00","168.00","03/2028"
"123.","ADVENT 457 DT","TAB","5KM0530","30049087 (2.5%+2.5%)","HEMANT MEDICAL AGENCIES","10","0","257.27","321.58","337.66","04/2027"
"124.","ADVENT 457 DT","TAB","5KM0530","30049087 (2.5%+2.5%)","millennium medisolutions pvt ltd.","10","2","235.23","321.58","337.66","04/2027"
"125.","AERO NEB CHILD","General","G24040768","90192090 (2.5%+2.5%)","a and a hygien and surgical cre","1","10","66.00","133.33","140.00","10/2030"
"126.","AEROCORT INHALER","General","5SN2115","3004 (2.5%+2.5%)","NEW sai medicose","1","0","260.00","325.32","341.59","06/2027"
"127.","AEROCORT INHALER","General","6SN0078","3004 (2.5%+2.5%)","millennium medisolutions pvt ltd.","1","0","260.26","325.32","341.59","12/2027"
"128.","AEROCORT INHALER","General","6SN0072","30049099 (2.5%+2.5%)","millennium medisolutions pvt ltd.","1","0","260.26","325.32","341.59","10/2027"
"129.","AEROCORT INHALER","General","6SN0078","3004 (2.5%+2.5%)","NEW sai medicose","1","1","260.26","325.32","341.59","12/2027"
"130.","AEROCORT INHALER","General","6SN0524","3004 (2.5%+2.5%)","gandhi medical hall","1","2","260.26","325.32","341.59","01/2028"
"131.","AEROCORT INHALER","General","5SN2242","3004 (2.5%+2.5%)","NEW sai medicose","1","0","260.00","325.32","341.59","10/2027"
"132.","AEROCORT ROTOCAPS 60 CAP","CAPs","5SA2533","30049091 (2.5%+2.5%)","millennium medisolutions pvt ltd.","1","0","108.70","135.88","142.67","04/2027"
"133.","AEROCORT ROTOCAPS 60 CAP","CAPs","5SA2155","30049091 (2.5%+2.5%)","NEW sai medicose","1","0","98.82","123.52","129.70","03/2027"
"134.","AFFOEMPA - 25","TAB","HT250076","30049099 (2.5%+2.5%)","SHIV MEDICAL AGENCIES","10","9 + {8}","72.00","116.08","121.88","03/2027"
"135.","AFFOEMPA - L  25","TAB","HT250108","30049099 (2.5%+2.5%)","SHIV MEDICAL AGENCIES","10","6 + {5}","94.15","151.79","159.38","04/2027"
"136.","AFFORARNI 50","TAB","HT250212","30049090 (2.5%+2.5%)","SHIV MEDICAL AGENCIES","14","0","180.00","225.00","236.25","08/2027"
"137.","AIR 120 MG","TAB","SAW511","30049062 (2.5%+2.5%)","millennium medisolutions pvt ltd.","10","2 + {3}","42.85","53.57","56.25","05/2027"
"138.","AIR 180 MG","TAB","SEX512","30049039 (2.5%+2.5%)","millennium medisolutions pvt ltd.","10","0","48.57","60.71","63.75","07/2027"
"139.","AIR 180 MG","TAB","EE051225","30049039 (2.5%+2.5%)","millennium medisolutions pvt ltd.","10","2 + {8}","48.57","60.71","63.75","11/2027"
"140.","AIR MATTRESS","General","17","9019 (2.5%+2.5%)","nath medicose","1","1","1,200.00","2,095.24","2,200.00","01/2030"
"141.","ALBUCEL 20 % INJ","INJ","97010706","3002 (2.5%+2.5%)","BHARAT MEDICAL HALL","1","0","4,190.48","5,047.62","5,300.00","04/2029"
"142.","ALBUCEL 20 % INJ","INJ","97010693","(%+%)","BHARAT MEDICAL HALL","1","0","4,190.48","5,400.00","5,400.00","12/2028"
"143.","ALBUTAS 20%","INJ","97040112","3004 (2.5%+2.5%)","BHARAT MEDICAL HALL","1","0","4,190.48","4,761.90","5,000.00","08/2028"
"144.","ALCOXIB 90","TAB","ACO25002ES","3004 (2.5%+2.5%)","NEW sai medicose","10","1 + {4}","22.79","63.81","67.00","04/2027"
"145.","ALCOXIB MR","TAB","AMR25003ES","3004 (2.5%+2.5%)","NEW sai medicose","10","5","57.90","106.67","112.00","01/2027"
"146.","ALDACTONE 25","TAB","02A25056","30049099 (2.5%+2.5%)","OM MEDICAL HALL","15","0 + {11}","26.87","33.24","34.90","11/2028"
"147.","ALDACTONE 25","TAB","02A25040","30049099 (2.5%+2.5%)","millennium medisolutions pvt ltd.","15","0 + {1}","26.59","33.24","34.90","07/2028"
"148.","ALDACTONE 25","TAB","02A26008","30049099 (2.5%+2.5%)","millennium medisolutions pvt ltd.","15","0 + {12}","26.76","33.45","35.12","01/2029"
"149.","ALDACTONE 25","TAB","02A26012","30049099 (2.5%+2.5%)","millennium medisolutions pvt ltd.","15","2","26.76","33.45","35.12","03/2029"
"150.","ALDACTONE 50 MG","TAB","37A25015","3004 (2.5%+2.5%)","NEW sai medicose","15","0 + {11}","53.30","66.63","69.96","06/2028"
"151.","ALDACTONE 50 MG","TAB","37A26002","3004 (2.5%+2.5%)","millennium medisolutions pvt ltd.","15","0","53.65","67.06","70.41","02/2029"
"152.","ALDACTONE 50 MG","TAB","37A25015","30049099 (2.5%+2.5%)","millennium medisolutions pvt ltd.","15","0","53.30","66.63","69.96","06/2028"
"153.","ALDACTONE 50 MG","TAB","37A26001","3004 (2.5%+2.5%)","millennium medisolutions pvt ltd.","15","4","53.30","66.63","69.96","02/2029"
"154.","ALENSOL- D","TAB","MT260568","30045090 (2.5%+2.5%)","millennium medisolutions pvt ltd.","4","4 + {4}","196.43","245.53","257.81","01/2028"
"155.","ALERID SYP","SYRUP","5A61221","30049031 (2.5%+2.5%)","millennium medisolutions pvt ltd.","1","0","29.40","40.19","42.20","10/2028"
"156.","ALERID TAB","TAB","5SB0759","30049031 (2.5%+2.5%)","millennium medisolutions pvt ltd.","10","2","13.97","19.10","20.05","08/2028"
"157.","ALERTRIZ 5 MG","TAB","PC25040","30049039 (2.5%+2.5%)","PRAKASH PHARMA","10","7 + {5}","2.85","22.38","23.50","08/2028"
"158.","ALFUSIN","TAB","5BA0516","30049099 (2.5%+2.5%)","millennium medisolutions pvt ltd.","10","0 + {9}","258.57","322.66","338.79","12/2027"
"159.","ALFUSIN T 2.5 MG","TAB","AMO01ALB","30049099 (2.5%+2.5%)","gandhi medical hall","10","5","267.92","334.90","351.64","12/2027"
"160.","ALFUSIN T 2.5 MG","TAB","AMO01ALB","30049099 (2.5%+2.5%)","millennium medisolutions pvt ltd.","10","1 + {10}","267.92","334.90","351.64","12/2027"
"161.","ALFUSIN T 2.5 MG","TAB","AMO06ALA","30049099 (2.5%+2.5%)","millennium medisolutions pvt ltd.","10","0 + {1}","243.57","304.46","319.68","08/2027"
"162.","ALIKAST - FX","TAB","MT-112592A","30042034 (2.5%+2.5%)","ALISIER DRUGS PVT . LTD","10","0","23.05","151.43","159.00","10/2027"
"163.","ALIKAST - FX","TAB","MT-032613A","30042034 (2.5%+2.5%)","ALISIER DRUGS PVT . LTD","10","2 + {12}","23.00","123.81","130.00","02/2028"
"164.","ALIKAST - L","TAB","ST-254050","30042034 (2.5%+2.5%)","ALISIER DRUGS PVT . LTD","10","1","12.84","103.81","109.00","10/2027"
"165.","ALIKAST - L","TAB","ST255432","30042034 (2.5%+2.5%)","ALISIER DRUGS PVT . LTD","10","100","12.80","106.67","112.00","01/2028"
"166.","ALIRAB - DSR","CAPs","SC251731","30042034 (2.5%+2.5%)","ALISIER DRUGS PVT . LTD","10","0","17.50","106.67","112.00","11/2027"
"167.","ALIRAB - LSR","CAPs","SC-260327","30042034 (2.5%+2.5%)","ALISIER DRUGS PVT . LTD","10","86 + {8}","21.00","106.67","112.00","04/2028"
"168.","ALKACIP SYP","SYRUP","CU25B02","300490 (2.5%+2.5%)","gandhi medical hall","1","0","23.50","63.81","67.00","01/2027"
"169.","ALKACIP SYP","SYRUP","CU26C12","300490 (2.5%+2.5%)","millennium medisolutions pvt ltd.","1","0","25.71","91.50","96.07","02/2028"
"170.","ALKACIP SYP","SYRUP","CU26A10","300490 (2.5%+2.5%)","gandhi medical hall","1","3","23.50","63.81","67.00","12/2027"
"171.","ALKEM DEXA INJ","INJ","ALK25009SR","3004 (2.5%+2.5%)","NEW sai medicose","1","0","6.30","11.05","11.60","05/2027"
"172.","ALKEM DEXA INJ","INJ","ALK24025SR","3004 (2.5%+2.5%)","NEW sai medicose","1","0","6.30","10.48","11.00","07/2026"
"173.","ALKEM DEXA INJ","INJ","ALK25002SR","3004 (2.5%+2.5%)","NEW sai medicose","1","0","6.30","10.86","11.40","02/2027"
"174.","ALKEMCORT INJ","INJ","AKT24009SR","3004 (2.5%+2.5%)","SHREE GOPAL  PHARMACEUTICALS","1","2","20.05","83.04","87.19","08/2026"
"175.","ALKEMCORT INJ","INJ","AL25006SP","3004 (2.5%+2.5%)","NEW sai medicose","1","7","21.92","45.57","47.85","10/2027"
"176.","ALKEMVIT TAB","TAB","26490074","3004 (2.5%+2.5%)","gandhi medical hall","15","22 + {3}","38.00","159.05","167.00","06/2027"
"177.","ALKEMZYME DIGESTIV","TAB","5G07","3004 (2.5%+2.5%)","NEW sai medicose","15","2 + {8}","12.75","53.33","56.00","10/2026"
"178.","ALKOF LOZENS","TAB","ALO25002MB","3004 (2.5%+2.5%)","NEW sai medicose","10","26 + {7}","17.78","35.71","37.50","12/2027"
"179.","ALPRAX 0.25 MG TAB","TAB","2E09M006","30049088 (2.5%+2.5%)","millennium medisolutions pvt ltd.","15","0 + {3}","30.21","37.76","39.65","08/2028"
"180.","ALPRAX 0.25 MG TAB","TAB","2E09M004","30049088 (2.5%+2.5%)","millennium medisolutions pvt ltd.","15","0 + {4}","30.21","37.76","39.65","06/2028"
"181.","ALPRAX 0.25 MG TAB","TAB","2E09M005","30049088 (2.5%+2.5%)","millennium medisolutions pvt ltd.","15","0","30.21","37.71","39.65","07/2028"
"182.","ALPRAX 0.25 MG TAB","TAB","2E09M008","30049088 (2.5%+2.5%)","millennium medisolutions pvt ltd.","15","4","30.21","37.76","39.65","11/2028"
"183.","ALPRAX 0.25 MG TAB","TAB","2E09N001","30049088 (2.5%+2.5%)","millennium medisolutions pvt ltd.","15","3","30.21","37.76","39.65","12/2028"
"184.","ALPRAX 0.5 TAB","TAB","2E10M012","30049088 (2.5%+2.5%)","millennium medisolutions pvt ltd.","15","0","61.98","77.48","81.35","08/2028"
"185.","ALPRAX 0.5 TAB","TAB","2E10M010","30049088 (2.5%+2.5%)","millennium medisolutions pvt ltd.","15","0","61.98","77.48","81.35","06/2028"
"186.","ALPRAX 0.5 TAB","TAB","2E10N001","30049088 (2.5%+2.5%)","millennium medisolutions pvt ltd.","15","0 + {6}","61.98","77.48","81.35","12/2028"
"187.","ALPRAX 0.5 TAB","TAB","2E10M011","30049088 (2.5%+2.5%)","millennium medisolutions pvt ltd.","15","0","61.98","77.48","81.35","07/2028"
"188.","ALPRAX 0.5 TAB","TAB","2E10N002","30049088 (2.5%+2.5%)","millennium medisolutions pvt ltd.","15","0","61.98","77.48","81.35","12/2028"
"189.","ALZIL - M 5","TAB","K2501838","30049099 (2.5%+2.5%)","HEMANT MEDICAL AGENCIES","10","0","182.14","227.68","239.06","07/2027"
"190.","ALZIL - M 5","TAB","K2503045","30049099 (2.5%+2.5%)","HEMANT MEDICAL AGENCIES","10","6","182.14","227.68","239.06","11/2027"
"191.","ALZIL - M 5","TAB","K2601412","30049099 (2.5%+2.5%)","millennium medisolutions pvt ltd.","10","1","182.14","227.68","239.06","05/2028"
"192.","ALZIL -5 MG","TAB","V2401099","30049099 (2.5%+2.5%)","HEMANT MEDICAL AGENCIES","10","3","96.88","121.10","127.15","09/2026"
"193.","AMANTREL 100 TAB","TAB","5SA2086","30049099 (2.5%+2.5%)","GUPTA MEDICAL HALL","15","2","211.30","264.12","277.33","08/2027"
"194.","AMANTREL 100 TAB","TAB","6SAO464","30049099 (2.5%+2.5%)","GUPTA MEDICAL HALL","15","0","211.30","264.12","277.33","01/2028"
"195.","AMBRODIL SYP","SYRUP","MPH253346","30049069 (2.5%+2.5%)","millennium medisolutions pvt ltd.","1","0","64.28","80.35","84.37","01/2028"
"196.","AMBRODIL SYP","SYRUP","MPM255173","30049069 (2.5%+2.5%)","millennium medisolutions pvt ltd.","1","5","64.28","80.35","84.37","05/2028"
"197.","AMBRODIL SYP","SYRUP","MPM244620","30049069 (2.5%+2.5%)","millennium medisolutions pvt ltd.","1","3","64.29","80.36","84.38","05/2027"
"198.","AMCHOPLAST FLO 3 GM","Powder","006-001-0113","30059090 (2.5%+2.5%)","NEHRA MEDICAL HALL","1","2","825.00","971.43","1,020.00","06/2029"
"199.","AMIGEST TEST CARD","General","LAHCG25010","3822 (2.5%+2.5%)","SHREE GOPAL  PHARMACEUTICALS","1","14","12.50","41.90","44.00","07/2027"
"200.","AMILAB 500 INJ","INJ","ANUI-028","3004 (2.5%+2.5%)","NEW sai medicose","1","0","17.50","53.33","56.00","04/2027"
"201.","AMINOSAFE 20 ML INJ","INJ","BL25003","30049099 (2.5%+2.5%)","sanghi pharma","1","9","121.91","152.38","160.00","09/2027"
"202.","AMLIP 10 MG","TAB","5C10172","3004 (2.5%+2.5%)","NEW sai medicose","10","0","9.58","21.90","23.00","12/2027"
"203.","AMLIP 10 MG","TAB","5C10834","3004 (2.5%+2.5%)","gandhi medical hall","10","8 + {3}","9.00","54.50","57.23","05/2026"
"204.","AMLIP 10 MG","TAB","6C10245","3004 (2.5%+2.5%)","gandhi medical hall","10","5","10.50","55.78","58.57","03/2029"
"205.","AMLIP 5 MG","TAB","5C11280","3004 (2.5%+2.5%)","gandhi medical hall","10","0 + {3}","7.00","25.39","26.66","08/2028"
"206.","AMLIP 5 MG","TAB","5C10531","3004 (2.5%+2.5%)","gandhi medical hall","10","0","7.00","25.39","26.66","03/2028"
"207.","AMLIP 5 MG","TAB","CU26B26","3004 (2.5%+2.5%)","gandhi medical hall","10","3 + {5}","7.50","25.39","26.66","01/2029"
"208.","AMLIP 5 MG","TAB","5C11071","3004 (2.5%+2.5%)","gandhi medical hall","10","0 + {5}","7.00","25.39","26.66","07/2028"
"209.","AMLOKIND AT","TAB","G65Y052","30049079 (2.5%+2.5%)","millennium medisolutions pvt ltd.","15","1 + {11}","42.38","52.97","55.62","06/2027"
"210.","AMLOMED AT","TAB","GVD0753","300490 (2.5%+2.5%)","PRAKASH PHARMA","10","60","6.55","47.09","49.44","09/2027"
"211.","AMLONG -MT 50","TAB","AMRS0020","30049079 (2.5%+2.5%)","millennium medisolutions pvt ltd.","15","1","191.39","239.24","251.20","06/2027"
"212.","AMLONG TRIO","TAB","AMPS0012","30049079 (2.5%+2.5%)","millennium medisolutions pvt ltd.","10","0","120.69","150.86","158.40","08/2027"
"213.","AMLONG TRIO","TAB","AMPS0016","30049079 (2.5%+2.5%)","millennium medisolutions pvt ltd.","10","8 + {9}","131.43","164.29","172.50","06/2028"
"214.","AMLONG TRIO","TAB","AMPS0016","30049079 (2.5%+2.5%)","HEMANT MEDICAL AGENCIES","10","0","131.43","164.29","172.50","06/2028"
"215.","AMLONG TRIO","TAB","AMPS0014","30049079 (2.5%+2.5%)","millennium medisolutions pvt ltd.","10","5","131.43","164.29","172.50","02/2028"
"216.","AMLONG- MT 25","TAB","AMIS0053","30049079 (2.5%+2.5%)","millennium medisolutions pvt ltd.","15","2 + {11}","117.10","156.19","164.00","04/2027"
"217.","AMMY MAXXI XL","General","225544AS","9619 (0%+0%)","nath medicose","1","5","25.00","44.00","44.00","10/2029"
"218.","AMMY MAXXI XL","General","13267","9619 (0%+0%)","nath medicose","1","0","25.00","45.00","45.00","11/2031"
"219.","AMMY PAD XXL / 15 PAD","General","25897AA","9619 (0%+0%)","nath medicose","1","5","60.00","112.00","112.00","12/2030"
"220.","AMMY PAD XXL / 15 PAD","General","15649","9619 (0%+0%)","nath medicose","1","0","60.00","112.00","112.00","10/2030"
"221.","AMOXYCILLIN","TAB","436","3004 (6%+6%)","gupta medical","10","9 + {10}","20.00","35.71","40.00","02/2026"
"222.","AMOXYCLAV 1 GM","TAB","MFL0775","3004 (2.5%+2.5%)","SHREE GOPAL  PHARMACEUTICALS","10","0 + {8}","130.00","318.10","334.00","10/2027"
"223.","AMSIA- AT","TAB","T25C631A","30049099 (2.5%+2.5%)","GUPTA MEDICAL HALL","10","1","20.71","25.90","27.19","02/2027"
"224.","ANAS DEE 2 % AD","INJ","NLF062402","3004 (2.5%+2.5%)","SHREE GOPAL  PHARMACEUTICALS","1","6","24.00","31.43","33.00","07/2026"
"225.","ANGIZEM - CD 90","CAPs","GTH0485A","3004 (2.5%+2.5%)","millennium medisolutions pvt ltd.","10","1","108.57","135.71","142.50","10/2027"
"226.","ANGIZEM - CD 90","CAPs","GTG1304A","3004 (2.5%+2.5%)","SHREE GOPAL  PHARMACEUTICALS","10","1","99.29","124.10","130.31","01/2027"
"227.","ANGUIL 2.6","TAB","KTC219C","3004 (2.5%+2.5%)","NEW sai medicose","1","0","37.80","106.67","112.00","04/2027"
"228.","ANO METROGYL CREAM","OINTMENT","YO7A25055","30049022 (2.5%+2.5%)","millennium medisolutions pvt ltd.","1","0","144.08","180.10","189.10","11/2027"
"229.","ANO METROGYL CREAM","OINTMENT","YO7A25036","30049022 (2.5%+2.5%)","millennium medisolutions pvt ltd.","1","0","144.07","180.09","189.09","08/2027"
"230.","ANO METROGYL CREAM","OINTMENT","YO7A26010","30049022 (2.5%+2.5%)","millennium medisolutions pvt ltd.","1","3","144.08","180.10","189.10","01/2028"
"231.","ANO METROGYL CREAM","OINTMENT","YO7125038","30049022 (2.5%+2.5%)","millennium medisolutions pvt ltd.","1","0","144.07","180.09","189.09","08/2027"
"232.","ANO METROGYL CREAM","OINTMENT","YO7A25038","30049022 (2.5%+2.5%)","millennium medisolutions pvt ltd.","1","0","144.07","180.09","189.09","08/2027"
"233.","APIEDGE 2.5 MG","TAB","DT251120C","3004 (2.5%+2.5%)","SHREE GOPAL  PHARMACEUTICALS","10","4","48.00","133.33","140.00","06/2027"
"234.","APIEDGE 5","TAB","DT252061C","3004 (2.5%+2.5%)","SHREE GOPAL  PHARMACEUTICALS","10","0","68.00","209.52","220.00","11/2027"
"235.","APREZO 30 MG","TAB","05250163A","30044090 (2.5%+2.5%)","millennium medisolutions pvt ltd.","10","1","254.29","317.86","333.75","01/2028"
"236.","APTIVATE 175 ML SYP","SYRUP","A26205TM","30049099 (2.5%+2.5%)","millennium medisolutions pvt ltd.","1","3","132.57","165.71","174.00","02/2028"
"237.","AQUAZIDE 12.5 MG","TAB","GTG1554A","30049079 (2.5%+2.5%)","millennium medisolutions pvt ltd.","10","1 + {5}","8.46","10.57","11.10","04/2027"
"238.","AQUAZIDE 12.5 MG","TAB","GTH0141A","30049079 (2.5%+2.5%)","millennium medisolutions pvt ltd.","10","0","8.46","10.57","11.10","12/2027"
"239.","ARACHITOL 6 L","INJ","PCM0001A","30045036 (2.5%+2.5%)","NEW sai medicose","1","0","64.60","80.74","84.78","09/2028"
"240.","ARACHITOL 6 L","INJ","PCL0668","30045036 (2.5%+2.5%)","OM MEDICAL HALL","1","0","64.60","80.74","84.78","07/2028"
"241.","ARACHITOL 6 L","INJ","PCM0044A","30045036 (2.5%+2.5%)","OM MEDICAL HALL","1","2","71.05","88.82","93.26","10/2028"
"242.","ARACHITOL 6 L","INJ","PCL0570","30045036 (2.5%+2.5%)","millennium medisolutions pvt ltd.","1","0","64.43","80.75","84.79","04/2028"
"243.","ARACHITOL 6 L","INJ","PCL0471","30045036 (2.5%+2.5%)","millennium medisolutions pvt ltd.","1","0","64.46","80.75","84.79","04/2028"
"244.","ARACHITOL 6 L","INJ","PCL0422","30045036 (2.5%+2.5%)","NEW sai medicose","1","0","64.73","80.75","84.79","04/2028"
"245.","ARACHITOL 6 L","INJ","PCL0668","30045036 (2.5%+2.5%)","OM MEDICAL HALL","1","10","65.12","80.75","84.79","07/2028"
"246.","ARACHITOL NANO","General","ARA25002","3004 (2.5%+2.5%)","OM MEDICAL HALL","1","0","83.20","102.97","108.12","09/2027"
"247.","ARACHITOL NANO","General","ARA25004","3004 (2.5%+2.5%)","OM MEDICAL HALL","1","1","91.51","113.27","118.93","11/2027"
"248.","ARACHITOL NANO","General","ARA526006","3004 (2.5%+2.5%)","OM MEDICAL HALL","1","4","91.33","113.27","118.93","12/2027"
"249.","ARACHITOL NANO","General","ARA26010","3004 (2.5%+2.5%)","OM MEDICAL HALL","1","4","91.33","113.27","118.93","01/2028"
"250.","ARBITAL MT - 25","TAB","ARFS0025","30049079 (2.5%+2.5%)","millennium medisolutions pvt ltd.","7","7 + {5}","99.28","124.10","130.30","03/2028"
"251.","ARBITAL MT - 25","TAB","ARFS0024","30049079 (2.5%+2.5%)","HEMANT MEDICAL AGENCIES","7","0","91.74","124.10","130.30","11/2027"
"252.","ARBITAL MT - 25","TAB","ARFS0024","30049079 (2.5%+2.5%)","millennium medisolutions pvt ltd.","7","0","99.28","124.10","130.30","11/2027"
"253.","ARBITAL MT - 50","TAB","ARGS0039","30049079 (2.5%+2.5%)","HEMANT MEDICAL AGENCIES","7","4 + {3}","101.59","137.43","144.30","03/2027"
"254.","ARBITAL TRIO 50","TAB","VBA25149","30049079 (2.5%+2.5%)","millennium medisolutions pvt ltd.","10","0","186.36","232.95","244.60","07/2027"
"255.","ARBITAL TRIO 50","TAB","ARNS0020","30049079 (2.5%+2.5%)","millennium medisolutions pvt ltd.","10","0","186.36","232.95","244.60","09/2027"
"256.","ARBITEL TRIO 25","TAB","AROS0022","30049079 (2.5%+2.5%)","HEMANT MEDICAL AGENCIES","15","0 + {8}","150.86","188.57","198.00","01/2028"
"257.","ARBITEL TRIO 25","TAB","AROS0021","30049079 (2.5%+2.5%)","millennium medisolutions pvt ltd.","15","0","138.21","172.76","181.40","11/2027"
"258.","ARBITEL TRIO 25","TAB","AROS0021","30049079 (2.5%+2.5%)","HEMANT MEDICAL AGENCIES","15","0 + {1}","138.21","172.76","181.40","11/2027"
"259.","ARBITEL TRIO 25","TAB","AROS0024","30049079 (2.5%+2.5%)","HEMANT MEDICAL AGENCIES","15","10","150.86","188.57","198.00","03/2028"
"260.","ARBITEL TRIO 25","TAB","AROS0016","30049079 (2.5%+2.5%)","HEMANT MEDICAL AGENCIES","15","0","126.90","172.76","181.40","02/2027"
"261.","ARBITEL TRIO 25","TAB","AROS0023","30049079 (2.5%+2.5%)","HEMANT MEDICAL AGENCIES","15","5 + {11}","138.24","188.57","198.00","02/2028"
"262.","ARBITEL TRIO 25","TAB","AROS0020","30049079 (2.5%+2.5%)","millennium medisolutions pvt ltd.","15","0","138.21","172.76","181.40","10/2027"
"263.","ARBITEL TRIO 50","TAB","ARNS0022","30049079 (2.5%+2.5%)","millennium medisolutions pvt ltd.","15","0","202.66","253.33","266.00","01/2028"
"264.","ARBITEL TRIO 50","TAB","ARNS0022","30049079 (2.5%+2.5%)","HEMANT MEDICAL AGENCIES","15","19 + {1}","202.66","253.33","266.00","01/2028"
"265.","ARBITEL TRIO 50","TAB","ARNS0015","30049079 (2.5%+2.5%)","millennium medisolutions pvt ltd.","15","0","186.43","233.04","244.69","02/2027"
"266.","ARBITEL TRIO 50","TAB","ARNS0019","30049079 (2.5%+2.5%)","millennium medisolutions pvt ltd.","15","0","186.36","232.95","244.60","07/2027"
"267.","ARBITEL TRIO 50","TAB","ARNS0021","30049079 (2.5%+2.5%)","millennium medisolutions pvt ltd.","15","0","186.36","232.95","244.60","11/2027"
"268.","ARBITEL TRIO 50","TAB","ARNS0021","30049079 (2.5%+2.5%)","HEMANT MEDICAL AGENCIES","15","0 + {6}","186.36","232.95","244.60","11/2027"
"269.","ARBITEL TRIO 50","TAB","ARNS0017","30049079 (2.5%+2.5%)","HEMANT MEDICAL AGENCIES","15","0","170.80","232.95","244.60","06/2027"
"270.","ARGIPREG SACHET","Powder","A1AJZ003","30049099 (2.5%+2.5%)","GUPTA MEDICAL HALL","1","10","33.11","57.93","60.83","12/2027"
"271.","ARIP MT 10 MG","TAB","2KN1M001","30049099 (2.5%+2.5%)","millennium medisolutions pvt ltd.","15","0","207.31","259.14","272.10","09/2028"
"272.","ARIP MT 10 MG","TAB","2HE3N002","30049099 (2.5%+2.5%)","millennium medisolutions pvt ltd.","15","1","227.82","218.10","229.01","03/2029"
"273.","ARIP MT 5 MG","TAB","2KM9M002","30049099 (2.5%+2.5%)","millennium medisolutions pvt ltd.","15","4 + {8}","122.44","153.05","160.70","09/2028"
"274.","ARISTOCAL D3 60K CAP","CAPs","ARD250935","3004 (2.5%+2.5%)","SHREE GOPAL  PHARMACEUTICALS","1","0","3.94","21.90","23.00","08/2027"
"275.","ARISTOZYME  SYP","SYRUP","DPF250692","3004 (2.5%+2.5%)","NEW sai medicose","1","0","116.35","144.64","151.87","11/2026"
"276.","ARISTOZYME  SYP","SYRUP","DPC260548","3004 (2.5%+2.5%)","NEW sai medicose","1","0","116.35","144.64","151.87","08/2027"
"277.","ARISTOZYME  SYP","SYRUP","DPC260548","3004 (2.5%+2.5%)","OM MEDICAL HALL","1","3","115.71","144.64","151.87","08/2027"
"278.","ARISTOZYME GOLD","TAB","TEZ25031","21069099 (2.5%+2.5%)","millennium medisolutions pvt ltd.","10","0","79.31","99.14","104.10","04/2027"
"279.","ARISTOZYME GOLD","TAB","TEZ25033","21069099 (2.5%+2.5%)","AMIT MEDICOSE","10","0 + {1}","79.31","99.14","104.10","04/2027"
"280.","ARISTOZYME GOLD","TAB","TEZ25024","21069099 (2.5%+2.5%)","millennium medisolutions pvt ltd.","10","0","79.31","99.14","104.10","02/2027"
"281.","ARISTOZYME GOLD","TAB","TEZ26003","21069099 (2.5%+2.5%)","millennium medisolutions pvt ltd.","10","4 + {3}","79.31","99.14","104.10","06/2027"
"282.","ARISTOZYME GOLD","TAB","TEZ25025","21069099 (2.5%+2.5%)","AMIT MEDICOSE","10","0","79.31","99.14","104.10","02/2027"
"283.","ARISTOZYME GOLD","TAB","TEZ25031","21069099 (2.5%+2.5%)","AMIT MEDICOSE","10","0 + {9}","79.31","99.14","104.10","04/2027"
"284.","ARISTOZYME GOLD","TAB","TEZ25016","21069099 (2.5%+2.5%)","AMIT MEDICOSE","10","0","79.31","99.14","104.10","01/2027"
"285.","ARKAMIN 0.1MG","TAB","8NY2N011","30049076 (2.5%+2.5%)","millennium medisolutions pvt ltd.","30","1 + {18}","75.64","94.55","99.28","01/2028"
"286.","ARKAMIN 0.1MG","TAB","8NY2M040","30049076 (2.5%+2.5%)","millennium medisolutions pvt ltd.","30","0","68.84","86.05","90.35","06/2027"
"287.","ARKAMIN 0.1MG","TAB","8NY2M052","30049076 (2.5%+2.5%)","millennium medisolutions pvt ltd.","30","0","68.84","86.05","90.35","10/2027"
"288.","ARKAMIN 0.1MG","TAB","8NY2N001","30049076 (2.5%+2.5%)","millennium medisolutions pvt ltd.","30","4","75.64","94.55","99.28","01/2028"
"289.","ARKAMIN 0.1MG","TAB","8NY2M045","30049076 (2.5%+2.5%)","millennium medisolutions pvt ltd.","30","0","68.84","86.05","90.35","07/2027"
"290.","ARNISAC -50","TAB","W75Y004","30049099 (2.5%+2.5%)","millennium medisolutions pvt ltd.","14","0 + {7}","277.07","346.34","363.66","07/2028"
"291.","ARNISAC -50","TAB","W75Y003","30049099 (2.5%+2.5%)","millennium medisolutions pvt ltd.","14","0 + {6}","251.89","314.87","330.61","05/2028"
"292.","ARORAFT SYP","SYRUP","E5073","30049032 (2.5%+2.5%)","HEMANT MEDICAL AGENCIES","1","0","171.43","214.29","225.00","08/2027"
"293.","ARVAST CV 25MG","CAPs","S2597302C","30049069 (2.5%+2.5%)","millennium medisolutions pvt ltd.","10","1 + {9}","204.64","255.80","268.59","08/2026"
"294.","ARVO 369 CAP","CAPs","SFS-993","21069099 (2.5%+2.5%)","BAJAJ MEDICAL AGENCY","10","1 + {5}","169.50","211.81","222.40","03/2027"
"295.","ASCOAIR BL 100 ML","SYRUP","KL25493","3004 (2.5%+2.5%)","NEW sai medicose","1","0","46.59","98.10","103.00","08/2027"
"296.","ASORIN - M2","TAB","512TAW002","3004 (2.5%+2.5%)","NEW sai medicose","10","5","17.55","27.62","29.00","01/2028"
"297.","ASORIN M1 TAB","TAB","LGN06/032/04","3004 (2.5%+2.5%)","NEW sai medicose","10","0","18.90","80.95","85.00","05/2026"
"298.","ASORIN M1 TAB","TAB","LGP09/181/02","3004 (2.5%+2.5%)","NEW sai medicose","10","0","18.90","75.88","79.67","08/2027"
"299.","ASTHAKIND PRO","SYRUP","A0OWZ007","30049099 (2.5%+2.5%)","GUPTA MEDICAL HALL","1","12","122.72","153.40","161.07","08/2027"
"300.","ASTHAKIND PRO","SYRUP","A0OWZ002","30049099 (2.5%+2.5%)","millennium medisolutions pvt ltd.","1","5","122.72","153.40","161.07","06/2027"
"301.","ASTHAKIND PRO","SYRUP","A0OWY016","30049099 (2.5%+2.5%)","GUPTA MEDICAL HALL","1","0","111.57","139.47","146.44","12/2026"
"302.","ASTHAKIND PRO","SYRUP","A0OWY005","30049099 (2.5%+2.5%)","GUPTA MEDICAL HALL","1","0","111.72","139.47","146.44","07/2026"
"303.","ASTHAKIND PRO","SYRUP","A0OWZ013","30049099 (2.5%+2.5%)","GUPTA MEDICAL HALL","1","0","122.72","153.40","161.07","09/2027"
"304.","ASTHAKIND PRO","SYRUP","A0OWY031","30049099 (2.5%+2.5%)","millennium medisolutions pvt ltd.","1","0","122.72","153.40","161.07","05/2027"
"305.","ASTHALIN - RESP*SOL","RESPules","5L80773","3004 (2.5%+2.5%)","NEW sai medicose","1","0","6.10","7.62","8.00","07/2028"
"306.","ASTHALIN - RESP*SOL","RESPules","5L81187","3004 (2.5%+2.5%)","NEW sai medicose","1","9","6.70","8.38","8.80","11/2028"
"307.","ASTHALIN - RESP*SOL","RESPules","5L81188","3004 (2.5%+2.5%)","NEW sai medicose","1","40","6.70","8.38","8.80","11/2028"
"308.","ASTHALIN 4 MG","TAB","5SA1246","210690 (2.5%+2.5%)","gandhi medical hall","45","5 + {38}","11.88","14.85","15.59","05/2028"
"309.","ASTHALIN INHALER","General","5BA2549","30049091 (2.5%+2.5%)","GUPTA MEDICAL HALL","1","2","128.61","160.75","168.79","08/2027"
"310.","ASTHALIN RESP 2.5","AMP","5L80773","300490 (2.5%+2.5%)","gandhi medical hall","1","19","6.10","7.62","8.00","07/2028"
"311.","ASTHALIN ROTOCAP","CAPs","5SA1437","3004 (2.5%+2.5%)","NEW sai medicose","1","1","49.71","62.15","65.26","05/2028"
"312.","ASTHALIN ROTOCAP","CAPs","5SA1437","30049091 (2.5%+2.5%)","millennium medisolutions pvt ltd.","1","2","49.71","62.14","65.25","05/2028"
"313.","ASTHALIN ROTOCAP","CAPs","4SA2254","3004 (2.5%+2.5%)","NEW sai medicose","1","0","45.21","60.28","63.29","07/2027"
"314.","ASTHALIN ROTOCAP","CAPs","5SA1775","30049099 (2.5%+2.5%)","HEMANT MEDICAL AGENCIES","1","0","49.71","62.14","65.25","06/2028"
"315.","ASTHALIN ROTOCAP","CAPs","5SA0742","30049091 (2.5%+2.5%)","GUPTA MEDICAL HALL","1","0","49.72","62.14","65.25","03/2028"
"316.","ATARAX 25 MG","TAB","E2501209","3004 (2.5%+2.5%)","SHREE GOPAL  PHARMACEUTICALS","15","0","81.07","101.34","106.41","05/2027"
"317.","ATARAX 25 MG","TAB","E2500923","3004 (2.5%+2.5%)","NEW sai medicose","15","0","81.07","108.10","113.50","04/2027"
"318.","ATARAX 25 MG","TAB","E2502407","3004 (2.5%+2.5%)","OM MEDICAL HALL","15","0","81.88","101.33","106.40","10/2027"
"319.","ATARAX 25 MG","TAB","E2600699","30049099 (2.5%+2.5%)","millennium medisolutions pvt ltd.","15","2 + {12}","89.18","111.47","117.04","04/2028"
"320.","ATARAX 25 MG","TAB","E2502609","30049099 (2.5%+2.5%)","millennium medisolutions pvt ltd.","15","0","81.06","101.33","106.40","10/2027"
"321.","ATARAX 25 MG","TAB","E2601212","3004 (2.5%+2.5%)","millennium medisolutions pvt ltd.","15","3","89.18","111.47","117.04","04/2028"
"322.","ATRODOT INJ","INJ","EC-264","3004 (2.5%+2.5%)","SHREE GOPAL  PHARMACEUTICALS","1","0","3.00","4.87","5.11","11/2026"
"323.","ATRODOT INJ","INJ","EC-269","3004 (2.5%+2.5%)","SHREE GOPAL  PHARMACEUTICALS","1","19","3.00","4.96","5.21","05/2027"
"324.","AUGMENTIN 375","TAB","826C008","30041090 (2.5%+2.5%)","SHIV PHARMA TRADERS","10","0 + {6}","197.82","247.28","259.64","07/2027"
"325.","AUGMENTIN 375","TAB","826C002","30041090 (2.5%+2.5%)","millennium medisolutions pvt ltd.","10","0","197.82","247.28","259.64","06/2027"
"326.","AUGMENTIN 375","TAB","825C037","30041090 (2.5%+2.5%)","HEMANT MEDICAL AGENCIES","10","0","197.52","247.28","259.64","05/2027"
"327.","AUGMENTIN 375","TAB","826C012","30041090 (2.5%+2.5%)","HEMANT MEDICAL AGENCIES","10","2","197.82","247.28","259.64","08/2027"
"328.","AUGMENTIN 625","TAB","826D048","300410 (2.5%+2.5%)","NEW sai medicose","10","3","137.45","186.09","195.39","07/2027"
"329.","AUGMENTIN 625","TAB","825D236","300410 (2.5%+2.5%)","gandhi medical hall","10","4","121.25","198.48","208.42","01/2027"
"330.","AVIL 25MG","TAB","5P3282A","30049039 (2.5%+2.5%)","millennium medisolutions pvt ltd.","15","7 + {10}","9.46","11.83","12.42","09/2028"
"331.","AVIL 2ML","AMP","112126022","30049039 (2.5%+2.5%)","millennium medisolutions pvt ltd.","1","0","4.69","5.58","5.86","01/2029"
"332.","AVIL 2ML","AMP","112126035","30049039 (2.5%+2.5%)","millennium medisolutions pvt ltd.","1","8","4.71","5.58","5.86","03/2029"
"333.","AVIL 2ML","AMP","112125020","30049039 (2.5%+2.5%)","millennium medisolutions pvt ltd.","1","0","4.69","5.58","5.86","07/2028"
"334.","AVIL 2ML","AMP","112125042","30049039 (2.5%+2.5%)","millennium medisolutions pvt ltd.","1","0","4.69","5.58","5.86","07/2028"
"335.","AVIL 2ML","AMP","321326032","30049039 (2.5%+2.5%)","millennium medisolutions pvt ltd.","1","20","4.71","5.58","5.86","05/2029"
"336.","AVIL 2ML","AMP","321326016","30049039 (2.5%+2.5%)","NEW sai medicose","1","0","5.10","5.58","5.86","10/2027"
"337.","AVIL 2ML","AMP","321325029","30049039 (2.5%+2.5%)","millennium medisolutions pvt ltd.","1","0","4.69","5.58","5.86","09/2028"
"338.","AVOMINE","TAB","SSL0076","3004 (2.5%+2.5%)","OM MEDICAL HALL","10","5","43.88","60.47","63.49","05/2028"
"339.","AVVA - 250","TAB","K2501963","30049081 (2.5%+2.5%)","HEMANT MEDICAL AGENCIES","10","0","33.04","41.30","43.36","07/2028"
"340.","AVVA SR 250","TAB","K2400148","30049081 (2.5%+2.5%)","millennium medisolutions pvt ltd.","10","0","40.37","50.46","52.98","12/2026"
"341.","AZEE - 250 MG","TAB","5SN1909","30042064 (2.5%+2.5%)","gandhi medical hall","10","0","94.96","118.70","124.63","08/2028"
"342.","AZEE - 250 MG","TAB","5SN1463","30042064 (2.5%+2.5%)","millennium medisolutions pvt ltd.","10","0","85.25","118.70","124.63","05/2028"
"343.","AZEE - 250 MG","TAB","6SN0368","30042064 (2.5%+2.5%)","millennium medisolutions pvt ltd.","10","8 + {8}","94.96","118.70","124.63","12/2028"
"344.","AZEE 500 MG","TAB","5SN1626","30042064 (2.5%+2.5%)","millennium medisolutions pvt ltd.","5","0 + {2}","95.91","119.89","125.88","06/2028"
"345.","AZEE 500 MG","TAB","5S2245","30042064 (2.5%+2.5%)","millennium medisolutions pvt ltd.","5","0","79.72","119.89","125.88","10/2028"
"346.","AZEE 500 MG","TAB","5SN1776","30042064 (2.5%+2.5%)","GUPTA MEDICAL HALL","5","0 + {2}","95.91","119.89","125.88","07/2028"
"347.","AZEE 500 MG","TAB","5SN1626","300490 (2.5%+2.5%)","gandhi medical hall","5","0","72.25","127.89","134.28","06/2028"
"348.","AZIKEM 200 MG SYP","SYRUP","25490762","3004 (2.5%+2.5%)","NEW sai medicose","1","5","30.00","52.01","54.61","06/2027"
"349.","AZIOR 500","TAB","DT-148E","30042064 (2.5%+2.5%)","CAMBIOR PHARMACEUTICALS","5","0","55.00","119.87","125.86","05/2027"
"350.","AZITOUGH 500","TAB","PCL0624","3004 (2.5%+2.5%)","NEW sai medicose","5","19 + {4}","45.00","119.05","125.00","08/2027"
"351.","B TEX","General","BO15J25","3004 (2.5%+2.5%)","NEW sai medicose","1","2","22.00","28.57","30.00","05/2028"
"352.","B-ALL-LC TAB","TAB","25HT-0204","30049049 (2.5%+2.5%)","GUPTA MEDICAL HALL","10","4 + {15}","137.14","171.43","180.00","01/2028"
"353.","B-ALL-LC TAB","TAB","25KHT-1341","30049049 (2.5%+2.5%)","GUPTA MEDICAL HALL","10","1 + {4}","137.14","171.43","180.00","10/2027"
"354.","B-ALL-OK SACHET","Sachet","S260063","21069099 (2.5%+2.5%)","GUPTA MEDICAL HALL","1","0","30.47","38.10","40.00","07/2027"
"355.","B-ALL-OK SACHET","Sachet","S260241","21069099 (2.5%+2.5%)","GUPTA MEDICAL HALL","1","94","20.47","38.10","40.00","11/2027"
"356.","B-ALL-OK SACHET","Sachet","S260167B","21069099 (2.5%+2.5%)","GUPTA MEDICAL HALL","1","22","20.47","38.10","40.00","09/2027"
"357.","B-ONE  INJ","INJ","GX-169","3004 (2.5%+2.5%)","NEW sai medicose","1","0","4.50","33.33","35.00","02/2027"
"358.","B-ONE  INJ","INJ","GX-186","3004 (2.5%+2.5%)","NEW sai medicose","1","4","4.50","31.43","33.00","10/2027"
"359.","B.T. SET","General","G23K02868","9018 (2.5%+2.5%)","a and a hygien and surgical cre","1","0","19.00","43.81","46.00","10/2028"
"360.","B.T. SET","General","G25H020073","9018 (2.5%+2.5%)","nath medicose","1","24","16.96","52.38","55.00","07/2030"
"361.","BACLOREN 10 MG","TAB","D2250520","30049099 (2.5%+2.5%)","SAI BABA SURGICAL","10","1 + {3}","94.48","118.10","124.00","04/2028"
"362.","BACTIPEX - C 10*10","General","PA-89-A16","3005 (2.5%+2.5%)","nath medicose","1","1","11.00","28.57","30.00","01/2030"
"363.","BACTIPEX - C 10*10","General","PHD-059","3005 (2.5%+2.5%)","nath medicose","1","10","11.00","32.38","34.00","10/2030"
"364.","BACTIPEX - C 10*30","General","PA-89-A16","3005 (2.5%+2.5%)","nath medicose","1","2","27.00","53.33","56.00","01/2030"
"365.","BACTOFIX - 50 MG","INJ","44375013","3004 (2.5%+2.5%)","NEW sai medicose","1","1","23.40","51.84","54.43","08/2027"
"366.","BACTOFIX - O","TAB","C1095006","3004 (2.5%+2.5%)","NEW sai medicose","10","0","47.00","106.67","112.00","02/2027"
"367.","BANDAGE - 4","Bandage","37","3005 (2.5%+2.5%)","a and a hygien and surgical cre","1","48","3.75","10.48","11.00","10/2030"
"368.","BANDAGE 2 INCH","General","018","3005 (2.5%+2.5%)","nath medicose","1","126","4.58","11.43","12.00","04/2028"
"369.","BANDAGE 4 INCH","Bandage","021","3005 (2.5%+2.5%)","nath medicose","1","98","3.17","11.43","12.00","08/2028"
"370.","BANDAGE 6 INCH","","020","3004 (2.5%+2.5%)","nath medicose","1","96","2.33","9.52","10.00","07/2028"
"371.","BANDY","TAB","A6AGY033","30049021 (2.5%+2.5%)","millennium medisolutions pvt ltd.","1","0","6.60","8.25","8.66","05/2028"
"372.","BANDY","TAB","A6AGZ005","30049021 (2.5%+2.5%)","millennium medisolutions pvt ltd.","1","16","6.64","8.25","8.66","06/2028"
"373.","BANDY","TAB","A6AGY020","30049021 (2.5%+2.5%)","millennium medisolutions pvt ltd.","1","0","6.60","8.25","8.66","01/2028"
"374.","BANDY","TAB","A6AGY019","30049021 (2.5%+2.5%)","OM MEDICAL HALL","1","0","5.99","8.25","8.66","01/2028"
"375.","BANDY PLUS","TAB","H5GKY015","30049021 (2.5%+2.5%)","millennium medisolutions pvt ltd.","1","1","24.18","30.22","31.73","05/2028"
"376.","BANDY PLUS","TAB","A8AGY040","30049021 (2.5%+2.5%)","millennium medisolutions pvt ltd.","1","0","24.18","30.22","31.73","01/2028"
"377.","BANDY PLUS","TAB","A8AGZ003","30049021 (2.5%+2.5%)","OM MEDICAL HALL","1","10","21.93","30.22","31.73","06/2028"
"378.","BANDY PLUS SYP","SYRUP","B0AGZ017","30049021 (2.5%+2.5%)","ROHIT PHARMA","1","3","32.21","40.35","42.37","03/2028"
"379.","BANDY PLUS SYP","SYRUP","B0AGZ007","30049021 (2.5%+2.5%)","HEMANT MEDICAL AGENCIES","1","1","32.21","40.26","42.27","01/2028"
"380.","BANDY SYP","SYRUP","A7AGZ015","30049021 (2.5%+2.5%)","ROHIT PHARMA","1","3","13.14","18.30","19.21","03/2028"
"381.","BANDY SYP","SYRUP","E6HSY016","30049021 (2.5%+2.5%)","millennium medisolutions pvt ltd.","1","0","13.29","18.18","19.09","11/2027"
"382.","BD SYRINGE 3 ML","Syringe","5274536","9018 (2.5%+2.5%)","a and a hygien and surgical cre","1","0","3.65","10.48","11.00","09/2030"
"383.","BECOSULES CAP","CAPs","2530064S","30045039 (2.5%+2.5%)","millennium medisolutions pvt ltd.","20","14 + {16}","49.28","59.40","62.37","10/2026"
"384.","BED BATH TOWEL","General","M26","3307 (9%+9%)","nath medicose","1","1","70.00","144.07","170.00","10/2030"
"385.","BEGMIRON -50","TAB","LGP07/035/06","3004 (2.5%+2.5%)","NEW sai medicose","10","0","70.87","166.67","175.00","06/2027"
"386.","BELATIN M","TAB","25S2GTC165","30049039 (2.5%+2.5%)","ROHIT PHARMA","10","1 + {12}","120.15","179.24","188.20","08/2027"
"387.","BELOVIT  FORTE","CAPs","UL26A067","3004 (2.5%+2.5%)","NEW sai medicose","15","5","14.00","28.57","30.00","06/2027"
"388.","BENOSED 10 ML INJ","INJ","2DF26002","30049034 (2.5%+2.5%)","BAJAJ MEDICAL AGENCY","1","5","32.00","60.00","63.00","12/2027"
"389.","BENZ PEARLS CAP","CAPs","GLA25015","30049099 (2.5%+2.5%)","millennium medisolutions pvt ltd.","10","0","83.81","104.76","110.00","05/2027"
"390.","BENZ PEARLS CAP","CAPs","GLA25017","30049099 (2.5%+2.5%)","millennium medisolutions pvt ltd.","10","0 + {2}","83.81","104.76","110.00","05/2027"
"391.","BENZ PEARLS CAP","CAPs","GLA25013","30049099 (2.5%+2.5%)","millennium medisolutions pvt ltd.","10","0","76.19","95.24","100.00","04/2027"
"392.","BENZ PEARLS CAP","CAPs","GLA26002","30049099 (2.5%+2.5%)","millennium medisolutions pvt ltd.","10","4 + {8}","83.81","104.76","110.00","06/2027"
"393.","BENZ PEARLS CAP","CAPs","GLA26005","30049099 (2.5%+2.5%)","millennium medisolutions pvt ltd.","10","10","83.81","104.76","110.00","09/2027"
"394.","BENZ PEARLS CAP","CAPs","GLA25012","30049099 (2.5%+2.5%)","millennium medisolutions pvt ltd.","10","0","76.19","95.24","100.00","02/2027"
"395.","BENZOSED 10 ML","INJ","2DF25005","30049034 (2.5%+2.5%)","BAJAJ MEDICAL AGENCY","1","7","32.00","60.00","63.00","09/2027"
"396.","BESTBRO PLUS TAB","TAB","CHF-25037","21069099 (2.5%+2.5%)","CAMBIOR PHARMACEUTICALS","10","46 + {4}","103.25","228.57","240.00","01/2027"
"397.","BETADINE 10% SOL","Solution","ML025425","30049087 (2.5%+2.5%)","millennium medisolutions pvt ltd.","1","0","82.32","98.00","102.90","09/2027"
"398.","BETADINE 10% SOL","Solution","MK05825","30049087 (2.5%+2.5%)","","1","0","82.32","98.00","102.90","08/2027"
"399.","BETADINE 10% SOL","Solution","ME01226","30049087 (2.5%+2.5%)","millennium medisolutions pvt ltd.","1","2","83.16","99.00","103.95","04/2028"
"400.","BETADINE 10% SOL","Solution","MK05825","30049087 (2.5%+2.5%)","millennium medisolutions pvt ltd.","1","3","82.32","98.00","102.90","08/2027"
"401.","BETADINE 5% OINT 25GM","OINTMENT","PL00625","30049087 (2.5%+2.5%)","NEW sai medicose","1","0","76.11","95.09","99.84","09/2027"
"402.","BETADINE 5% OINT 25GM","OINTMENT","PP00925","30049087 (2.5%+2.5%)","OM MEDICAL HALL","1","4","76.83","95.09","99.84","11/2027"
"403.","BETADINE 5% OINT 25GM","OINTMENT","PJ02825","30049087 (2.5%+2.5%)","millennium medisolutions pvt ltd.","1","0","76.07","95.09","99.84","07/2027"
"404.","BETADINE 5% SOL 500 ML","Solution","MH02525","30049087 (2.5%+2.5%)","millennium medisolutions pvt ltd.","1","2","189.00","225.00","236.25","06/2027"
"405.","BETADINE GARGLE 2%","SUSP","GB0426","30049087 (2.5%+2.5%)","BHARAT MEDICAL HALL","1","0","145.14","181.25","190.31","07/2027"
"406.","BETADINE GARGLE 2%","SUSP","GP07225","30049087 (2.5%+2.5%)","millennium medisolutions pvt ltd.","1","0","145.00","181.25","190.31","05/2027"
"407.","BETADINE GARGLE 2%","SUSP","GL06725","30049087 (2.5%+2.5%)","millennium medisolutions pvt ltd.","1","0","145.00","181.25","190.31","03/2027"
"408.","BETADINE GARGLE 2%","SUSP","GC05726","30049087 (2.5%+2.5%)","OM MEDICAL HALL","1","2","152.31","190.48","200.00","08/2027"
"409.","BETADINE GARGLE 2%","SUSP","GA03326","30049087 (2.5%+2.5%)","millennium medisolutions pvt ltd.","1","1","145.00","181.25","190.31","06/2027"
"410.","BETADINE GARGLE 2% 100 ML","Solution","GC01326","30049087 (2.5%+2.5%)","millennium medisolutions pvt ltd.","1","3","145.00","181.25","190.31","08/2027"
"411.","BETADINE GARGLE 2% 100 ML","Solution","PN01025","30049087 (2.5%+2.5%)","millennium medisolutions pvt ltd.","1","0","250.67","313.33","329.00","04/2027"
"412.","BETADINE OINT . 10%","OINTMENT","GC01526","30049087 (2.5%+2.5%)","SHIV PHARMA TRADERS","1","0","95.41","125.20","131.46","02/2028"
"413.","BETAVERT 16 MG TAB","TAB","LAC145","3004 (2.5%+2.5%)","millennium medisolutions pvt ltd.","15","0","219.28","274.10","287.81","11/2028"
"414.","BETAVERT 16 MG TAB","TAB","LAC0031","3004 (2.5%+2.5%)","SHREE GOPAL  PHARMACEUTICALS","15","0","200.00","250.00","262.50","04/2028"
"415.","BETAVERT 16 MG TAB","TAB","LAC0145","3004 (2.5%+2.5%)","millennium medisolutions pvt ltd.","15","3","219.28","274.10","287.81","11/2028"
"416.","BETAVERT 24","TAB","LAC0147","30049099 (2.5%+2.5%)","millennium medisolutions pvt ltd.","10","0 + {4}","197.86","247.32","259.69","11/2028"
"417.","BETAVERT 24","TAB","LAD0010","30049099 (2.5%+2.5%)","millennium medisolutions pvt ltd.","10","3","197.86","247.32","259.69","01/2029"
"418.","BETAVERT 8 MG TAB","TAB","LAC0118","30049099 (2.5%+2.5%)","millennium medisolutions pvt ltd.","15","0","107.86","134.82","141.56","10/2028"
"419.","BETAVERT 8 MG TAB","TAB","LAC0025","3004 (2.5%+2.5%)","SHREE GOPAL  PHARMACEUTICALS","15","0","107.86","134.82","141.56","03/2028"
"420.","BETAVERT 8 MG TAB","TAB","LAC0038","3004 (2.5%+2.5%)","millennium medisolutions pvt ltd.","15","0","107.86","134.82","141.56","05/2028"
"421.","BETAVERT 8 MG TAB","TAB","LAC0118","3004 (2.5%+2.5%)","SHREE GOPAL  PHARMACEUTICALS","15","3 + {5}","107.86","134.82","141.56","10/2028"
"422.","BETAVERT OD 48","TAB","GKG2028A","3004 (2.5%+2.5%)","millennium medisolutions pvt ltd.","10","0","270.00","337.50","354.38","10/2027"
"423.","BETAVERT OD 48","TAB","GKG0780A","3004 (2.5%+2.5%)","SHREE GOPAL  PHARMACEUTICALS","10","0 + {8}","270.00","337.50","354.38","04/2027"
"424.","BETAVERT OD 48","TAB","GKG2028A","3004 (2.5%+2.5%)","SHREE GOPAL  PHARMACEUTICALS","10","9","270.00","337.50","354.38","10/2027"
"425.","BETNESOL INJ","INJ","NI154","30043200 (2.5%+2.5%)","millennium medisolutions pvt ltd.","1","73","4.05","4.82","5.06","11/2027"
"426.","BETNESOL INJ","INJ","N146","30043200 (2.5%+2.5%)","HEMANT MEDICAL AGENCIES","1","0","4.05","4.82","5.06","08/2027"
"427.","BETNESOL INJ","INJ","NI148","30043200 (2.5%+2.5%)","HEMANT MEDICAL AGENCIES","1","0","5.06","5.14","5.40","10/2027"
"428.","BETNESOL TAB","TAB","M72R","3004 (2.5%+2.5%)","NEW sai medicose","20","0 + {8}","12.15","16.19","17.00","07/2027"
"429.","BETNO INJ","INJ","GK-229","3004 (2.5%+2.5%)","SHREE GOPAL  PHARMACEUTICALS","1","0","3.90","5.05","5.30","03/2027"
"430.","BH ELDIAPER TAPE STYLE (L)","Diaper","NOV-23","9619 (2.5%+2.5%)","nath medicose","1","1","200.00","317.14","333.00","10/2030"
"431.","BH ELDIAPER TAPE STYLE (XL)","Diaper","NOV25","9619 (2.5%+2.5%)","nath medicose","1","1","210.00","314.29","330.00","10/2028"
"432.","BH ELDIAPER TAPE STYLE (XL)","Diaper","NOV-25","9619 (2.5%+2.5%)","nath medicose","1","0","210.00","317.14","333.00","01/2029"
"433.","BIFILAC CAP","CAPs","ALA26T03","30029030 (2.5%+2.5%)","millennium medisolutions pvt ltd.","10","5","107.14","133.92","140.62","01/2028"
"434.","BIFILAC SACHETS","Sachet","LLA25P02","30029030 (2.5%+2.5%)","millennium medisolutions pvt ltd.","1","0 + {1}","21.43","19.05","20.00","07/2027"
"435.","BIFILAC SACHETS","Sachet","LLA26S01","30029030 (2.5%+2.5%)","millennium medisolutions pvt ltd.","1","0","12.46","17.86","18.75","02/2028"
"436.","BIFILAC SACHETS","Sachet","LLA25E02","30029030 (2.5%+2.5%)","millennium medisolutions pvt ltd.","1","0","14.25","17.86","18.75","06/2027"
"437.","BIFILAC SACHETS","Sachet","LLA25R04","30029030 (2.5%+2.5%)","millennium medisolutions pvt ltd.","1","0","214.29","19.05","20.00","08/2027"
"438.","BIFILAC SACHETS","Sachet","LLA26I01","30029030 (2.5%+2.5%)","millennium medisolutions pvt ltd.","1","62","13.06","17.86","18.75","04/2028"
"439.","BILACIP - 40 MG TAB","TAB","EMV251113","30049099 (2.5%+2.5%)","NEW sai medicose","10","2 + {7}","48.33","95.24","100.00","04/2027"
"440.","BILACIP M","TAB","BLP250613","3004 (2.5%+2.5%)","gandhi medical hall","10","0","59.50","106.67","112.00","05/2027"
"441.","BILACIP M","TAB","BLP260308","30049011 (2.5%+2.5%)","gandhi medical hall","10","16","60.00","114.29","120.00","02/2028"
"442.","BILACIP M","TAB","BLP250408","30049011 (2.5%+2.5%)","gandhi medical hall","10","0","50.00","84.76","89.00","03/2027"
"443.","BILACIP M","TAB","BLP250408","30049011 (2.5%+2.5%)","PRAKASH PHARMA","10","0","42.60","85.71","90.00","03/2027"
"444.","BILACIP M","TAB","BLP250511","30049011 (2.5%+2.5%)","NEW sai medicose","10","0","55.37","95.24","100.00","04/2027"
"445.","BILATOP - M","TAB","F6B0130","3004 (2.5%+2.5%)","OM MEDICAL HALL","10","0","50.40","133.33","140.00","01/2028"
"446.","BILATOP - M","TAB","F6C0310","3004 (2.5%+2.5%)","OM MEDICAL HALL","10","3 + {5}","50.40","106.67","112.00","02/2028"
"447.","BILEVEL 300","TAB","VPT25050B","210690 (2.5%+2.5%)","SARASWATI MEDICAL AGENCY","10","13","268.00","361.90","380.00","07/2027"
"448.","BILEVEL 300","TAB","VPT2505B","210690 (2.5%+2.5%)","SARASWATI MEDICAL AGENCY","10","1 + {7}","290.05","361.90","380.00","07/2027"
"449.","BIO D3 MAX","CAPs","18261409A","30049099 (2.5%+2.5%)","ROHIT PHARMA","15","1 + {9}","337.06","421.33","442.40","03/2029"
"450.","BIO D3 MAX","CAPs","18260959A","30049099 (2.5%+2.5%)","ROHIT PHARMA","15","0 + {10}","337.06","421.33","442.40","01/2029"
"451.","BIO D3 MAX","CAPs","18261412A","30049099 (2.5%+2.5%)","ROHIT PHARMA","15","3","337.06","421.33","442.40","03/2029"
"452.","BIO D3 STRONG","CAPs","14255186A","30049099 (2.5%+2.5%)","ROHIT PHARMA","10","0","213.89","267.36","280.73","10/2028"
"453.","BIO D3 STRONG","CAPs","26260024A","30049099 (2.5%+2.5%)","ROHIT PHARMA","10","2 + {4}","213.89","267.36","280.73","04/2029"
"454.","BIO D3 STRONG","CAPs","14260625A","30049099 (2.5%+2.5%)","millennium medisolutions pvt ltd.","10","0","213.89","266.67","280.00","12/2028"
"455.","BIO D3 STRONG","CAPs","14261762A","30049099 (2.5%+2.5%)","ROHIT PHARMA","10","0 + {5}","213.89","267.36","280.73","02/2029"
"456.","BIO D3 STRONG","CAPs","14261763A","30049099 (2.5%+2.5%)","ROHIT PHARMA","10","5","213.89","267.36","280.73","02/2029"
"457.","BIO D3 STRONG","CAPs","14255185A","30049099 (2.5%+2.5%)","ROHIT PHARMA","10","0 + {5}","213.89","267.36","280.73","10/2028"
"458.","BIO D3 STRONG","CAPs","14255389A","30049099 (2.5%+2.5%)","millennium medisolutions pvt ltd.","10","0","213.89","267.36","280.73","11/2028"
"459.","BIO D3 STRONG","CAPs","14260804A","30049099 (2.5%+2.5%)","ROHIT PHARMA","10","0","213.89","267.36","280.73","01/2029"
"460.","BIPAP TUBE","General","01082024","90192010 (2.5%+2.5%)","SELF","1","2","420.00","1,571.43","1,650.00","07/2027"
"461.","BISCOVENT 5 MG","TAB","GB235005","3004 (2.5%+2.5%)","NEW sai medicose","10","7","12.15","53.33","56.00","06/2027"
"462.","BISELECT 2.5 MG","TAB","V2600073","30049072 (2.5%+2.5%)","HEMANT MEDICAL AGENCIES","10","0","31.79","39.73","41.72","01/2028"
"463.","BISELECT 2.5 MG","TAB","V2500131","30049072 (2.5%+2.5%)","millennium medisolutions pvt ltd.","10","0","31.79","39.73","41.72","06/2027"
"464.","BISELECT 2.5 MG","TAB","V2500283","30049072 (2.5%+2.5%)","millennium medisolutions pvt ltd.","10","0","31.79","39.73","41.72","09/2027"
"465.","BISELECT 2.5 MG","TAB","V2500283","30049079 (2.5%+2.5%)","HEMANT MEDICAL AGENCIES","10","0","31.79","39.73","41.72","09/2027"
"466.","BISLONG - D 2.5","TAB","BLDA003","30049099 (2.5%+2.5%)","millennium medisolutions pvt ltd.","10","3","135.70","169.62","178.10","07/2027"
"467.","BISOHEART 2.5","TAB","L75Z007","30049079 (2.5%+2.5%)","ROHIT PHARMA","10","3","52.88","66.10","69.41","02/2028"
"468.","BISOHEART AM 2.5","TAB","Z95Y003","30049079 (2.5%+2.5%)","GUPTA MEDICAL HALL","10","0 + {5}","60.84","76.06","79.86","10/2027"
"469.","BISOHEART AM 5","TAB","0A5Y006","30049079 (2.5%+2.5%)","millennium medisolutions pvt ltd.","10","0","82.13","102.67","107.80","10/2027"
"470.","BISOHEART AM 5","TAB","0A5Y005","30049079 (2.5%+2.5%)","millennium medisolutions pvt ltd.","10","0","82.13","102.67","107.80","10/2027"
"471.","BISOHEART AM 5","TAB","0A5Y006","30049079 (2.5%+2.5%)","ROHIT PHARMA","10","0","82.13","102.67","107.80","10/2027"
"472.","BISOHEART AM 5","TAB","015H021","30049079 (2.5%+2.5%)","GUPTA MEDICAL HALL","10","0 + {1}","82.13","102.67","107.80","10/2027"
"473.","BISOHEART AM 5","TAB","0A5Y006","30049079 (2.5%+2.5%)","GUPTA MEDICAL HALL","10","0 + {6}","82.13","102.67","107.80","10/2027"
"474.","BISOHEART T 2.5","TAB","A9MMY007","30049079 (2.5%+2.5%)","ROHIT PHARMA","10","6","95.71","119.64","125.62","05/2027"
"475.","BISOHEART T 5","TAB","A8MMY009","30049079 (2.5%+2.5%)","ROHIT PHARMA","10","3 + {19}","110.00","137.50","144.37","05/2027"
"476.","BIXIFY 5 MG  TAB","TAB","WZ50021","30049039 (2.5%+2.5%)","millennium medisolutions pvt ltd.","10","0","157.14","196.43","206.25","03/2027"
"477.","BIXIFY 5 MG  TAB","TAB","WZ50011","30049039 (2.5%+2.5%)","millennium medisolutions pvt ltd.","10","4","157.14","209.52","220.00","12/2026"
"478.","BLADE 11 NO.","General","191125","9018 (2.5%+2.5%)","nath medicose","1","50","3.00","5.71","6.00","10/2030"
"479.","BLADE 15 NO.","General","310523","9018 (2.5%+2.5%)","nath medicose","1","98","3.00","5.71","6.00","04/2028"
"480.","BLADE 23 NO.","General","040625","9018 (2.5%+2.5%)","nath medicose","1","86","3.00","5.71","6.00","05/2030"
"481.","BODY WIPES","General","G25H038751","3307 (9%+9%)","nath medicose","1","2","30.00","74.58","88.00","01/2027"
"482.","BOLDINE 500 ML","Solution","PS125050A","3004 (2.5%+2.5%)","NEW sai medicose","1","1","90.00","142.86","150.00","01/2027"
"483.","BREFLAM - 150 TAB","TAB","CCT241662B","3004 (2.5%+2.5%)","NEW sai medicose","10","0","31.05","84.76","89.00","11/2026"
"484.","BREVAPIE 50 MG","TAB","GENT12271","3004 (2.5%+2.5%)","THE MOLEKULE DISTRIBUTORS","10","8 + {11}","91.00","158.10","166.00","01/2028"
"485.","BRIVAHENZ - 50 MG","TAB","D2251333","30049082 (2.5%+2.5%)","millennium medisolutions pvt ltd.","15","0","250.87","313.58","329.26","10/2027"
"486.","BRIVAHENZ - 50 MG","TAB","D2250857","30049082 (2.5%+2.5%)","SAI BABA SURGICAL","10","0 + {18}","159.28","199.10","209.06","06/2027"
"487.","BRIVAZEN 50 MG","TAB","25S2GTC248","30049082 (2.5%+2.5%)","HEMANT MEDICAL AGENCIES","15","0","227.86","284.82","299.06","08/2027"
"488.","BRIVAZIN 50 MG","TAB","25S2GTC247","30049082 (2.5%+2.5%)","HEMANT MEDICAL AGENCIES","15","0","227.86","284.82","299.06","08/2027"
"489.","BRIVAZOY 50 MG","TAB","OHL0027","30049099 (2.5%+2.5%)","SAI BABA SURGICAL","14","0","278.00","347.50","364.87","07/2027"
"490.","BRO-ZEDEX LS JR.","SYRUP","D250606","30049099 (2.5%+2.5%)","HEMANT MEDICAL AGENCIES","1","0","57.75","78.12","82.03","09/2027"
"491.","BRONCOFIL CAP","CAPs","5274005","300490 (2.5%+2.5%)","GUPTA MEDICAL HALL","10","2 + {8}","27.00","62.86","66.00","06/2026"
"492.","BRONCOFIL SR 200 CAP","TAB","9965001","3004 (2.5%+2.5%)","SHREE GOPAL  PHARMACEUTICALS","10","40 + {6}","35.37","106.67","112.00","12/2026"
"493.","BRUFEN -400 MG","TAB","842807D7","3004 (2.5%+2.5%)","NEW sai medicose","20","3 + {14}","19.19","24.37","25.59","11/2028"
"494.","BRUFEN -400 MG","TAB","812816D7","3004 (2.5%+2.5%)","NEW sai medicose","20","0 + {6}","19.19","24.37","25.59","08/2028"
"495.","BRUFEN -600 MG","CAPs","822851D7","3004 (2.5%+2.5%)","NEW sai medicose","15","1","30.27","37.84","39.73","09/2028"
"496.","BRUTAFLAM - 120 MG","TAB","C8HPY001","30049069 (2.5%+2.5%)","GUPTA MEDICAL HALL","10","3 + {1}","135.69","169.62","178.10","04/2027"
"497.","BRUTAFLAM - 120 MG","TAB","C8HPY001","30049069 (2.5%+2.5%)","sanghi pharma","10","0","124.38","169.62","178.10","04/2027"
"498.","BRUTAFLAM - 90 MG","TAB","H1AHY001","30049069 (2.5%+2.5%)","GUPTA MEDICAL HALL","10","0","95.83","129.65","136.13","12/2026"
"499.","BRUTAFLAM - 90 MG","TAB","B5HPY009","30049069 (2.5%+2.5%)","GUPTA MEDICAL HALL","10","0","95.08","129.65","136.13","10/2027"
"500.","BRUTAFLAM - 90 MG","TAB","B5HPZ001","30049069 (2.5%+2.5%)","GUPTA MEDICAL HALL","10","2 + {1}","104.57","142.60","149.73","12/2027"
"501.","BRUTAFLAM - 90 MG","TAB","B5HPY004","30049069 (2.5%+2.5%)","ROHIT PHARMA","10","0","103.71","129.64","136.12","06/2027"
"502.","BRUTAFLAM - 90 MG","TAB","B5HPY006","30049069 (2.5%+2.5%)","sanghi pharma","10","0","95.07","129.65","136.13","07/2027"
"503.","BRUTAFLAM - MR 4","TAB","H6AHZ002","30049069 (2.5%+2.5%)","GUPTA MEDICAL HALL","10","5 + {5}","189.18","236.48","248.30","01/2028"
"504.","BRUTAFLAM - MR 4","TAB","H6AHZ001","30049069 (2.5%+2.5%)","GUPTA MEDICAL HALL","10","2 + {6}","161.35","236.48","248.30","01/2028"
"505.","BRUTAFLAM - MR 4","TAB","6A5Z001","30049069 (2.5%+2.5%)","GUPTA MEDICAL HALL","10","0","189.18","236.48","248.30","12/2027"
"506.","BRUTAFLAM - MR 4","TAB","H2AHY016","30049069 (2.5%+2.5%)","GUPTA MEDICAL HALL","10","0","173.42","236.48","248.30","10/2027"
"507.","BRUTAFLAM - MR 4","TAB","6A5Y005","30049069 (2.5%+2.5%)","GUPTA MEDICAL HALL","10","0","189.18","236.48","248.30","11/2027"
"508.","BRUTAFLAM - PG","TAB","CIOAZ001","30049099 (2.5%+2.5%)","GUPTA MEDICAL HALL","10","4 + {5}","209.14","261.43","274.50","02/2028"
"509.","BRUTAFLAM - PG","TAB","C10AY002","30049099 (2.5%+2.5%)","HEMANT MEDICAL AGENCIES","10","0","175.68","237.67","249.55","02/2027"
"510.","BRUTAFLAM - PG","TAB","C1OAZ001","30049099 (2.5%+2.5%)","GUPTA MEDICAL HALL","10","0 + {1}","209.14","261.43","274.50","02/2028"
"511.","BRUTAFLAM - PG","TAB","C10AZ001","30049099 (2.5%+2.5%)","GUPTA MEDICAL HALL","10","0 + {1}","209.14","261.43","274.50","02/2028"
"512.","BRUTAFLAM - PG","TAB","CIOAY003","30049099 (2.5%+2.5%)","GUPTA MEDICAL HALL","10","0","190.13","237.67","249.55","06/2027"
"513.","BUDECORT RES 0.5 MG","RESPules","5T00279","30043200 (2.5%+2.5%)","GUPTA MEDICAL HALL","1","0","14.53","24.21","25.42","08/2027"
"514.","BUDECORT RES 0.5 MG","RESPules","5SN0761","300490 (2.5%+2.5%)","gandhi medical hall","1","0","14.53","24.21","25.42","03/2027"
"515.","BUDECORT RES. 5 MG","RESPules","5SN0761","3004 (2.5%+2.5%)","NEW sai medicose","1","0","16.70","24.21","25.42","03/2027"
"516.","BUDECORT RES. 5 MG","RESPules","5T00314","3004 (2.5%+2.5%)","OM MEDICAL HALL","1","0","14.67","24.21","25.42","09/2027"
"517.","BUDECORT RES. 5 MG","RESPules","5T00322","3004 (2.5%+2.5%)","millennium medisolutions pvt ltd.","1","0","19.37","24.21","25.42","09/2027"
"518.","BUDECORT RES. 5 MG","RESPules","6T00044","3004 (2.5%+2.5%)","gandhi medical hall","1","0","14.53","24.21","25.42","01/2028"
"519.","BUDECORT RES. 5 MG","RESPules","5T00214","30049099 (2.5%+2.5%)","millennium medisolutions pvt ltd.","1","0","19.37","24.21","25.42","06/2027"
"520.","BUDECORT RES. 5 MG","RESPules","6T00010","3004 (2.5%+2.5%)","GUPTA MEDICAL HALL","1","40","14.64","23.50","24.68","12/2027"
"521.","BUDECORT RES. 5 MG","RESPules","5T00362","3004 (2.5%+2.5%)","OM MEDICAL HALL","1","50","14.53","24.21","25.42","11/2027"
"522.","BUDECORT RES. 5 MG","RESPules","5T00314","3004 (2.5%+2.5%)","GUPTA MEDICAL HALL","1","0","14.64","24.21","25.42","09/2027"
"523.","BUDONUS R 0.5","RESPules","2725-034","30049099 (2.5%+2.5%)","CAMBIOR PHARMACEUTICALS","1","8","4.16","24.76","26.00","02/2027"
"524.","BUFFAN CAP","Bag","123","65050090 (2.5%+2.5%)","a and a hygien and surgical cre","1","100","0.90","9.52","10.00","08/2035"
"525.","BURNHEAL CR 15 GM","OINTMENT","5Q316","30049099 (2.5%+2.5%)","PRAKASH MEDICOS","1","13","22.40","76.19","80.00","04/2027"
"526.","BUSCOGAST INJ","INJ","0325024","30049069 (2.5%+2.5%)","millennium medisolutions pvt ltd.","1","0","9.60","11.43","12.00","07/2028"
"527.","BUSCOGAST INJ","INJ","0326003","30049069 (2.5%+2.5%)","millennium medisolutions pvt ltd.","1","3","9.60","11.43","12.00","12/2026"
"528.","BUSCOGAST TAB","TAB","BSA26007","30049069 (2.5%+2.5%)","millennium medisolutions pvt ltd.","10","0 + {6}","34.88","43.60","45.78","12/2028"
"529.","CALAMINE LOTION L/T","General","TCCL0460","33049930 (2.5%+2.5%)","GUPTA MEDICAL HALL","1","0","29.00","84.76","89.00","11/2027"
"530.","CALAMINE LOTION L/T","General","TCCL0504","33049930 (2.5%+2.5%)","GUPTA MEDICAL HALL","1","0","34.00","106.67","112.00","03/2028"
"531.","CALAMINE LOTION L/T","General","PE-12/72","33049930 (2.5%+2.5%)","GUPTA MEDICAL HALL","1","0","32.50","106.67","112.00","11/2027"
"532.","CALAMINE LOTION L/T","General","TCCL0538","33049930 (2.5%+2.5%)","GUPTA MEDICAL HALL","1","4","34.00","133.33","140.00","05/2028"
"533.","CALCIMAX 500","TAB","258T2516","30049099 (2.5%+2.5%)","millennium medisolutions pvt ltd.","30","0 + {3}","288.76","360.95","379.00","05/2027"
"534.","CALCIMAX FORTE PLUS","TAB","596SJ2518","3003 (2.5%+2.5%)","S.P . MEDICAL AGENCIES","30","2 + {6}","223.57","279.47","293.44","01/2027"
"535.","CALCIMAX TOTAL","TAB","791U2513","300490 (2.5%+2.5%)","millennium medisolutions pvt ltd.","15","0","245.33","306.67","322.00","03/2027"
"536.","CALCIMAX TOTAL","TAB","791U2559","300490 (2.5%+2.5%)","millennium medisolutions pvt ltd.","15","0","203.93","306.67","322.00","09/2027"
"537.","CALCIMAX TOTAL","TAB","791U2563","300490 (2.5%+2.5%)","millennium medisolutions pvt ltd.","15","0","245.33","306.67","322.00","09/2027"
"538.","CALCIMAX TOTAL","TAB","791U2559","300490 (2.5%+2.5%)","S.P . MEDICAL AGENCIES","15","14 + {12}","245.33","306.67","322.00","09/2027"
"539.","CALCIMAX TOTAL","TAB","791U2554","300490 (2.5%+2.5%)","millennium medisolutions pvt ltd.","15","0","204.45","306.67","322.00","07/2027"
"540.","CALCIROL GRAN","Sachet","JKAZ25020","30049099 (2.5%+2.5%)","","1","6","27.66","34.57","36.30","06/2027"
"541.","CALCIROL GRAN","Sachet","JKAZ25020","30049099 (2.5%+2.5%)","millennium medisolutions pvt ltd.","1","10","27.66","34.57","36.30","06/2027"
"542.","CALCIUM SANDOZ 10% INJ","INJ","946SPAA5","300490 (2.5%+2.5%)","NEW sai medicose","1","0","90.00","112.50","118.12","08/2027"
"543.","CALCIUM SANDOZ 10% INJ","INJ","627SPAA5","300490 (2.5%+2.5%)","millennium medisolutions pvt ltd.","1","0","90.00","112.50","118.13","05/2027"
"544.","CALCIUM SANDOZ 10% INJ","INJ","Y61SPAA5","300490 (2.5%+2.5%)","OM MEDICAL HALL","1","0","90.89","112.50","118.12","10/2027"
"545.","CALCIVENT K2 FORTE CAP","CAPs","MD25260J2","3004 (2.5%+2.5%)","NEW sai medicose","10","0 + {5}","36.00","106.67","112.00","09/2027"
"546.","CALGROW FORTE HD","CAPs","L26D013","30045039 (2.5%+2.5%)","BAJAJ MEDICAL AGENCY","10","12","400.94","481.14","505.20","03/2028"
"547.","CALMIGHTY - PLUS","TAB","CLPA26002","30049099 (2.5%+2.5%)","FRIENDS PHARMA","10","12","167.30","208.57","219.00","04/2028"
"548.","CALMIGHTY TAB","TAB","CLGT25003","30049099 (2.5%+2.5%)","millennium medisolutions pvt ltd.","10","0","92.14","115.18","120.94","06/2027"
"549.","CALMIGHTY TAB","TAB","CLGT25004","30049099 (2.5%+2.5%)","FRIENDS PHARMA","10","12","90.91","113.33","119.00","08/2027"
"550.","CALPOL 120 MG SYP","SYRUP","NA392","30049069 (2.5%+2.5%)","HEMANT MEDICAL AGENCIES","1","1","28.05","36.62","38.45","10/2027"
"551.","CALPOL 250 MG SYP","SYRUP","NA649","30049069 (2.5%+2.5%)","HEMANT MEDICAL AGENCIES","1","3","30.15","40.80","42.84","10/2027"
"552.","CAMBIRAFT SYP","SYRUP","LLD-106478","30049031 (2.5%+2.5%)","CAMBIOR PHARMACEUTICALS","1","13","48.00","165.71","174.00","02/2028"
"553.","CAMBIRAFT SYP","SYRUP","LLD-10647B","30049031 (2.5%+2.5%)","CAMBIOR PHARMACEUTICALS","1","0","48.00","165.71","174.00","02/2028"
"554.","CAMBITUSS - DX SYP","SYRUP","A26174B","30049031 (2.5%+2.5%)","CAMBIOR PHARMACEUTICALS","1","0","19.00","119.05","125.00","12/2027"
"555.","CAMBITUSS - DX SYP","SYRUP","A26226","300490 (2.5%+2.5%)","CAMBIOR PHARMACEUTICALS","1","30","18.00","98.10","103.00","12/2027"
"556.","CAMBITUSS - DX SYP","SYRUP","A25164","300490 (2.5%+2.5%)","CAMBIOR PHARMACEUTICALS","1","0","54.40","98.21","103.12","12/2026"
"557.","CAMBITUSS SYP","SYRUP","DL-487","30049099 (2.5%+2.5%)","CAMBIOR PHARMACEUTICALS","1","13","49.57","89.52","94.00","10/2027"
"558.","CAMIROFEN 10","TAB","21215002","3004 (2.5%+2.5%)","SHREE GOPAL  PHARMACEUTICALS","10","4 + {6}","21.00","106.67","112.00","05/2027"
"559.","CANDIBIOTIC PLUS EAR DROP","DROP","N26CP011","30049029 (2.5%+2.5%)","millennium medisolutions pvt ltd.","1","0","82.86","103.57","108.75","08/2027"
"560.","CANDIBIOTIC PLUS EAR DROP","DROP","N26CP003","30049029 (2.5%+2.5%)","millennium medisolutions pvt ltd.","1","0","82.86","103.57","108.75","06/2027"
"561.","CANDIBIOTIC PLUS EAR DROP","DROP","N25CP031","30049029 (2.5%+2.5%)","millennium medisolutions pvt ltd.","1","0","78.57","98.21","103.12","12/2026"
"562.","CANDIBIOTIC PLUS EAR DROP","DROP","N26CP017","30049029 (2.5%+2.5%)","millennium medisolutions pvt ltd.","1","0","82.86","103.57","108.75","09/2027"
"563.","CANDICORT DROPS","DROP","ILK013A","3004 (2.5%+2.5%)","gandhi medical hall","1","6","17.00","80.00","84.00","10/2027"
"564.","CANDID B CREAM","OINTMENT","11250699","30049029 (2.5%+2.5%)","millennium medisolutions pvt ltd.","1","0","118.86","162.50","170.63","04/2027"
"565.","CANDID B CREAM","OINTMENT","11250934","30049029 (2.5%+2.5%)","millennium medisolutions pvt ltd.","1","1","124.09","169.64","178.12","05/2027"
"566.","CANDID B CREAM","OINTMENT","11250932","30049029 (2.5%+2.5%)","millennium medisolutions pvt ltd.","1","3","124.00","169.64","178.12","05/2027"
"567.","CANDID CREAM 30 GM","OINTMENT","11240071","30049029 (2.5%+2.5%)","millennium medisolutions pvt ltd.","1","0","65.83","90.00","94.50","12/2026"
"568.","CANDID CREAM 30 GM","OINTMENT","11240089","30049029 (2.5%+2.5%)","millennium medisolutions pvt ltd.","1","0","65.80","90.00","94.50","12/2026"
"569.","CANDID CREAM 30 GM","OINTMENT","11250823","30049029 (2.5%+2.5%)","millennium medisolutions pvt ltd.","1","5","66.93","91.50","96.08","05/2028"
"570.","CANDID EAR DROP","DROP","11250876","30049029 (2.5%+2.5%)","millennium medisolutions pvt ltd.","1","10","80.00","100.00","105.00","08/2027"
"571.","CANDID EAR DROP","DROP","11250875","30049029 (2.5%+2.5%)","millennium medisolutions pvt ltd.","1","0","80.00","100.00","105.00","05/2028"
"572.","CANDID M - PAINT","General","11250331","30049029 (2.5%+2.5%)","millennium medisolutions pvt ltd.","1","0","135.36","169.20","177.66","02/2028"
"573.","CANNULA FIXER","Fixer","EIM-250","30059040 (2.5%+2.5%)","SHREE GOPAL  PHARMACEUTICALS","1","0","3.40","20.95","22.00","05/2030"
"574.","CANNULA FIXER","Fixer","SP-93-AD-12","30059040 (2.5%+2.5%)","nath medicose","1","0","3.80","21.90","23.00","10/2029"
"575.","CANNULA FIXER","Fixer","CF340","30059040 (2.5%+2.5%)","a and a hygien and surgical cre","1","67","4.00","20.95","22.00","10/2028"
"576.","CANNULA FIXER","Fixer","CF285","30059040 (2.5%+2.5%)","a and a hygien and surgical cre","1","0","3.20","21.90","23.00","10/2029"
"577.","CANNULA FIXER","Fixer","125478","30059040 (2.5%+2.5%)","SHREE GOPAL  PHARMACEUTICALS","1","0","3.40","20.95","22.00","10/2030"
"578.","CANNULA FIXER","Fixer","CF-180A19","30059040 (2.5%+2.5%)","nath medicose","1","0","3.80","21.90","23.00","07/2028"
"579.","CAPRIN 5000 IMJ","INJ","IHEPA1502","30049099 (2.5%+2.5%)","BAJAJ MEDICAL AGENCY","1","3","55.00","106.05","111.35","12/2026"
"580.","CARCA 3.125","TAB","N2600058","30049079 (2.5%+2.5%)","millennium medisolutions pvt ltd.","20","3 + {10}","78.78","98.48","103.40","12/2028"
"581.","CARCA 6.25","TAB","N2600059","30049079 (2.5%+2.5%)","millennium medisolutions pvt ltd.","20","2","84.04","105.05","110.30","12/2028"
"582.","CARDIVAS 25","TAB","GTH0904A","30049079 (2.5%+2.5%)","millennium medisolutions pvt ltd.","10","0","186.66","233.33","245.00","02/2028"
"583.","CARIFOD TAB","TAB","LDA24111","3004 (2.5%+2.5%)","SHREE GOPAL  PHARMACEUTICALS","15","1","50.00","190.48","200.00","08/2026"
"584.","CARIVENT TAB","TAB","ONT-556","2106 (2.5%+2.5%)","NEW sai medicose","15","0","77.63","190.48","200.00","07/2026"
"585.","CARNIMAC Q10","TAB","24S3GTA990","30045090 (2.5%+2.5%)","ROHIT PHARMA","10","0","422.86","528.57","555.00","10/2026"
"586.","CARNIMAC Q10","TAB","25S3GTA415","30045090 (2.5%+2.5%)","ROHIT PHARMA","10","0 + {1}","422.86","528.57","555.00","04/2027"
"587.","CARNIMAC Q10","TAB","26S3GTA298","30045090 (2.5%+2.5%)","ROHIT PHARMA","10","5 + {2}","465.13","581.41","610.48","02/2028"
"588.","CARVENT PLUS CAP","CAPs","STP-25320","3004 (2.5%+2.5%)","NEW sai medicose","10","5","12.54","53.33","56.00","11/2027"
"589.","CAVMOX-CV DUOS","TAB","2600443-4","3004 (2.5%+2.5%)","SHREE GOPAL  PHARMACEUTICALS","10","6","99.00","238.10","250.00","01/2028"
"590.","CEDOCLAVE - CV","TAB","BT26034","3004 (2.5%+2.5%)","SKL PHARMA","10","39","150.71","241.07","253.12","09/2027"
"591.","CEFACTIN CV 625","TAB","CT250698","3004 (2.5%+2.5%)","NEW sai medicose","10","3","145.00","264.76","278.00","12/2026"
"592.","CEFASYN 500 TAB","TAB","TAJF5014A","3004 (2.5%+2.5%)","gandhi medical hall","10","0","135.00","285.71","300.00","09/2027"
"593.","CEFBACT -S 1.5 GM","INJ","C5064130","300420 (2.5%+2.5%)","gandhi medical hall","1","1","50.12","106.67","112.00","09/2026"
"594.","CEFBACT 1000 MG","INJ","AFN25045","3004 (2.5%+2.5%)","gandhi medical hall","1","7","21.50","53.33","56.00","07/2027"
"595.","CEFBACT 1000 MG","INJ","AFN25031","300420 (2.5%+2.5%)","gandhi medical hall","1","0","21.55","53.33","56.00","07/2027"
"596.","CEFIX - 200","TAB","CPC25023","3004 (2.5%+2.5%)","gandhi medical hall","10","0","34.00","94.29","99.00","01/2027"
"597.","CEFIX - 200","TAB","TAGO5042A","3004 (2.5%+2.5%)","gandhi medical hall","10","5 + {5}","34.00","91.43","96.00","05/2027"
"598.","CEFIX - 200","TAB","TAGO5003A","3004 (2.5%+2.5%)","NEW sai medicose","10","0","36.97","93.01","97.66","12/2026"
"599.","CEFIX-O TAB","TAB","CPC25056","3004 (2.5%+2.5%)","gandhi medical hall","10","18","67.50","211.43","222.00","03/2027"
"600.","CEFIX-O TAB","TAB","CPC25039","3004 (2.5%+2.5%)","gandhi medical hall","10","0","66.00","106.67","112.00","01/2027"
"601.","CEFLOX - D DROP","DROP","VCLUE-004","3004 (2.5%+2.5%)","NEW sai medicose","1","18","9.50","23.81","25.00","10/2027"
"602.","CEFPER- 500 MG","TAB","CT25467","3004 (2.5%+2.5%)","SHREE GOPAL  PHARMACEUTICALS","10","6 + {8}","144.00","333.33","350.00","11/2027"
"603.","CEFPOGLEN CV 50 DRY SYP","Solution","C4235017","3004 (2.5%+2.5%)","NEW sai medicose","1","5","33.70","62.86","66.00","01/2027"
"604.","CEFRABI - IT","CAPs","AC-26B216","30049099 (2.5%+2.5%)","MAHADEV ENTERPRISES","10","8 + {5}","151.63","189.52","199.00","01/2028"
"605.","CEFRAX CV","TAB","CXV250401","3004 (2.5%+2.5%)","gandhi medical hall","10","7 + {6}","70.00","209.52","220.00","09/2026"
"606.","CEFROTUX 500","TAB","IC25007","3004 (2.5%+2.5%)","gandhi medical hall","10","0","125.00","333.33","350.00","09/2027"
"607.","CEFTAS 100 DS SYP","SYRUP","IHC2528","3004 (2.5%+2.5%)","NEW sai medicose","1","0","33.89","68.57","72.00","03/2027"
"608.","CELOR PLUS","TAB","MOT-0581B","300490 (2.5%+2.5%)","BAJAJ MEDICAL AGENCY","10","0 + {9}","93.57","116.96","122.81","07/2027"
"609.","CEREBROLYSIN SOLU . 10 ML","INJ","F5HY1A","30049099 (2.5%+2.5%)","ANAND MEDICOS","1","3","999.28","1,249.10","1,311.56","08/2030"
"610.","CEROXITUM - 500","TAB","IHE2538","3004 (2.5%+2.5%)","NEW sai medicose","10","1 + {7}","131.10","317.14","333.00","11/2027"
"611.","CETCIP TAB","TAB","5C11307","3004 (2.5%+2.5%)","NEW sai medicose","10","1 + {7}","4.78","10.48","11.00","08/2028"
"612.","CETKEM TAB","TAB","UC-TC26C12","3004 (2.5%+2.5%)","NEW sai medicose","10","2 + {8}","1.20","9.52","10.00","02/2028"
"613.","CHARYFEN - SP","TAB","DEMT-250781A","30049099 (2.5%+2.5%)","SHIV MEDICAL AGENCIES","10","10 + {9}","78.57","104.76","110.00","03/2027"
"614.","CHERICOF COUGH SYP","SYRUP","SXG2070A","30049099 (2.5%+2.5%)","ANAND MEDICOS","1","0","91.92","125.00","131.25","08/2027"
"615.","CHERICOF COUGH SYP","SYRUP","SXG2266B","30049099 (2.5%+2.5%)","millennium medisolutions pvt ltd.","1","1","87.28","125.00","131.25","09/2027"
"616.","CHERICOF COUGH SYP","SYRUP","SXG2319A","30049099 (2.5%+2.5%)","millennium medisolutions pvt ltd.","1","2","100.00","125.00","131.25","09/2027"
"617.","CHESTON COLD","TAB","CND25316","3004 (2.5%+2.5%)","NEW sai medicose","10","1","16.54","33.33","35.00","05/2027"
"618.","CHESTON COLD","TAB","CND25608","3004 (2.5%+2.5%)","NEW sai medicose","10","5","17.75","47.62","50.00","11/2027"
"619.","CHOLTRAN SACHETS","Sachet","AFCH2522","30049079 (2.5%+2.5%)","BAJAJ MEDICAL AGENCY","1","9","72.38","90.48","95.00","09/2028"
"620.","CHYMOFORCE FORT","TAB","AGT60449","3004 (2.5%+2.5%)","gandhi medical hall","20","4 + {13}","42.00","238.10","250.00","03/2028"
"621.","CHYMOFORCE FORT","TAB","AGT512112A","3004 (2.5%+2.5%)","gandhi medical hall","20","1 + {8}","38.40","378.10","397.00","11/2027"
"622.","CHYMORAL - AP","TAB","26S2GTA005","30049084 (2.5%+2.5%)","millennium medisolutions pvt ltd.","10","0 + {2}","142.71","178.39","187.31","12/2027"
"623.","CHYMORAL FORTE","TAB","2KU6M044","30049084 (2.5%+2.5%)","ANAND MEDICOS","20","0","356.42","445.52","467.80","10/2028"
"624.","CHYMORAL FORTE","TAB","2KU6N002","30049084 (2.5%+2.5%)","millennium medisolutions pvt ltd.","20","0","391.71","489.64","514.12","12/2028"
"625.","CHYMORAL FORTE","TAB","WBA9F004","30049084 (2.5%+2.5%)","millennium medisolutions pvt ltd.","20","1 + {15}","391.71","489.64","514.12","11/2028"
"626.","CHYMORAL FORTE","TAB","2KU6M036","30049084 (2.5%+2.5%)","ANAND MEDICOS","20","0","356.49","445.52","467.80","08/2028"
"627.","CHYMORAL FORTE","TAB","2KU6M036","30049084 (2.5%+2.5%)","millennium medisolutions pvt ltd.","20","0","356.42","445.52","467.80","08/2028"
"628.","CHYMORAL FORTE","TAB","BYL05AAB","30049084 (2.5%+2.5%)","millennium medisolutions pvt ltd.","20","2","391.71","489.64","514.12","02/2029"
"629.","CHYMORAL PLUS","TAB","WBB2F014","30049084 (2.5%+2.5%)","OM MEDICAL HALL","15","0","172.50","213.49","224.16","03/2027"
"630.","CHYMORAL PLUS","TAB","WBB2F024","30049084 (2.5%+2.5%)","OM MEDICAL HALL","15","0 + {1}","189.57","234.62","246.35","09/2027"
"631.","CHYMORAL PLUS","TAB","WBB2F019","30049084 (2.5%+2.5%)","millennium medisolutions pvt ltd.","15","0 + {13}","187.70","213.48","224.15","06/2027"
"632.","CHYMORAL PLUS","TAB","WBB2F026","30049084 (2.5%+2.5%)","millennium medisolutions pvt ltd.","15","1 + {12}","187.70","234.62","246.35","10/2027"
"633.","CHYMOZIN - FORTE","TAB","LTA-47811A","30049099 (2.5%+2.5%)","gandhi medical hall","10","0 + {7}","139.23","174.10","182.81","03/2027"
"634.","CHYMOZIN - FORTE","TAB","LTA-47811A","30049099 (2.5%+2.5%)","DEEP SHREE PHARMACEUTICALS","10","0","116.95","174.10","182.81","03/2027"
"635.","CILAROL 10 MG","TAB","GD135017","3 (2.5%+2.5%)","NEW sai medicose","10","1 + {4}","12.50","84.76","89.00","07/2027"
"636.","CILINBLU-T","TAB","ZABU2529","30049099 (2.5%+2.5%)","millennium medisolutions pvt ltd.","15","0","56.43","70.53","74.06","11/2027"
"637.","CILINBLU-T","TAB","ZABU2603","30049099 (2.5%+2.5%)","millennium medisolutions pvt ltd.","15","0 + {2}","56.43","70.53","74.06","12/2027"
"638.","CILINIBLU-T","TAB","ZABU2609","30049099 (2.5%+2.5%)","millennium medisolutions pvt ltd.","15","0 + {11}","61.71","77.14","81.00","02/2028"
"639.","CILNIBLU-10","TAB","CBT2601","30049099 (2.5%+2.5%)","millennium medisolutions pvt ltd.","15","1","44.57","55.71","58.50","12/2027"
"640.","CILNIBLU-10","TAB","CBT2505","30049099 (2.5%+2.5%)","millennium medisolutions pvt ltd.","15","0","40.71","50.89","53.43","08/2027"
"641.","CILNIBLU-10","TAB","CBT2509","30049099 (2.5%+2.5%)","millennium medisolutions pvt ltd.","15","1 + {12}","40.71","50.89","53.43","11/2027"
"642.","CILNIBLU-10","TAB","CBT2501","30049099 (2.5%+2.5%)","millennium medisolutions pvt ltd.","15","0","40.71","50.89","53.43","08/2027"
"643.","CILOFLOX - 500","TAB","LV255FL-545","3004 (2.5%+2.5%)","NEW sai medicose","10","3","26.00","44.76","47.00","05/2027"
"644.","CILOFLOX - TZ","TAB","PGT25-1361A","3004 (2.5%+2.5%)","NEW sai medicose","10","24","31.25","84.76","89.00","05/2027"
"645.","CINIRONE 25 MG","TAB","SPA251192","3004 (2.5%+2.5%)","NEW sai medicose","10","1 + {8}","6.20","84.76","89.00","05/2027"
"646.","CIPBID 500 MG","TAB","SPA243297","3004 (2.5%+2.5%)","NEW sai medicose","10","0 + {6}","13.00","45.22","47.48","10/2026"
"647.","CIPCAL 500","TAB","AMQ595AJA","30045090 (2.5%+2.5%)","PRAKASH PHARMA","15","40 + {13}","15.50","52.38","55.00","05/2027"
"648.","CIPCAL D3 CAP","CAPs","AMQ01CNB","3004 (2.5%+2.5%)","SHREE GOPAL  PHARMACEUTICALS","1","20","6.25","20.95","22.00","12/2027"
"649.","CIPCAL D3 SACHETS  1GM","Sachet","CAG25023","30045036 (2.5%+2.5%)","PRAKASH MEDICOS","1","27","8.45","21.90","23.00","04/2027"
"650.","CIPLADINE 5%","Solution","N0250712","300490 (2.5%+2.5%)","gandhi medical hall","1","2","32.12","46.66","48.99","08/2028"
"651.","CIPLADINE GARGLE","Solution","N00250425","300490 (2.5%+2.5%)","gandhi medical hall","1","0","45.05","106.67","112.00","10/2026"
"652.","CIPLAR - 10 MG","TAB","6SB0209","30049074 (2.5%+2.5%)","gandhi medical hall","15","1","16.07","20.09","21.09","02/2029"
"653.","CIPLAR - 10 MG","TAB","6SB0208","30049074 (2.5%+2.5%)","millennium medisolutions pvt ltd.","15","2","15.95","19.94","20.94","02/2029"
"654.","CIPLAR - LA 40 MG","TAB","5SB0618","30049074 (2.5%+2.5%)","millennium medisolutions pvt ltd.","15","4","93.93","117.41","123.28","06/2027"
"655.","CIPLAR -40MG","TAB","5SB0526","3004 (2.5%+2.5%)","NEW sai medicose","10","0","39.35","49.19","51.65","5/2028"
"656.","CIPLAR -40MG","TAB","6SB0142","30049074 (2.5%+2.5%)","millennium medisolutions pvt ltd.","10","2","39.25","49.19","51.65","01/2029"
"657.","CIPLAR -40MG","TAB","5SB0526","30049074 (2.5%+2.5%)","GUPTA MEDICAL HALL","10","1 + {3}","39.35","49.19","51.65","05/2028"
"658.","CIPLAR -LA 20","TAB","6SB0067","30049074 (2.5%+2.5%)","HEMANT MEDICAL AGENCIES","15","0 + {1}","49.03","61.29","64.35","01/2028"
"659.","CIPLAR -LA 20","TAB","6SB0283","30049074 (2.5%+2.5%)","millennium medisolutions pvt ltd.","15","2 + {6}","49.03","61.29","64.35","03/2028"
"660.","CIPLAR -LA 20","TAB","6SB0067","30049074 (2.5%+2.5%)","millennium medisolutions pvt ltd.","15","3","49.03","61.29","64.35","01/2028"
"661.","CIPLAR -LA 20","TAB","5SB0936","30049074 (2.5%+2.5%)","millennium medisolutions pvt ltd.","15","1","49.03","61.29","64.35","11/2027"
"662.","CIPLAR -LA 20","TAB","5SB0729","30049074 (2.5%+2.5%)","GUPTA MEDICAL HALL","15","0 + {11}","49.03","61.29","64.35","07/2027"
"663.","CIPLAR -LA 20","TAB","5SB0677","30049074 (2.5%+2.5%)","millennium medisolutions pvt ltd.","15","0","49.03","61.29","64.35","07/2027"
"664.","CIPLAR PLUS 10 MG","TAB","AMO06AEA","30049079 (2.5%+2.5%)","HEMANT MEDICAL AGENCIES","10","0 + {6}","84.32","105.40","110.67","11/2027"
"665.","CIPLAR PLUS 10 MG","TAB","AMO02AEB","30049079 (2.5%+2.5%)","gandhi medical hall","10","5","92.75","115.93","121.73","03/2028"
"666.","CIPLAR PLUS 10 MG","TAB","AMO04AEA","30049079 (2.5%+2.5%)","GUPTA MEDICAL HALL","10","1 + {1}","84.32","105.40","110.67","08/2027"
"667.","CIPLAR PLUS 5 MG","TAB","AMO01AWA","30049079 (2.5%+2.5%)","GUPTA MEDICAL HALL","10","5 + {6}","61.82","77.28","81.14","08/2027"
"668.","CIPLOX - D EYE DROP","DROP","5A00349","30042013 (2.5%+2.5%)","OM MEDICAL HALL","1","0","19.11","26.07","27.37","12/2027"
"669.","CIPLOX - D EYE DROP","DROP","6A40012","30042013 (2.5%+2.5%)","millennium medisolutions pvt ltd.","1","0","21.72","28.67","30.10","12/2027"
"670.","CIPLOX - D EYE DROP","DROP","5A00350","30042013 (2.5%+2.5%)","SHREE GOPAL  PHARMACEUTICALS","1","0","20.85","26.07","27.37","12/2027"
"671.","CIPLOX - D EYE DROP","DROP","5A00082","30042013 (2.5%+2.5%)","millennium medisolutions pvt ltd.","1","0","19.76","26.08","27.38","07/2027"
"672.","CIPLOX - D EYE DROP","DROP","5A40506","30042013 (2.5%+2.5%)","OM MEDICAL HALL","1","1","20.85","26.07","27.37","10/2027"
"673.","CIPLOX - D EYE DROP","DROP","5A00349","30042013 (2.5%+2.5%)","BHARAT MEDICAL HALL","1","0","19.97","26.07","27.37","12/2027"
"674.","CIPLOX - D EYE DROP","DROP","6A40016","30042013 (2.5%+2.5%)","millennium medisolutions pvt ltd.","1","6","21.73","28.67","30.10","12/2027"
"675.","CIPLOX EYE DROP","DROP","5T00305","3004 (2.5%+2.5%)","NEW sai medicose","1","0","11.43","15.70","16.48","09/2027"
"676.","CIPLOX EYE DROP","DROP","5T00275","30042013 (2.5%+2.5%)","millennium medisolutions pvt ltd.","1","7","12.56","15.70","16.48","07/2027"
"677.","CIPRODEC - 500","TAB","JKBD26005","3004 (2.5%+2.5%)","NEW sai medicose","10","27","17.90","42.86","45.00","12/2028"
"678.","CIPRODEC - 500","TAB","JKBD26011","3004 (2.5%+2.5%)","NEW sai medicose","10","2 + {4}","17.90","40.95","43.00","12/2028"
"679.","CIPRODEC - 500","TAB","JKBD25103","3004 (2.5%+2.5%)","NEW sai medicose","10","3","18.50","42.86","45.00","11/2028"
"680.","CIPRODEC - 500","TAB","JKBD25083","3004 (2.5%+2.5%)","NEW sai medicose","10","0","17.90","42.86","45.00","09/2028"
"681.","CIPROKEM I.V 100 ML","Bottle","25441698","3004 (2.5%+2.5%)","SHREE GOPAL  PHARMACEUTICALS","1","0","15.60","20.95","22.00","04/2027"
"682.","CIPROKEM I.V 100 ML","Bottle","25442611","3004 (2.5%+2.5%)","SHREE GOPAL  PHARMACEUTICALS","1","2","15.60","20.95","22.00","06/2027"
"683.","CIPROKEM I.V 100 ML","Bottle","26440486","3004 (2.5%+2.5%)","SHREE GOPAL  PHARMACEUTICALS","1","6","15.60","20.00","21.00","01/2028"
"684.","CITCOLINE - P","TAB","FT5169","30049099 (2.5%+2.5%)","DEEP SHREE PHARMACEUTICALS","10","0","464.10","580.36","609.38","05/2027"
"685.","CITCOLINE - P","TAB","FT5169","30049099 (2.5%+2.5%)","gandhi medical hall","10","10 + {44}","465.00","580.36","609.38","05/2027"
"686.","CITICAD TAB","TAB","GPL0400","3004 (2.5%+2.5%)","NEW sai medicose","10","4 + {10}","1.99","17.50","18.37","05/2029"
"687.","CITIMAC -P TAB","TAB","18254059A","30049099 (2.5%+2.5%)","ROHIT PHARMA","10","0","525.35","783.74","822.93","09/2027"
"688.","CITIMAC -P TAB","TAB","18260157A","30049099 (2.5%+2.5%)","ROHIT PHARMA","10","0 + {5}","525.35","783.74","822.93","12/2027"
"689.","CITIMAC -P TAB","TAB","18253017A","30049099 (2.5%+2.5%)","millennium medisolutions pvt ltd.","10","0","626.99","783.74","822.93","06/2027"
"690.","CITIMAC -P TAB","TAB","18253017A","30049099 (2.5%+2.5%)","ROHIT PHARMA","10","0 + {9}","525.35","783.74","822.93","06/2027"
"691.","CITRALKA SYP","SYRUP","25090530","30042019 (2.5%+2.5%)","millennium medisolutions pvt ltd.","1","1","99.36","124.21","130.42","05/2027"
"692.","CITRIDE 500 MG","TAB","IE434004","3004 (2.5%+2.5%)","NEW sai medicose","10","3 + {1}","108.00","318.10","334.00","08/2027"
"693.","CITROJ D3 CAP","CAPs","JSD25J17B","300490 (2.5%+2.5%)","GUPTA MEDICAL HALL","8","12 + {8}","183.92","216.08","226.88","03/2027"
"694.","CITROJ MAX CAP","CAPs","JSD25E03A","300490 (2.5%+2.5%)","GUPTA MEDICAL HALL","10","0","195.32","229.47","240.94","10/2026"
"695.","CITROJ MAX CAP","CAPs","JSD25104B","300490 (2.5%+2.5%)","GUPTA MEDICAL HALL","10","14","195.32","229.47","240.94","02/2027"
"696.","CIVONO 20 MG","TAB","CVN250201","30049039 (2.5%+2.5%)","VAMGUN HEALTHCARE","10","0 + {1}","121.42","161.90","170.00","01/2027"
"697.","CLAIFOD 500 MG","TAB","KTT250226","30042062 (2.5%+2.5%)","PRAKASH MEDICOS","10","4 + {7}","169.95","268.57","282.00","01/2027"
"698.","CLARIBID 250","TAB","VLA25001","15042090 (2.5%+2.5%)","millennium medisolutions pvt ltd.","10","0","195.82","244.78","257.02","06/2027"
"699.","CLARIBID 250","TAB","CLA25003","15042090 (2.5%+2.5%)","millennium medisolutions pvt ltd.","10","0 + {2}","195.82","244.78","257.02","07/2027"
"700.","CLARIBID 250","TAB","CLA25001","15042090 (2.5%+2.5%)","millennium medisolutions pvt ltd.","10","0","195.82","244.78","257.02","06/2027"
"701.","CLARIBID 500 TAB","TAB","CLB25012","15042090 (2.5%+2.5%)","","10","0","324.24","405.30","425.56","05/2027"
"702.","CLARIBID 500 TAB","TAB","CLB25012","15042090 (2.5%+2.5%)","millennium medisolutions pvt ltd.","10","0","297.68","405.30","425.56","05/2027"
"703.","CLARIBID 500 TAB","TAB","CLB25014","15042090 (2.5%+2.5%)","millennium medisolutions pvt ltd.","10","0 + {2}","324.24","405.30","425.56","10/2027"
"704.","CLARIBID 500 TAB","TAB","CLB25015","15042090 (2.5%+2.5%)","millennium medisolutions pvt ltd.","10","2","324.24","405.30","425.56","10/2027"
"705.","CLARIVENT - 250 MG","TAB","GF405001","3004 (2.5%+2.5%)","NEW sai medicose","10","0 + {6}","105.00","214.29","225.00","03/2027"
"706.","CLARIVENT - 500","TAB","GF415002","3004 (2.5%+2.5%)","NEW sai medicose","10","0 + {6}","190.80","264.76","278.00","03/2027"
"707.","CLAVEBID 1.2 GM INJ","INJ","25DH05J","30041090 (2.5%+2.5%)","GOEL MEDICOS","1","2","40.00","140.18","147.19","01/2027"
"708.","CLAVMENTIN DUO SYP","SYRUP","WRR25068","3004 (2.5%+2.5%)","OM MEDICAL HALL","1","5","26.00","64.76","68.00","09/2027"
"709.","CLEAN AID 100 ML","General","77","2905 (9%+9%)","nath medicose","1","12","17.00","29.66","35.00","12/2028"
"710.","CLEAN AID 4.5 L","Solution","77","29051220 (9%+9%)","nath medicose","1","1","420.00","364.41","430.00","10/2032"
"711.","CLEAN AID 4.5 L","Solution","31","29051220 (9%+9%)","nath medicose","1","1","390.00","500.00","590.00","06/2028"
"712.","CLEAN AID 4.5 L","Solution","64","29051220 (9%+9%)","a and a hygien and surgical cre","1","1","400.00","423.73","500.00","01/2029"
"713.","CLEARWAX EAR","DROP","N25V9079","30049099 (2.5%+2.5%)","SHREE GOPAL  PHARMACEUTICALS","1","11","28.30","63.81","67.00","11/2027"
"714.","CLEARWAX EAR","DROP","N25V9051","30049099 (2.5%+2.5%)","gandhi medical hall","1","20","26.50","57.14","60.00","05/2027"
"715.","CLEARWAX EAR","DROP","N25V9075","30049099 (2.5%+2.5%)","PRAKASH MEDICOS","1","22","27.50","63.81","67.00","10/2027"
"716.","CLEARWAX EAR","DROP","N25V9080","30049099 (2.5%+2.5%)","NEW sai medicose","1","0","24.75","52.38","55.00","11/2027"
"717.","CLEARWAX EAR","DROP","N25V9057","30049099 (2.5%+2.5%)","PRAKASH PHARMA","1","0","22.55","63.81","67.00","08/2027"
"718.","CLINITUS -300","CAPs","LGP10/100/17","3004 (2.5%+2.5%)","NEW sai medicose","10","0","55.00","127.62","134.00","09/2027"
"719.","CLINITUS -300","CAPs","LGP06/236/07","3004 (2.5%+2.5%)","NEW sai medicose","10","1 + {7}","55.00","106.67","112.00","05/2027"
"720.","CLINITUS -300","CAPs","LGP12/247/06","3004 (2.5%+2.5%)","NEW sai medicose","10","2","55.00","106.67","112.00","11/2027"
"721.","CLOBA 10 MG","TAB","V2600219","30049082 (2.5%+2.5%)","millennium medisolutions pvt ltd.","15","1","120.96","151.20","158.76","04/2029"
"722.","CLOBA 10 MG","TAB","V2600219","30049082 (2.5%+2.5%)","HEMANT MEDICAL AGENCIES","15","0","120.96","151.20","158.76","04/2029"
"723.","CLOBA 10 MG","TAB","V2600297","30049082 (2.5%+2.5%)","millennium medisolutions pvt ltd.","15","1","120.96","151.20","158.76","05/2029"
"724.","CLOBA 10 MJG","TAB","N2503124","30049082 (2.5%+2.5%)","millennium medisolutions pvt ltd.","15","0 + {8}","120.12","150.15","157.66","08/2028"
"725.","CLOBA 5 MG","TAB","V2600215","15042090 (2.5%+2.5%)","millennium medisolutions pvt ltd.","15","2","70.44","88.05","92.45","04/2029"
"726.","CLOBA 5 MG","TAB","N2503778","15042090 (2.5%+2.5%)","millennium medisolutions pvt ltd.","15","0","69.96","87.45","91.82","10/2028"
"727.","CLOBA 5 MG","TAB","V2600007","15042090 (2.5%+2.5%)","millennium medisolutions pvt ltd.","15","4","69.96","87.45","91.82","12/2028"
"728.","CLOBA 5 MG","TAB","N2503123","15042090 (2.5%+2.5%)","millennium medisolutions pvt ltd.","15","0","69.96","87.45","91.82","08/2028"
"729.","CLOBA 5 MG","TAB","V2600118","15042090 (2.5%+2.5%)","millennium medisolutions pvt ltd.","15","4","69.96","87.45","91.82","02/2029"
"730.","CLOBEVENT GM","OINTMENT","50148","3004 (2.5%+2.5%)","NEW sai medicose","1","0","21.00","53.33","56.00","04/2027"
"731.","CLOHEX ORAL (RED)","Solution","BCX25055","30049087 (2.5%+2.5%)","millennium medisolutions pvt ltd.","1","0","141.06","187.62","197.00","08/2027"
"732.","CLOP - G","OINTMENT","IB00747A","30049087 (2.5%+2.5%)","millennium medisolutions pvt ltd.","1","0","33.81","42.23","44.34","02/2028"
"733.","CLOP - G","OINTMENT","IB01231A","30049087 (2.5%+2.5%)","ROHIT PHARMA","1","1","33.81","42.26","44.37","04/2028"
"734.","CLOP - G","OINTMENT","IB00349A","30049087 (2.5%+2.5%)","millennium medisolutions pvt ltd.","1","2","33.81","42.26","44.37","01/2028"
"735.","CLOPIVAS  AP 150","TAB","4EC0561","30049099 (2.5%+2.5%)","millennium medisolutions pvt ltd.","15","1","74.64","99.52","104.50","05/2026"
"736.","CLOPIVAS  AP 75","TAB","5EC0775","30049099 (2.5%+2.5%)","GUPTA MEDICAL HALL","15","3","89.53","111.91","117.51","08/2027"
"737.","CLOPIVAS  AP 75","TAB","5EC0600","30049099 (2.5%+2.5%)","millennium medisolutions pvt ltd.","15","0","81.40","111.92","117.52","05/2027"
"738.","CLOPIVAS 75 MG","TAB","5SN1990","30049099 (2.5%+2.5%)","GUPTA MEDICAL HALL","15","1","76.73","95.92","100.72","08/2027"
"739.","CLOPIVAS 75 MG","TAB","6SN0412","30049099 (2.5%+2.5%)","HEMANT MEDICAL AGENCIES","15","1","76.74","95.92","100.72","01/2028"
"740.","CLOPIVAS 75 MG","TAB","5SN1466","30049099 (2.5%+2.5%)","millennium medisolutions pvt ltd.","15","0","76.74","95.92","100.72","06/2027"
"741.","CLOPIVAS AP 150","TAB","5EC0954","30049099 (2.5%+2.5%)","millennium medisolutions pvt ltd.","15","1","82.10","102.63","107.76","09/2027"
"742.","COBALINOD - FORTE","TAB","MT-012694A","30049099 (2.5%+2.5%)","ALISIER DRUGS PVT . LTD","10","70 + {6}","28.00","106.67","112.00","12/2027"
"743.","COFSILS LONZUS","General","5M60262","3004 (2.5%+2.5%)","NEW sai medicose","1","5","1.98","3.62","3.80","08/2028"
"744.","COLIGUT - 400","TAB","IA844002","3004 (2.5%+2.5%)","NEW sai medicose","10","0 + {4}","149.50","285.71","300.00","10/2026"
"745.","COLIGYL 4.5 INJ","INJ","A3MTY004","30049099 (2.5%+2.5%)","BAJAJ MEDICAL AGENCY","1","5","500.00","1,666.67","1,750.00","08/2027"
"746.","COLIKEM D INJ","INJ","SGCOL26001","3004 (2.5%+2.5%)","NEW sai medicose","1","4","5.46","23.57","24.75","12/2027"
"747.","COLLAROSE","TAB","TMY303","21069099 (2.5%+2.5%)","SARASWATI MEDICAL AGENCY","10","0","194.17","295.24","310.00","10/2026"
"748.","COLLAROSE","TAB","TDM-061","21069099 (2.5%+2.5%)","SARASWATI MEDICAL AGENCY","10","0 + {2}","231.16","333.33","350.00","05/2027"
"749.","COLLAROSE","TAB","TAP-300","21069099 (2.5%+2.5%)","SARASWATI MEDICAL AGENCY","10","4 + {12}","266.66","333.33","350.00","09/2027"
"750.","COLLAROSE","TAB","TJN-135","21069099 (2.5%+2.5%)","SARASWATI MEDICAL AGENCY","10","3","237.00","333.33","350.00","11/2026"
"751.","COLOSPA X","TAB","MPL0076","30049099 (2.5%+2.5%)","millennium medisolutions pvt ltd.","20","1 + {15}","318.99","398.74","418.68","07/2027"
"752.","COMBIFLAM","TAB","5GCH642","3004 (2.5%+2.5%)","NEW sai medicose","20","1 + {3}","43.77","54.71","57.45","10/2027"
"753.","COMBIFLAM","TAB","21025076","3004 (2.5%+2.5%)","NEW sai medicose","20","0","43.77","54.71","57.45","09/2027"
"754.","COMING - 250","TAB","HPCR5011","30049069 (2.5%+2.5%)","GUPTA MEDICAL HALL","10","1 + {9}","53.57","66.96","70.31","07/2027"
"755.","COMING -500","TAB","HQCR6001","30049069 (2.5%+2.5%)","GUPTA MEDICAL HALL","10","0 + {1}","71.43","89.29","93.75","12/2027"
"756.","COMING -500","TAB","HQCR5004","30049069 (2.5%+2.5%)","GUPTA MEDICAL HALL","10","0","71.43","89.29","93.75","03/2027"
"757.","COMING PRO","TAB","FTB26098","21069099 (2.5%+2.5%)","GUPTA MEDICAL HALL","10","5","266.66","333.33","350.00","11/2027"
"758.","CONCOR - T 2.5","TAB","M30RH26012","30049079 (2.5%+2.5%)","SHIV PHARMA TRADERS","10","44","116.13","145.17","152.43","02/2028"
"759.","CONCOR - T 2.5","TAB","M30RH26014","30049079 (2.5%+2.5%)","SHIV PHARMA TRADERS","10","11","106.41","145.17","152.43","02/2028"
"760.","CONCOR - T 2.5","TAB","M30RH26009","30049079 (2.5%+2.5%)","SHIV PHARMA TRADERS","10","22","116.13","145.17","152.43","02/2028"
"761.","CONCOR - T 5","TAB","M3RF26022","30049079 (2.5%+2.5%)","SHIV PHARMA TRADERS","10","11","122.00","166.43","174.75","04/2028"
"762.","CONCOR - T 5","TAB","M30RF26004","30049079 (2.5%+2.5%)","SHIV PHARMA TRADERS","10","22","133.14","166.43","174.75","01/2028"
"763.","CORCIUM  XT","TAB","013E25RB","30049099 (2.5%+2.5%)","millennium medisolutions pvt ltd.","15","2","254.55","318.19","334.10","04/2027"
"764.","COTLIN - 100 INJ","INJ","D0912610B","30043200 (2.5%+2.5%)","mohinder pharma","1","40","16.00","45.87","48.16","10/2027"
"765.","COTTEN 200 GM","General","03","5601 (2.5%+2.5%)","a and a hygien and surgical cre","1","0","28.00","71.43","75.00","10/2030"
"766.","COTTEN 200 GM","General","03","5601 (2.5%+2.5%)","nath medicose","1","4","28.00","62.86","66.00","03/2028"
"767.","COTTEN 200 GM","General","301","5601 (2.5%+2.5%)","a and a hygien and surgical cre","1","10","28.00","57.14","60.00","10/2028"
"768.","COTTEN 500 GM","General","003","5601 (2.5%+2.5%)","nath medicose","1","0","70.00","106.67","112.00","10/2031"
"769.","COTTEN 500 GM","General","150","5601 (2.5%+2.5%)","a and a hygien and surgical cre","1","16","65.00","106.67","112.00","10/2029"
"770.","COTTEN 70 GM","General","04","5601 (2.5%+2.5%)","a and a hygien and surgical cre","1","30","13.00","21.90","23.00","10/2030"
"771.","COTTON 500 GM","General","202S105","3923 (9%+9%)","a and a hygien and surgical cre","1","4","65.00","131.36","155.00","10/2029"
"772.","COZY PLUS","TAB","GFC24024A","30049093 (2.5%+2.5%)","PASRIJA MEDICALS","10","0","40.87","54.08","56.78","09/2026"
"773.","COZY PLUS","TAB","GFC26003","30049093 (2.5%+2.5%)","PASRIJA MEDICALS","10","13 + {8}","31.45","49.74","52.23","12/2027"
"774.","CPAP FUL FACE MASK (VENTED)","General","1275072025","90192090 (2.5%+2.5%)","SELF","1","1","830.00","3,952.38","4,150.00","06/2030"
"775.","CPRESSIN - P INJ","INJ","IVPNA1509","30043911 (2.5%+2.5%)","BAJAJ MEDICAL AGENCY","1","9","146.40","210.86","221.40","06/2027"
"776.","CRANN - D","TAB","RPG25176","21069099 (2.5%+2.5%)","millennium medisolutions pvt ltd.","10","0 + {5}","169.49","211.87","222.46","11/2027"
"777.","CRANN - D","TAB","RPG25138","21069099 (2.5%+2.5%)","millennium medisolutions pvt ltd.","10","0 + {5}","169.49","211.87","222.46","10/2027"
"778.","CRANN - D","TAB","RPG2596","21069099 (2.5%+2.5%)","millennium medisolutions pvt ltd.","10","1","169.49","211.87","222.46","08/2027"
"779.","CRANN - D","TAB","RPG25176","21069099 (2.5%+2.5%)","R.K. MEDICINE TRADERS","10","7","169.49","211.86","222.45","11/2027"
"780.","CRAPE BANDAGE 4 INCH","Bandage","0019","3005 (2.5%+2.5%)","nath medicose","1","2","35.00","73.33","77.00","06/2028"
"781.","CRAPE BANDAGE 6 INCH","Bandage","128","3005 (2.5%+2.5%)","a and a hygien and surgical cre","1","9","48.00","106.67","112.00","10/2030"
"782.","CREMAFFIN MINT SYP","SYRUP","782507D7","30049032 (2.5%+2.5%)","millennium medisolutions pvt ltd.","1","3","220.67","275.84","289.63","05/2028"
"783.","CREMAFIN PLUS SYP","SYRUP","257.36","3004 (2.5%+2.5%)","NEW sai medicose","1","1","257.36","321.72","337.81","08/2028"
"784.","CREON 10000","CAPs","CNA25012","30049069 (2.5%+2.5%)","millennium medisolutions pvt ltd.","15","1 + {4}","626.05","782.56","821.69","07/2027"
"785.","CROCIN 120 MG SYP","SYRUP","NE25009","30049069 (2.5%+2.5%)","HEMANT MEDICAL AGENCIES","1","5","31.00","37.20","39.06","10/2027"
"786.","CSC COD LIVER CAPS","CAPs","MF25220I","21069099 (2.5%+2.5%)","NEW sai medicose","1","0","149.50","287.62","302.00","02/2027"
"787.","CUF- FREE SYP","SYRUP","QL25688C","300490 (2.5%+2.5%)","DEEP SHREE PHARMACEUTICALS","1","0","129.51","161.90","170.00","11/2027"
"788.","CUREVIT-K INJ","INJ","CK-1673","3004 (2.5%+2.5%)","OM MEDICAL HALL","1","8","4.60","33.33","35.00","02/2027"
"789.","CVC TRIPLE 4.5 NO. CENTRE LINE","General","CNT2023-52M","90183990 (2.5%+2.5%)","a and a hygien and surgical cre","1","4","850.00","2,380.95","2,500.00","11/2027"
"790.","CYMAX - O","TAB","MOB-008","30042019 (2.5%+2.5%)","BAJAJ MEDICAL AGENCY","10","14 + {7}","159.22","199.02","208.97","06/2027"
"791.","CYMAX- 200 LB","TAB","MOB-015","30042019 (2.5%+2.5%)","BAJAJ MEDICAL AGENCY","10","6","85.64","107.06","112.41","10/2027"
"792.","CYMAX- 200 LB","TAB","MOB-018","30042019 (2.5%+2.5%)","BAJAJ MEDICAL AGENCY","10","13 + {6}","85.64","107.06","112.41","11/2027"
"793.","CYPON","SYRUP","GC045051","3004 (2.5%+2.5%)","NEW sai medicose","1","1","106.45","141.90","149.00","03/2028"
"794.","CYRA - 40","TAB","CHF18","30049039 (2.5%+2.5%)","millennium medisolutions pvt ltd.","10","0 + {8}","42.86","53.57","56.25","09/2027"
"795.","CYRA - D","CAPs","3CD1140","30049039 (2.5%+2.5%)","HEMANT MEDICAL AGENCIES","10","0","36.43","45.53","47.81","09/2027"
"796.","CYRA - D","CAPs","3CD1194","30049039 (2.5%+2.5%)","HEMANT MEDICAL AGENCIES","10","0","36.43","45.53","47.81","11/2027"
"797.","CYRA - D","CAPs","3CD1192","30049039 (2.5%+2.5%)","millennium medisolutions pvt ltd.","10","0","36.43","45.53","47.81","11/2027"
"798.","CYRA - D","CAPs","3CD1162","30049039 (2.5%+2.5%)","HEMANT MEDICAL AGENCIES","10","0","36.43","45.53","47.81","10/2027"
"799.","CYRA - D","CAPs","3CD1117","30049039 (2.5%+2.5%)","HEMANT MEDICAL AGENCIES","10","0","36.45","45.53","47.81","08/2027"
"800.","CYRA - D","CAPs","3CD1145","30049039 (2.5%+2.5%)","sanghi pharma","10","0","36.43","45.53","47.81","09/2027"
"801.","CYRA - D","CAPs","3CD1086","30049039 (2.5%+2.5%)","sanghi pharma","10","0","36.43","45.53","47.81","07/2027"
"802.","CYRA - D","CAPs","3CD1117","30049039 (2.5%+2.5%)","sanghi pharma","10","0","36.43","45.53","47.81","08/2027"
"803.","CYRA - D","CAPs","3CD1136","30049039 (2.5%+2.5%)","sanghi pharma","10","0","36.43","45.53","47.81","09/2027"
"804.","CYRA - D","CAPs","3CD1192","30049039 (2.5%+2.5%)","SHREE GOPAL  PHARMACEUTICALS","10","0","36.42","45.53","47.81","11/2027"
"805.","CYRA - D","CAPs","3CD1221","30049039 (2.5%+2.5%)","SHREE GOPAL  PHARMACEUTICALS","10","0","38.85","48.57","51.00","12/2027"
"806.","CYRA - D","CAPs","3CD1159","30049039 (2.5%+2.5%)","HEMANT MEDICAL AGENCIES","10","0","36.43","45.53","47.81","10/2027"
"807.","CYRA - D","CAPs","3CD1198","30049039 (2.5%+2.5%)","millennium medisolutions pvt ltd.","10","7 + {7}","36.43","45.53","47.81","11/2027"
"808.","CYRA - D 40","CAPs","CD2001","30049039 (2.5%+2.5%)","millennium medisolutions pvt ltd.","10","0","56.43","70.53","74.06","12/2026"
"809.","CYRA - D 40","CAPs","CD002","30049039 (2.5%+2.5%)","millennium medisolutions pvt ltd.","10","0","56.43","70.53","74.06","12/2026"
"810.","CYRA - D 40","CAPs","CD003","30049039 (2.5%+2.5%)","millennium medisolutions pvt ltd.","10","0","56.43","70.53","74.06","04/2027"
"811.","CYRA - D 40","CAPs","CD2002","30049039 (2.5%+2.5%)","millennium medisolutions pvt ltd.","10","0","56.43","70.53","74.06","12/2026"
"812.","CYRA - D 40","CAPs","CD2004","30049039 (2.5%+2.5%)","millennium medisolutions pvt ltd.","10","0","56.43","70.53","74.06","04/2027"
"813.","CYRA - D 40","CAPs","CD2002","30049039 (2.5%+2.5%)","HEMANT MEDICAL AGENCIES","10","0","56.43","70.53","74.06","12/2026"
"814.","CYRA - D 40","CAPs","CD2007","30049039 (2.5%+2.5%)","HEMANT MEDICAL AGENCIES","10","8 + {8}","56.42","70.52","74.05","12/2027"
"815.","CYRA - LS","CAPs","SCL567","30049039 (2.5%+2.5%)","SHREE GOPAL  PHARMACEUTICALS","10","0 + {1}","89.28","111.60","117.18","10/2027"
"816.","CYRA - LS","CAPs","SCL566","30049039 (2.5%+2.5%)","millennium medisolutions pvt ltd.","10","1 + {4}","89.28","111.61","117.19","10/2027"
"817.","CYRA - LS","CAPs","SCL564","30049039 (2.5%+2.5%)","HEMANT MEDICAL AGENCIES","10","0","89.28","111.60","117.18","09/2027"
"818.","CYRA - LS","CAPs","SCL566","30049039 (2.5%+2.5%)","SHREE GOPAL  PHARMACEUTICALS","10","0","89.28","111.60","117.18","10/2027"
"819.","CYRA - LS","CAPs","SCL561","30049039 (2.5%+2.5%)","HEMANT MEDICAL AGENCIES","10","0","89.28","111.60","117.18","09/2027"
"820.","CYRA MPS","SYRUP","EL-2338","3004 (2.5%+2.5%)","SHREE GOPAL  PHARMACEUTICALS","1","0","67.81","84.76","89.00","02/2028"
"821.","CYRA MPS","SYRUP","EL-2318","3004 (2.5%+2.5%)","SHREE GOPAL  PHARMACEUTICALS","1","2","63.54","79.43","83.40","11/2027"
"822.","CYRALIV - 300","TAB","CVG04","3004 (2.5%+2.5%)","SHREE GOPAL  PHARMACEUTICALS","10","0","129.52","161.90","170.00","01/2029"
"823.","CYRALIV - 300","TAB","CVG07","3004 (2.5%+2.5%)","SHREE GOPAL  PHARMACEUTICALS","10","0 + {2}","129.52","161.90","170.00","02/2029"
"824.","CYRALIV - 300","TAB","CVG03","3004 (2.5%+2.5%)","SHREE GOPAL  PHARMACEUTICALS","10","0 + {2}","129.52","161.90","170.00","12/2028"
"825.","CYRALIV - 300","TAB","CVG08","3004 (2.5%+2.5%)","SHREE GOPAL  PHARMACEUTICALS","10","3","129.52","161.90","170.00","02/2029"
"826.","D-25% EUROLIFE","Bottle","DES5003","3004 (2.5%+2.5%)","nath medicose","1","4","14.00","21.43","22.50","02/2027"
"827.","D-5 LIFEPORT 500 ML","Bottle","LDEX5020","3004 (2.5%+2.5%)","nath medicose","1","16","28.00","53.33","56.00","06/2028"
"828.","D-FRESH GEL","GEL","225112","3004 (2.5%+2.5%)","OM MEDICAL HALL","1","0","20.83","83.81","88.00","01/2027"
"829.","D-FRESH GEL","GEL","12617","3004 (2.5%+2.5%)","OM MEDICAL HALL","1","8","25.00","78.10","82.00","12/2027"
"830.","DA ZEAGRA","TAB","Z25-1014","3004 (2.5%+2.5%)","NEW sai medicose","4","2 + {3}","23.72","81.90","86.00","08/2028"
"831.","DAFLON 500","TAB","RV292541","30042019 (2.5%+2.5%)","millennium medisolutions pvt ltd.","10","0","143.79","179.74","188.73","07/2028"
"832.","DAFLON 500","TAB","RV292601","30042019 (2.5%+2.5%)","millennium medisolutions pvt ltd.","10","0","143.79","179.74","188.73","12/2028"
"833.","DAFLON 500","TAB","RV292542","30042019 (2.5%+2.5%)","millennium medisolutions pvt ltd.","10","0","143.79","179.74","188.73","08/2028"
"834.","DAFLON 500","TAB","RV292609","30042019 (2.5%+2.5%)","millennium medisolutions pvt ltd.","10","3","143.79","179.74","188.73","01/2029"
"835.","DAOPHAGE - G1","TAB","GD735004","3004 (2.5%+2.5%)","NEW sai medicose","15","1 + {9}","38.00","106.67","112.00","09/2027"
"836.","DAPALIF -10","TAB","VGT251291","3004 (2.5%+2.5%)","NEW sai medicose","10","0 + {5}","24.00","84.76","89.00","04/2027"
"837.","DAPAMUST TRIO 500","TAB","DM026001","300490 (2.5%+2.5%)","GUPTA MEDICAL HALL","10","29","125.86","205.33","215.60","03/2028"
"838.","DAPAMUST TRIO 500","TAB","DM025001","300490 (2.5%+2.5%)","GUPTA MEDICAL HALL","10","0","174.80","205.36","215.63","05/2027"
"839.","DAPANORM HF - 100","TAB","EMV252990B","30049099 (2.5%+2.5%)","ANAND MEDICOS","10","3","152.38","190.48","200.00","11/2027"
"840.","DAPANORM HF - 200","TAB","EMV252993D","30049099 (2.5%+2.5%)","ANAND MEDICOS","10","2 + {6}","262.86","328.57","345.00","11/2027"
"841.","DAPANORM HF - 50","TAB","EMV252962B","30049099 (2.5%+2.5%)","ANAND MEDICOS","10","5 + {2}","114.29","142.86","150.00","10/2027"
"842.","DAPANORM TRIO FORTE","TAB","25444820","30049099 (2.5%+2.5%)","ANAND MEDICOS","10","0","176.76","220.95","232.00","11/2027"
"843.","DAPANORM TRIO FORTE","TAB","25444391","30049099 (2.5%+2.5%)","ANAND MEDICOS","10","0 + {5}","176.76","220.95","232.00","10/2027"
"844.","DAPANORM TRIO TAB","TAB","26440442","30049099 (2.5%+2.5%)","millennium medisolutions pvt ltd.","10","1 + {5}","169.64","212.05","222.65","01/2028"
"845.","DAPANORM TRIO TAB","TAB","25444344","30049099 (2.5%+2.5%)","ANAND MEDICOS","10","0 + {7}","169.64","212.05","222.65","10/2027"
"846.","DAPAONE - SM 500","TAB","MMS26007","30049099 (2.5%+2.5%)","OM MEDICAL TRADERS","10","7","110.31","170.98","179.53","03/2028"
"847.","DAPAONE - SM 500","TAB","MMS25046","30049099 (2.5%+2.5%)","OM MEDICAL TRADERS","10","0 + {4}","136.80","170.98","179.53","09/2027"
"848.","DAPAVEL 10 TAB","TAB","K2502521","30049099 (2.5%+2.5%)","","10","0","167.15","208.93","219.38","09/2027"
"849.","DAPAVEL 10 TAB","TAB","K2502521","30049099 (2.5%+2.5%)","millennium medisolutions pvt ltd.","10","4 + {2}","167.15","208.93","219.38","09/2027"
"850.","DAPLO SM 500","TAB","EMV250002","30049099 (2.5%+2.5%)","millennium medisolutions pvt ltd.","10","0 + {5}","95.20","118.75","124.69","12/2026"
"851.","DAPLO SM 500","TAB","EMV260162A","30049099 (2.5%+2.5%)","millennium medisolutions pvt ltd.","10","2","104.49","130.61","137.14","12/2027"
"852.","DAPLO SM 500","TAB","EMV250662A","30049099 (2.5%+2.5%)","millennium medisolutions pvt ltd.","10","0","94.75","118.74","124.68","02/2027"
"853.","DAPLO SM 500","TAB","EMV261150A","30049099 (2.5%+2.5%)","millennium medisolutions pvt ltd.","10","0","104.49","130.61","137.14","03/2028"
"854.","DAPLO SM 500","TAB","EMV260507","30049099 (2.5%+2.5%)","millennium medisolutions pvt ltd.","10","5","104.49","130.61","137.14","02/2028"
"855.","DARSITA - M","TAB","AT2603042B","30049099 (2.5%+2.5%)","GUPTA MEDICAL HALL","15","10 + {11}","118.74","191.43","201.00","02/2028"
"856.","DARSITA - M","TAB","AT2511228","30049099 (2.5%+2.5%)","GUPTA MEDICAL HALL","15","10 + {4}","139.54","174.42","183.14","10/2027"
"857.","DARSITA - M","TAB","AT260304B","30049099 (2.5%+2.5%)","GUPTA MEDICAL HALL","15","13","153.15","191.43","201.00","02/2028"
"858.","DARTDAPA -10","TAB","AT2502099B","3004 (2.5%+2.5%)","THE MOLEKULE DISTRIBUTORS","15","0","170.50","253.89","266.58","01/2027"
"859.","DARTDAPA -10","TAB","AT2505004F","3004 (2.5%+2.5%)","THE MOLEKULE DISTRIBUTORS","15","0","170.50","253.33","266.58","04/2027"
"860.","DARTDAPA -10","TAB","AT25I2037C","3004 (2.5%+2.5%)","GUPTA MEDICAL HALL","15","6 + {5}","203.11","253.89","266.58","11/2027"
"861.","DARTMET - G1","TAB","T2511177F","30049099 (2.5%+2.5%)","GUPTA MEDICAL HALL","15","0","67.50","84.66","88.89","10/2027"
"862.","DARTMET - G1","TAB","T2603143D","30049099 (2.5%+2.5%)","GUPTA MEDICAL HALL","15","0","61.30","92.38","97.00","02/2028"
"863.","DARTMET - G1","TAB","T2604135B","30049099 (2.5%+2.5%)","GUPTA MEDICAL HALL","15","10 + {1}","73.90","92.38","97.00","03/2028"
"864.","DARTMET - G1","TAB","T260343D","30049099 (2.5%+2.5%)","GUPTA MEDICAL HALL","15","0","73.90","92.38","97.00","02/2028"
"865.","DARTMET - G2","TAB","AT2511184A","30049099 (2.5%+2.5%)","GUPTA MEDICAL HALL","15","19 + {1}","79.07","98.84","103.78","10/2027"
"866.","DARTMET G1 FROTE","TAB","AT2601033B","30049099 (2.5%+2.5%)","GUPTA MEDICAL HALL","15","24 + {21}","128.23","145.76","153.05","12/2027"
"867.","DARTMET G1 FROTE","TAB","AT2601033B","3307 (2.5%+2.5%)","THE MOLEKULE DISTRIBUTORS","15","0","116.61","145.76","153.05","12/2027"
"868.","DARTMET G2 FORTE","TAB","AT2601035A","30049099 (2.5%+2.5%)","GUPTA MEDICAL HALL","15","0","144.91","181.14","190.20","12/2027"
"869.","DARTMET G2 FORTE","TAB","AT261035A","30049099 (2.5%+2.5%)","GUPTA MEDICAL HALL","15","0","144.91","181.14","190.20","12/2027"
"870.","DARTMET G2 FORTE","TAB","AT2603191","30049099 (2.5%+2.5%)","GUPTA MEDICAL HALL","15","14 + {9}","144.91","180.95","190.00","02/2028"
"871.","DARTMET G2 FORTE","TAB","A2601035A","3307 (2.5%+2.5%)","GUPTA MEDICAL HALL","15","0","144.91","181.14","190.20","12/2027"
"872.","DARTMET G2 FORTE","TAB","AT2601035A","3307 (2.5%+2.5%)","THE MOLEKULE DISTRIBUTORS","15","0","144.91","181.14","190.20","12/2027"
"873.","DARTMET G3 FORTE","TAB","AT2603137A","3004 (2.5%+2.5%)","GUPTA MEDICAL HALL","15","15 + {14}","139.92","174.90","183.65","02/2028"
"874.","DARTMET G3 FORTE","TAB","AT2601038A","3004 (2.5%+2.5%)","THE MOLEKULE DISTRIBUTORS","15","3","139.95","174.90","183.65","12/2027"
"875.","DARTMET VG2","TAB","AT2511004H","3004 (2.5%+2.5%)","THE MOLEKULE DISTRIBUTORS","10","12","154.29","192.86","202.50","10/2027"
"876.","DARTMET VG2","TAB","AT2412233B","3004 (2.5%+2.5%)","THE MOLEKULE DISTRIBUTORS","10","0 + {8}","154.29","192.86","202.50","11/2026"
"877.","DARTMOX LB 625","TAB","ABT2601005","30041090 (2.5%+2.5%)","GUPTA MEDICAL HALL","10","16 + {1}","220.19","275.24","289.00","06/2027"
"878.","DARTMOX LB 625","TAB","AT2601002C","30041090 (2.5%+2.5%)","GUPTA MEDICAL HALL","10","0 + {7}","170.73","275.24","289.00","12/2027"
"879.","DARTSITA  - 50 MG","TAB","AT2508178","30049099 (2.5%+2.5%)","GUPTA MEDICAL HALL","10","7","66.40","107.05","112.40","07/2027"
"880.","DARTSITA-D 10/100","TAB","MHT260134F","3004 (2.5%+2.5%)","GUPTA MEDICAL HALL","10","15","154.67","193.33","203.00","04/2028"
"881.","DARTSITA-D 10/100","TAB","CMT25I05IE","3004 (2.5%+2.5%)","THE MOLEKULE DISTRIBUTORS","10","0","140.64","175.80","184.59","05/2027"
"882.","DARTSITA-D 10/100","TAB","CMT251051E","3004 (2.5%+2.5%)","THE MOLEKULE DISTRIBUTORS","10","0","140.64","175.80","184.59","05/2027"
"883.","DARTSITA-D 10/100","TAB","CMT251777","30041090 (2.5%+2.5%)","GUPTA MEDICAL HALL","10","0 + {1}","140.64","175.81","184.60","10/2027"
"884.","DAYO- OD 250","TAB","06ATDA007","30049082 (2.5%+2.5%)","millennium medisolutions pvt ltd.","10","0 + {7}","96.00","120.00","126.00","10/2027"
"885.","DAYO-OD 500","TAB","06TDY009","30049082 (2.5%+2.5%)","millennium medisolutions pvt ltd.","10","0","182.97","228.71","240.15","11/2027"
"886.","DAYO-OD 500","TAB","06TDY008","30049082 (2.5%+2.5%)","millennium medisolutions pvt ltd.","10","0","182.97","228.71","240.15","11/2027"
"887.","DAYO-OD 500","TAB","06TDY004","30049082 (2.5%+2.5%)","millennium medisolutions pvt ltd.","10","0","182.97","228.71","240.15","06/2027"
"888.","DECA-INTABOLIN 50 INJ","INJ","DELE34","3004 (2.5%+2.5%)","NEW sai medicose","1","0","16.50","106.67","112.00","07/2027"
"889.","DECA-INTABOLIN 50 INJ","INJ","DELE40","3004 (2.5%+2.5%)","NEW sai medicose","1","0","16.50","106.67","112.00","09/2027"
"890.","DECARIN - 50 INJ","INJ","LFH25013","3004 (2.5%+2.5%)","SHREE GOPAL  PHARMACEUTICALS","1","7","26.40","106.67","112.00","10/2027"
"891.","DEEZEE NANO SHOT","Solution","625-670","30045036 (2.5%+2.5%)","ROHIT PHARMA","1","0","11.50","62.86","66.00","08/2027"
"892.","DEEZEE NANO SHOT","Solution","625-528","30045036 (2.5%+2.5%)","ROHIT PHARMA","1","0","11.50","41.90","44.00","06/2027"
"893.","DEFCORT 6 MG NEW","TAB","13251145A","30049099 (2.5%+2.5%)","millennium medisolutions pvt ltd.","10","0","107.14","133.93","140.63","07/2028"
"894.","DEFI - 6","TAB","OJFT-001","3004 (2.5%+2.5%)","NEW sai medicose","10","0 + {8}","24.30","74.29","78.00","03/2026"
"895.","DEFLADORD 6 MG","TAB","25TK0695","3004 (2.5%+2.5%)","OM MEDICAL HALL","10","0 + {4}","19.19","84.76","89.00","09/2027"
"896.","DEFLAMIST - 6 MG","TAB","250390","30044090 (2.5%+2.5%)","PRAKASH MEDICOS","10","0","14.00","84.76","89.00","07/2027"
"897.","DEFLAWICK TAB 6 MG","TAB","DQL01AMA","3004 (2.5%+2.5%)","OM MEDICAL HALL","10","27 + {5}","19.00","85.71","90.00","09/2027"
"898.","DELISPRIN - 75","TAB","MPC250898","30049062 (2.5%+2.5%)","PRAKASH MEDICOS","14","10","3.92","5.23","5.49","08/2026"
"899.","DELSONE - 5 MG","TAB","AAW25016","30043912 (2.5%+2.5%)","PRAKASH PHARMA","10","88 + {4}","3.05","7.35","7.72","08/2027"
"900.","DEPSONIL 25 MG","TAB","DSA26001","30049099 (2.5%+2.5%)","millennium medisolutions pvt ltd.","10","0","13.64","17.05","17.90","12/2028"
"901.","DERIPHYLIN INJ","INJ","NA00420A","3004 (2.5%+2.5%)","millennium medisolutions pvt ltd.","1","0","8.54","10.69","11.22","11/2029"
"902.","DERIPHYLIN INJ","INJ","NA00321A","3004 (2.5%+2.5%)","NEW sai medicose","1","0","8.54","10.69","11.22","09/2029"
"903.","DERIPHYLIN INJ","INJ","NB00226A","3004 (2.5%+2.5%)","NEW sai medicose","1","20","8.54","10.69","11.22","03/2030"
"904.","DERIPHYLIN INJ","INJ","NA00374A","3004 (2.5%+2.5%)","NEW sai medicose","1","0","8.54","10.69","11.22","10/2029"
"905.","DERIPHYLIN INJ","INJ","RNN00084A","3004 (2.5%+2.5%)","OM MEDICAL HALL","1","0","8.99","10.69","11.22","01/2030"
"906.","DERIPHYLIN INJ","INJ","NB00098A","3004 (2.5%+2.5%)","HEMANT MEDICAL AGENCIES","1","10","8.54","10.69","11.22","01/2030"
"907.","DERIPHYLIN INJ","INJ","NA00030A","30049094 (2.5%+2.5%)","HEMANT MEDICAL AGENCIES","1","0","7.78","9.72","10.21","03/2029"
"908.","DERIPHYLLIN RET 150","TAB","IA01317A","3004 (2.5%+2.5%)","NEW sai medicose","30","0 + {5}","31.89","39.86","41.85","08/2028"
"909.","DERIPHYLLIN RET 150","TAB","IB00941A","3004 (2.5%+2.5%)","millennium medisolutions pvt ltd.","30","0 + {69}","31.89","39.86","41.85","03/2029"
"910.","DERIPHYLLIN RET 300 TAB","TAB","I501117","3004 (2.5%+2.5%)","NEW sai medicose","30","1 + {3}","44.63","55.79","58.58","02/2028"
"911.","DETTOL 60 ML","Solution","VM647","3004 (2.5%+2.5%)","OM MEDICAL HALL","1","5","34.68","39.51","41.49","07/2029"
"912.","DETTOL LIQUID 250 ML","General","VK219","3004 (2.5%+2.5%)","NEW sai medicose","1","2","135.48","151.78","159.37","06/2029"
"913.","DEUROPLAST 10","Bandage","ELM325","3005 (2.5%+2.5%)","nath medicose","1","0","110.00","200.00","210.00","09/2028"
"914.","DEUROPLAST 10","Bandage","B-898","3005 (2.5%+2.5%)","nath medicose","1","4","120.00","190.48","200.00","01/2027"
"915.","DEUROPLAST 10","Bandage","ELM329","3005 (2.5%+2.5%)","nath medicose","1","3","115.00","171.43","180.00","10/2028"
"916.","DEXACIP INJ","INJ","CN3125027","3004 (2.5%+2.5%)","OM MEDICAL HALL","1","9","5.45","10.18","10.69","04/2027"
"917.","DEXACIP INJ","INJ","CN3126005","3004 (2.5%+2.5%)","OM MEDICAL HALL","1","20","5.50","10.18","10.69","12/2027"
"918.","DEXONA TAB","TAB","BEB1274","15042090 (2.5%+2.5%)","millennium medisolutions pvt ltd.","30","1","5.28","6.60","6.93","10/2028"
"919.","DEXT -25 % 100 ML","IV","D4FAX11","3004 (2.5%+2.5%)","nath medicose","1","0","13.65","21.33","22.40","09/2026"
"920.","DEXT -25 % 100 ML","IV","G3TA04","3004 (2.5%+2.5%)","nath medicose","1","10","14.50","20.36","21.38","01/2029"
"921.","DEXTOMID 50 MG","INJ","1257017","30049088 (2.5%+2.5%)","mohinder pharma","1","6","128.00","354.29","372.00","06/2026"
"922.","DHUP - DROP","DROP","5SDD001","30049099 (2.5%+2.5%)","ADITI PHARMA","1","5","59.80","78.30","82.22","08/2026"
"923.","DIAMOX 250 TAB","TAB","GTH0604A","3004 (2.5%+2.5%)","PRAKASH MEDICOS","15","0 + {10}","49.43","61.79","64.88","01/2029"
"924.","DIAMOX 250 TAB","TAB","GTH0604A","3004 (2.5%+2.5%)","OM MEDICAL HALL","15","5 + {12}","49.92","61.79","64.88","01/2029"
"925.","DICLOFAM MR","TAB","ICK0259","3004 (2.5%+2.5%)","NEW sai medicose","10","1 + {1}","13.20","53.33","56.00","09/2026"
"926.","DICLOGESIC RR INJ","INJ","IHN1M001","3004 (2.5%+2.5%)","NEW sai medicose","1","0","23.75","53.33","56.00","04/2027"
"927.","DICLOGESIC RR INJ","INJ","IHN1M003","3004 (2.5%+2.5%)","NEW sai medicose","1","23","23.78","67.23","70.59","09/2027"
"928.","DICLOMIST PLUS NEW","TAB","TWH-252803","30049099 (2.5%+2.5%)","PRAKASH PHARMA","10","136 + {29}","3.30","40.18","42.19","10/2028"
"929.","DICLOTAL AQ","INJ","ZAA02541","30049099 (2.5%+2.5%)","OM MEDICAL HALL","1","0","6.82","24.10","25.31","09/2027"
"930.","DICLOTAL AQ","INJ","ZAA02624","30049099 (2.5%+2.5%)","OM MEDICAL HALL","1","30","7.15","24.10","25.31","04/2028"
"931.","DICLOTAL AQ","INJ","ZAA02604","30049099 (2.5%+2.5%)","OM MEDICAL HALL","1","7","6.75","24.10","25.31","12/2027"
"932.","DICLOTAL AQ","INJ","ZAAO2532","30049099 (2.5%+2.5%)","GUPTA MEDICAL HALL","1","0","6.75","26.33","27.65","07/2027"
"933.","DIFIDOX 100 MG","INJ","C4DFDX004","30049087 (2.5%+2.5%)","BAJAJ MEDICAL AGENCY","1","10","110.00","333.33","350.00","04/2028"
"934.","DIGENE SYP","SYRUP","DEM26006","3004 (2.5%+2.5%)","HEMANT MEDICAL AGENCIES","1","1","127.00","172.13","180.74","12/2027"
"935.","DIGENE SYP","SYRUP","DEM25070","3004 (2.5%+2.5%)","NEW sai medicose","1","0","124.89","172.13","180.74","07/2027"
"936.","DIGIFINE SYP","SYRUP","DGL26002","21069099 (2.5%+2.5%)","ROHIT PHARMA","1","20","118.73","177.14","186.00","11/2027"
"937.","DIGIFINE SYP","SYRUP","DGL25006","21069099 (2.5%+2.5%)","ROHIT PHARMA","1","0","128.81","161.01","169.06","01/2027"
"938.","DIGITAL THERMAMTER","General","10","90251910 (2.5%+2.5%)","a and a hygien and surgical cre","1","4","65.00","106.67","112.00","01/2028"
"939.","DIGITAL THERMAMTER","General","12","90251910 (2.5%+2.5%)","nath medicose","1","10","60.00","106.67","112.00","10/2030"
"940.","DIGITAL THERMAMTER - P","General","14","90251910 (2.5%+2.5%)","a and a hygien and surgical cre","1","6","65.00","106.67","112.00","01/2029"
"941.","DIGITAL THERMAMTER - P","General","10/08/2026","90251910 (2.5%+2.5%)","nath medicose","1","10","68.00","76.19","80.00","10/2031"
"942.","DIGON 0.25","TAB","ART-622","3004 (2.5%+2.5%)","gandhi medical hall","15","11 + {11}","15.00","18.75","19.69","10/2027"
"943.","DIKIUM GEL","Tube","GO250104","3004 (2.5%+2.5%)","NEW sai medicose","1","0","18.90","76.19","80.00","03/2027"
"944.","DILUSTONE 1B6 ORAL","SYRUP","L0724006","3004 (2.5%+2.5%)","NEW sai medicose","1","0","74.00","159.05","167.00","07/2026"
"945.","DILZEM  INJ .5ML","INJ","P222M004","30049079 (2.5%+2.5%)","millennium medisolutions pvt ltd.","1","0","14.22","17.78","18.67","12/2026"
"946.","DILZEM 30 MG","TAB","CD61N002","30049079 (2.5%+2.5%)","millennium medisolutions pvt ltd.","15","2 + {12}","32.70","40.88","42.92","12/2029"
"947.","DILZEM 30 MG","TAB","CUB2M003","30049079 (2.5%+2.5%)","millennium medisolutions pvt ltd.","15","0 + {7}","32.70","40.88","42.92","10/2029"
"948.","DILZEM 30 MG","TAB","CD61M011","30049079 (2.5%+2.5%)","OM MEDICAL HALL","15","2","33.04","40.88","42.92","08/2029"
"949.","DILZEM 60 MG","TAB","CUB3M002","30049079 (2.5%+2.5%)","millennium medisolutions pvt ltd.","15","0","66.73","83.29","87.45","10/2029"
"950.","DILZEM 60 MG","TAB","CE03N002","30049079 (2.5%+2.5%)","millennium medisolutions pvt ltd.","15","3 + {10}","66.63","83.29","87.45","02/2029"
"951.","DILZEM 60 MG","TAB","CUB3M001","30049079 (2.5%+2.5%)","millennium medisolutions pvt ltd.","15","0","66.63","83.29","87.45","10/2029"
"952.","DILZEM 60 MG","TAB","CE03M001","30049079 (2.5%+2.5%)","OM MEDICAL HALL","15","0","67.30","83.29","87.45","03/2029"
"953.","DILZEM INJ .5ML","INJ","K222L007","30049079 (2.5%+2.5%)","millennium medisolutions pvt ltd.","1","1","13.99","18.65","19.58","04/2026"
"954.","DISPOSABLE GLOVES","GlOVES","1","40151900 (2.5%+2.5%)","nath medicose","1","1000","1.80","5.71","6.00","01/2030"
"955.","DISPOSABLE GLOVES","GlOVES","12548","40151900 (2.5%+2.5%)","a and a hygien and surgical cre","1","250","0.88","5.71","6.00","10/2030"
"956.","DISPOVAN 1 ML","Syringe","529011G","90183100 (2.5%+2.5%)","a and a hygien and surgical cre","1","0","3.65","10.48","11.00","10/2030"
"957.","DISPOVAN 1 ML","Syringe","615013AG","90183100 (2.5%+2.5%)","nath medicose","1","132","4.10","10.71","11.25","03/2031"
"958.","DISPOVAN 1 ML","Syringe","623014BG","90183100 (2.5%+2.5%)","nath medicose","1","0","4.10","10.71","11.25","05/2031"
"959.","DISPOVAN 1 ML","Syringe","4355189","90183100 (2.5%+2.5%)","NEW sai medicose","1","0","4.50","10.48","11.00","12/29"
"960.","DISPOVAN 1 ML","Syringe","604014G","90183100 (2.5%+2.5%)","a and a hygien and surgical cre","1","0","4.00","10.48","11.00","12/2030"
"961.","DISPOVAN 10 ML","Syringe","610106EC2","90183100 (2.5%+2.5%)","nath medicose","1","0","4.62","10.48","11.00","02/2031"
"962.","DISPOVAN 10 ML","Syringe","2271031D2","3004 (2.5%+2.5%)","a and a hygien and surgical cre","1","0","4.00","10.48","11.00","05/2027"
"963.","DISPOVAN 10 ML","Syringe","503105JG1","90183100 (2.5%+2.5%)","a and a hygien and surgical cre","1","0","4.00","10.48","11.00","02/2030"
"964.","DISPOVAN 10 ML","Syringe","602106JE2","90183100 (2.5%+2.5%)","SHREE GOPAL  PHARMACEUTICALS","1","0","3.94","10.95","11.50","12/2030"
"965.","DISPOVAN 10 ML","Syringe","125478547","90183100 (2.5%+2.5%)","SHREE GOPAL  PHARMACEUTICALS","1","0","4.60","10.48","11.00","08/2029"
"966.","DISPOVAN 10 ML","Syringe","548101JP2","90183100 (2.5%+2.5%)","nath medicose","1","0","4.01","10.48","11.00","10/2030"
"967.","DISPOVAN 10 ML","Syringe","227103JD2","90183100 (2.5%+2.5%)","a and a hygien and surgical cre","1","0","4.10","10.48","11.00","10/2030"
"968.","DISPOVAN 10 ML","Syringe","529105JP2","90183100 (2.5%+2.5%)","a and a hygien and surgical cre","1","0","4.00","10.48","11.00","06/2030"
"969.","DISPOVAN 2.5 ML","Syringe","449251JD1","90183100 (2.5%+2.5%)","a and a hygien and surgical cre","1","91","2.10","10.48","11.00","11/2029"
"970.","DISPOVAN 20 ML","Syringe","602204AH2","9018 (2.5%+2.5%)","nath medicose","1","11","9.29","29.23","30.69","12/2030"
"971.","DISPOVAN 3 ML","Syringe","5290365NE2","90183100 (2.5%+2.5%)","a and a hygien and surgical cre","1","0","2.15","10.48","11.00","11/2030"
"972.","DISPOVAN 3 ML","Syringe","550036NL2","90183100 (2.5%+2.5%)","nath medicose","1","0","2.10","11.43","12.00","11/2030"
"973.","DISPOVAN 3 ML","Syringe","526036NF2","90183100 (2.5%+2.5%)","nath medicose","1","0","2.10","10.48","11.00","05/2030"
"974.","DISPOVAN 5 ML","Syringe","513051SR2","90183100 (2.5%+2.5%)","a and a hygien and surgical cre","1","0","2.50","10.48","11.00","02/2030"
"975.","DISPOVAN 5 ML","Syringe","530053JLI","90183100 (2.5%+2.5%)","a and a hygien and surgical cre","1","0","2.65","10.48","11.00","10/2030"
"976.","DISPOVAN 5 ML","Syringe","530053JL1","90183100 (2.5%+2.5%)","a and a hygien and surgical cre","1","0","2.50","10.48","11.00","10/2030"
"977.","DISPOVAN 5 ML","Syringe","1254878544","90183100 (2.5%+2.5%)","SHREE GOPAL  PHARMACEUTICALS","1","0","2.92","10.48","11.00","12/2028"
"978.","DISPOVAN 50 ML","Syringe","530502WJR2","90183100 (2.5%+2.5%)","a and a hygien and surgical cre","1","18","23.00","42.86","45.00","11/2030"
"979.","DISPOVAN 50 ML","Syringe","602506WJN","90183100 (2.5%+2.5%)","SHREE GOPAL  PHARMACEUTICALS","1","10","19.45","41.90","44.00","12/2030"
"980.","DISPOVAN 50 ML","Syringe","611502WJR2","90183100 (2.5%+2.5%)","nath medicose","1","25","22.80","41.90","44.00","02/2031"
"981.","DISPOVAN NEEDLE (26.1.5)","Needle","14444P","9018 (2.5%+2.5%)","nath medicose","1","5","1.10","2.38","2.50","03/2029"
"982.","DISPOVAN NEEDLE 16 NO.","Needle","09634C","90183220 (2.5%+2.5%)","nath medicose","1","12","2.10","3.81","4.00","01/2031"
"983.","DISPOVAN NEEDLE 16 NO.","Needle","45424L","90183220 (2.5%+2.5%)","a and a hygien and surgical cre","1","19","2.15","5.71","6.00","10/2030"
"984.","DISPOVAN NEEDLE 24 NO.","Needle","25653N","90183220 (2.5%+2.5%)","nath medicose","1","86","0.80","4.76","5.00","05/2031"
"985.","DISPOVAN NEEDLE 24 NO.","Needle","27513N","90183220 (2.5%+2.5%)","a and a hygien and surgical cre","1","44","0.70","5.71","6.00","10/2030"
"986.","DISPOVAN NEEDLE 26 NO.","Needle","13552P","90183220 (2.5%+2.5%)","a and a hygien and surgical cre","1","84","0.70","5.71","6.00","10/2030"
"987.","DISPRIN TAB","TAB","VD464","3004 (2.5%+2.5%)","NEW sai medicose","10","8 + {4}","5.95","6.70","7.03","10/2028"
"988.","DIZITAC","TAB","SIG2442A","30049099 (2.5%+2.5%)","millennium medisolutions pvt ltd.","10","3","107.14","133.93","140.63","10/2027"
"989.","DIZITAC","TAB","SIG1879A","30049099 (2.5%+2.5%)","ANAND MEDICOS","10","0 + {6}","107.14","133.93","140.63","08/2027"
"990.","DIZITAC","TAB","SIH0345A","30049099 (2.5%+2.5%)","millennium medisolutions pvt ltd.","10","6","117.37","146.67","154.00","01/2028"
"991.","DNS 500 ML","Bottle","D25D2030","3004 (2.5%+2.5%)","nath medicose","1","2","28.00","53.33","56.00","06/2028"
"992.","DNS 500 ML DUAL PORT","Bottle","D25D24041","3004 (2.5%+2.5%)","nath medicose","1","0","29.80","62.86","66.00","09/2028"
"993.","DNS 500 ML DUAL PORT","Bottle","D26D2004","3004 (2.5%+2.5%)","nath medicose","1","19","29.80","62.86","66.00","01/2029"
"994.","DNS 500 ML DUAL PORT","Bottle","D25D2022","3004 (2.5%+2.5%)","nath medicose","1","4","29.80","63.81","67.00","06/2028"
"995.","DNS 500 ML DUAL PORT","Bottle","D25D2049","3004 (2.5%+2.5%)","nath medicose","1","0","29.80","62.86","66.00","11/2028"
"996.","DOBIMEC CAP","TAB","9985003","3004 (2.5%+2.5%)","SHREE GOPAL  PHARMACEUTICALS","10","10","48.00","106.67","112.00","06/2027"
"997.","DOBIMEG CAP 500 MG","CAPs","CSF-C0455A","3004 (2.5%+2.5%)","SHREE GOPAL  PHARMACEUTICALS","10","3 + {4}","45.00","106.67","112.00","11/2026"
"998.","DOBUCIN INJ","INJ","2BK26001","30049099 (2.5%+2.5%)","BAJAJ MEDICAL AGENCY","1","10","38.55","45.89","48.18","01/2028"
"999.","DOBUCIN INJ","INJ","2FE25001","30049099 (2.5%+2.5%)","BAJAJ MEDICAL AGENCY","1","8","38.55","45.90","48.19","03/2027"
"1000.","DOLIPRANE 500 MG","TAB","AMK0407","3004 (2.5%+2.5%)","NEW sai medicose","10","4","5.50","8.53","8.96","08/2027"
"1001.","DOLO 650 MG TAB","TAB","DOBS4016","30049061 (2.5%+2.5%)","millennium medisolutions pvt ltd.","15","0","24.48","30.60","32.13","03/2029"
"1002.","DOLO 650 MG TAB","TAB","DOBS4268","30049061 (2.5%+2.5%)","millennium medisolutions pvt ltd.","15","0","24.48","30.59","32.12","10/2029"
"1003.","DOLO 650 MG TAB","TAB","DOBS4380","30049061 (2.5%+2.5%)","SAI BABA SURGICAL","15","85 + {3}","20.55","30.59","32.12","01/2030"
"1004.","DOLO 650 MG TAB","TAB","DOBS4215","30049061 (2.5%+2.5%)","OM MEDICAL HALL","15","0","19.78","30.60","32.13","09/2029"
"1005.","DOLO 650 MG TAB","TAB","D0BS4358","30049061 (2.5%+2.5%)","OM MEDICAL HALL","15","10","24.48","30.60","32.13","12/2029"
"1006.","DOLOCOLD (A)","Solution","RA275","3004 (2.5%+2.5%)","NEW sai medicose","1","1","16.00","53.33","56.00","10/2026"
"1007.","DOLOGEL","DROP","BDL24008","30049069 (2.5%+2.5%)","millennium medisolutions pvt ltd.","1","0","85.54","114.05","119.75","07/2026"
"1008.","DOLOGEL","DROP","DLG26003","30049069 (2.5%+2.5%)","millennium medisolutions pvt ltd.","1","4","93.93","117.41","123.28","01/2028"
"1009.","DOLONEX INJ","INJ","2504006S","30049066 (2.5%+2.5%)","ROHTAK MEDICAL AGENCIES","1","5","55.29","69.12","72.58","04/2028"
"1010.","DOLOSAID - 200 SR","TAB","I7445005","3004 (2.5%+2.5%)","NEW sai medicose","10","2 + {7}","12.90","62.86","66.00","07/2027"
"1011.","DOMSTAL 10 MG TAB","TAB","C235M005","30049039 (2.5%+2.5%)","millennium medisolutions pvt ltd.","10","0 + {4}","18.79","23.49","24.66","07/2028"
"1012.","DONACORTIL - TM","TAB","IF275001","3004 (2.5%+2.5%)","NEW sai medicose","10","2 + {2}","150.00","261.90","275.00","10/2027"
"1013.","DONACORTIL 6 MG","TAB","IA575020","3004 (2.5%+2.5%)","NEW sai medicose","10","2 + {5}","24.85","74.29","78.00","09/2027"
"1014.","DONEP 10 MG","TAB","25442828","30049099 (2.5%+2.5%)","ANAND MEDICOS","15","2","213.55","266.31","279.63","12/2027"
"1015.","DONEP 5 MG","TAB","25443923","30049099 (2.5%+2.5%)","ANAND MEDICOS","15","4","147.73","184.66","193.89","03/2028"
"1016.","DONEP 5 MG","TAB","25443568","30049099 (2.5%+2.5%)","millennium medisolutions pvt ltd.","15","0 + {9}","147.73","184.66","193.89","08/2027"
"1017.","DONEP 5 MG","TAB","25442827","30049099 (2.5%+2.5%)","ANAND MEDICOS","15","0","147.73","184.66","193.89","12/2027"
"1018.","DOPACIN INJ","INJ","2BL25002","30049099 (2.5%+2.5%)","BAJAJ MEDICAL AGENCY","1","14","19.27","24.10","25.30","09/2027"
"1019.","DOSMIFORD - 500","TAB","ALA02BVA","3004 (2.5%+2.5%)","SHREE GOPAL  PHARMACEUTICALS","10","0","15.00","31.24","32.80","07/2027"
"1020.","DOXIMYCIN","TAB","I305007","3004 (2.5%+2.5%)","NEW sai medicose","10","17 + {4}","25.08","109.52","115.00","09/2027"
"1021.","DOXIMYCIN","TAB","I3015007","3004 (2.5%+2.5%)","NEW sai medicose","10","0","25.08","74.29","78.00","09/2027"
"1022.","DOXOCIP TAB","TAB","GA076003","300490 (2.5%+2.5%)","PRAKASH MEDICOS","10","29 + {1}","20.80","81.03","85.08","02/2029"
"1023.","DOXOCIP TAB","TAB","GA075010","300490 (2.5%+2.5%)","PRAKASH MEDICOS","10","0","20.50","76.19","80.00","06/2028"
"1024.","DOXOCIP TAB","TAB","GA076001","300490 (2.5%+2.5%)","OM MEDICAL HALL","10","24 + {8}","19.70","66.67","70.00","01/2029"
"1025.","DOXOCIP TAB","TAB","GA075014","300490 (2.5%+2.5%)","PRAKASH PHARMA","10","0","17.60","81.03","85.08","08/2028"
"1026.","DOXOCIP TAB","TAB","GA075008","300490 (2.5%+2.5%)","PRAKASH MEDICOS","10","0","20.30","80.95","85.00","03/2028"
"1027.","DOXOCIP TAB","TAB","GA075014","300490 (2.5%+2.5%)","PRAKASH MEDICOS","10","0","20.30","80.95","85.00","08/2028"
"1028.","DOXOLIN 400 MG","TAB","IA01964A","300490 (2.5%+2.5%)","HEMANT MEDICAL AGENCIES","30","0","109.59","136.98","143.83","11/2027"
"1029.","DOXOLIN 400 MG","TAB","IB00389A","300490 (2.5%+2.5%)","HEMANT MEDICAL AGENCIES","30","0 + {1}","109.59","136.98","143.83","01/2028"
"1030.","DOXOLIN 400 MG","TAB","IA01261A","300490 (2.5%+2.5%)","millennium medisolutions pvt ltd.","30","0","109.59","136.98","143.83","08/2027"
"1031.","DOXOLIN 400 MG","TAB","IB00390A","300490 (2.5%+2.5%)","millennium medisolutions pvt ltd.","30","0 + {20}","109.59","136.98","143.83","01/2028"
"1032.","DOXOLIN 400 MG","TAB","IA01756A","300490 (2.5%+2.5%)","HEMANT MEDICAL AGENCIES","30","0","109.59","136.98","143.83","10/2027"
"1033.","DOXOLIN 400 MG","TAB","IB00177A","300490 (2.5%+2.5%)","millennium medisolutions pvt ltd.","30","0 + {26}","109.59","136.98","143.83","12/2027"
"1034.","DOXOLIN 400 MG","TAB","IB00158A","300490 (2.5%+2.5%)","millennium medisolutions pvt ltd.","30","0","109.59","136.98","143.83","12/2027"
"1035.","DROTIKIND - 80 MG","TAB","C6HPX001","30042099 (2.5%+2.5%)","GUPTA MEDICAL HALL","10","0","63.62","86.08","90.38","03/2027"
"1036.","DROTIKIND - 80 MG","TAB","C6HPY001","30042099 (2.5%+2.5%)","GUPTA MEDICAL HALL","10","1 + {4}","68.86","86.08","90.38","03/2027"
"1037.","DROTIKIND INJ","INJ","B51Z004","30049069 (2.5%+2.5%)","GUPTA MEDICAL HALL","1","12","30.28","37.85","39.74","03/2028"
"1038.","DROTIKIND INJ","INJ","B51Z001","30049069 (2.5%+2.5%)","GUPTA MEDICAL HALL","1","0","30.28","37.85","39.74","01/2028"
"1039.","DROTIMIST M","TAB","GT510026B","30049039 (2.5%+2.5%)","PRAKASH PHARMA","10","3 + {4}","10.52","53.33","56.00","09/2027"
"1040.","DROTIN - DS  TAB","TAB","TDSR-1743","30049099 (2.5%+2.5%)","GUPTA MEDICAL HALL","15","0","193.83","242.29","254.40","02/2027"
"1041.","DROTIN - DS  TAB","TAB","TDSR-1817","30049099 (2.5%+2.5%)","millennium medisolutions pvt ltd.","15","0 + {1}","193.83","242.29","254.40","01/2028"
"1042.","DROTIN - DS  TAB","TAB","TDSR-1790","30049099 (2.5%+2.5%)","SHIV PHARMA TRADERS","15","0","193.83","242.29","254.40","09/2027"
"1043.","DROTIN - DS  TAB","TAB","TDSR-1782","30049099 (2.5%+2.5%)","millennium medisolutions pvt ltd.","15","0","193.83","242.29","254.40","07/2027"
"1044.","DROTIN - DS  TAB","TAB","TDSR-1793","30049099 (2.5%+2.5%)","millennium medisolutions pvt ltd.","15","0","193.83","242.29","254.40","09/2027"
"1045.","DROTIN - DS  TAB","TAB","TDSR-1796","30049099 (2.5%+2.5%)","millennium medisolutions pvt ltd.","15","0","193.83","242.29","254.40","09/2027"
"1046.","DROTIN - DS  TAB","TAB","TDSR-1822","30049099 (2.5%+2.5%)","millennium medisolutions pvt ltd.","15","3 + {2}","193.83","242.29","254.40","01/2028"
"1047.","DROTIN 2ML INJ","INJ","MHE-1393","30031000 (2.5%+2.5%)","GUPTA MEDICAL HALL","1","0","26.81","33.51","35.19","02/2027"
"1048.","DROTIN 2ML INJ","INJ","MHE-1454","30031000 (2.5%+2.5%)","millennium medisolutions pvt ltd.","1","0","29.45","36.81","38.65","11/2027"
"1049.","DROTIN 2ML INJ","INJ","MHE-1423","30031000 (2.5%+2.5%)","BAJAJ MEDICAL AGENCY","1","0","29.45","36.81","38.65","09/2027"
"1050.","DROTIN 2ML INJ","INJ","MHE-1432","30031000 (2.5%+2.5%)","GUPTA MEDICAL HALL","1","0","29.45","36.81","38.65","09/2027"
"1051.","DROTIN 2ML INJ","INJ","MHE-1392","33049990 (2.5%+2.5%)","GUPTA MEDICAL HALL","1","0","26.81","33.51","35.19","02/2027"
"1052.","DROTIN 2ML INJ","INJ","MHE-1443","30031000 (2.5%+2.5%)","GUPTA MEDICAL HALL","1","4","29.45","36.78","38.62","10/2027"
"1053.","DROTIN 2ML INJ","INJ","MHE-1415","30031000 (2.5%+2.5%)","GUPTA MEDICAL HALL","1","0","29.45","36.81","38.65","08/2027"
"1054.","DROTIN M TAB","TAB","TDMR-1827","30049099 (2.5%+2.5%)","millennium medisolutions pvt ltd.","10","1 + {5}","183.93","229.91","241.41","06/2027"
"1055.","DROTIN TAB","TAB","TDR-1006","30049099 (2.5%+2.5%)","HEMANT MEDICAL AGENCIES","15","0","109.95","137.42","144.29","05/2027"
"1056.","DROTIN TAB","TAB","TDR-1009","30049099 (2.5%+2.5%)","millennium medisolutions pvt ltd.","15","0","109.94","137.42","144.29","07/2027"
"1057.","DROTIN TAB","TAB","TDR-970","30049099 (2.5%+2.5%)","millennium medisolutions pvt ltd.","15","0","99.97","133.30","139.96","08/2026"
"1058.","DROTIN TAB","TAB","TDR- 1021","30049099 (2.5%+2.5%)","SHIV PHARMA TRADERS","15","0 + {2}","109.94","137.42","144.29","09/2027"
"1059.","DROTVENTIS - M","TAB","DVB-2505","3004 (2.5%+2.5%)","SAI BABA SURGICAL","10","14 + {1}","16.00","53.33","56.00","11/2027"
"1060.","DSURE 60K CAP","CAPs","D252803N","300490 (2.5%+2.5%)","DEEP SHREE PHARMACEUTICALS","4","0 + {2}","95.34","116.08","121.88","09/2027"
"1061.","DUCOFLEX","TAB","DLA25062","3004 (2.5%+2.5%)","NEW sai medicose","15","8 + {14}","14.87","17.70","18.59","07/2028"
"1062.","DULCOFLEX 5 MG","TAB","DLA26053","30049039 (2.5%+2.5%)","millennium medisolutions pvt ltd.","15","1 + {10}","14.97","17.82","18.71","04/2029"
"1063.","DULCOFLEX 5 MG","TAB","DLA26016","30049039 (2.5%+2.5%)","millennium medisolutions pvt ltd.","15","0 + {10}","14.87","17.70","18.59","01/2029"
"1064.","DUOLIN 3 RESPULES","RESPules","5SN1404","3004 (2.5%+2.5%)","GUPTA MEDICAL HALL","1","0","19.59","24.49","25.71","06/2027"
"1065.","DUOLIN 3 RESPULES","RESPules","5SN1405","30049099 (2.5%+2.5%)","GUPTA MEDICAL HALL","1","0","19.59","24.49","25.71","06/2027"
"1066.","DUOLIN 3 RESPULES","RESPules","5T00349","3004 (2.5%+2.5%)","gandhi medical hall","1","0","19.59","24.49","25.71","11/2027"
"1067.","DUOLIN 3 RESPULES","RESPules","5D10097","3004 (2.5%+2.5%)","NEW sai medicose","1","0","18.31","24.49","25.71","06/2027"
"1068.","DUOLIN 3 RESPULES","RESPules","5D10137","3004 (2.5%+2.5%)","NEW sai medicose","1","0","18.31","24.49","25.71","09/2027"
"1069.","DUOLIN 3 RESPULES","RESPules","6D10009","3004 (2.5%+2.5%)","gandhi medical hall","1","0","21.55","26.93","28.28","12/2027"
"1070.","DUOLIN 3 RESPULES","RESPules","5SN1372","300490 (2.5%+2.5%)","gandhi medical hall","1","0","19.59","24.49","25.71","06/2027"
"1071.","DUOLIN 3 RESPULES","RESPules","5SN1372","30049099 (2.5%+2.5%)","millennium medisolutions pvt ltd.","1","0","19.59","24.49","25.71","06/2027"
"1072.","DUOLIN 3 RESPULES","RESPules","5T00269","30049099 (2.5%+2.5%)","GUPTA MEDICAL HALL","1","9","19.59","24.49","25.71","07/2027"
"1073.","DUOLIN 3 RESPULES","RESPules","6T00036","3004 (2.5%+2.5%)","OM MEDICAL HALL","1","30","19.93","26.93","28.28","01/2028"
"1074.","DUOLIN 3 RESPULES","RESPules","6D10009","3004 (2.5%+2.5%)","OM MEDICAL HALL","1","10","19.93","26.93","28.28","12/2027"
"1075.","DUOLIN ROTOCAP","CAPs","5BA1918","30049099 (2.5%+2.5%)","HEMANT MEDICAL AGENCIES","1","0","187.41","234.26","245.97","07/2027"
"1076.","DUONASE - F NASAL SPARY","SUSP","MND0384","30049099 (2.5%+2.5%)","millennium medisolutions pvt ltd.","1","0","376.75","470.93","494.48","09/2026"
"1077.","DUONASE - F NASAL SPARY","SUSP","MND0382","30049099 (2.5%+2.5%)","millennium medisolutions pvt ltd.","1","0","376.75","470.93","494.48","09/2026"
"1078.","DUONASE NASAL SPRA","SUSP","5SA1396","30049099 (2.5%+2.5%)","GUPTA MEDICAL HALL","1","0","420.12","525.15","551.41","06/2027"
"1079.","DUONASE NASAL SPRAY","SUSP","5SA1958","30041090 (2.5%+2.5%)","millennium medisolutions pvt ltd.","1","0","420.12","525.15","551.41","08/2027"
"1080.","DURAPLUS","TAB","SZC0071","30066010 (2.5%+2.5%)","millennium medisolutions pvt ltd.","4","1","258.57","323.22","339.38","09/2027"
"1081.","DUZELA 30 MG CAP","CAPs","GTH0614A","30049079 (2.5%+2.5%)","millennium medisolutions pvt ltd.","10","2","160.76","200.95","211.00","09/2027"
"1082.","DUZELA 30 MG CAP","CAPs","GTG1968A","30049079 (2.5%+2.5%)","millennium medisolutions pvt ltd.","10","0","149.29","186.61","195.94","05/2027"
"1083.","DUZELA 60 MG CAP","CAPs","GTG3214A","30049079 (2.5%+2.5%)","millennium medisolutions pvt ltd.","10","2","222.86","278.57","292.50","09/2027"
"1084.","DYTOR 10 MG","TAB","5SN0810","30049079 (2.5%+2.5%)","millennium medisolutions pvt ltd.","15","0","80.70","100.88","105.92","02/2028"
"1085.","DYTOR 10 MG","TAB","5GK0765","30049079 (2.5%+2.5%)","GUPTA MEDICAL HALL","15","1 + {4}","80.71","100.88","105.92","06/2027"
"1086.","DYTOR 10 MG","TAB","4GK0804","30049079 (2.5%+2.5%)","GUPTA MEDICAL HALL","15","0","73.37","91.71","96.30","09/2026"
"1087.","DYTOR 5 MG","TAB","5SN2248","3004 (2.5%+2.5%)","NEW sai medicose","15","0","56.36","75.14","78.90","11/2027"
"1088.","DYTOR 5 MG","TAB","5SN1452","30049079 (2.5%+2.5%)","millennium medisolutions pvt ltd.","15","0","56.35","70.44","73.96","06/2028"
"1089.","DYTOR 5 MG","TAB","5SN2121","3004 (2.5%+2.5%)","GUPTA MEDICAL HALL","15","2 + {26}","61.98","77.48","81.35","10/2028"
"1090.","DYTOR PLUS 10","TAB","5SB0632","30049079 (2.5%+2.5%)","GUPTA MEDICAL HALL","15","1 + {14}","84.89","106.11","111.42","06/2027"
"1091.","DYTOR PLUS 10","TAB","5SB0299","30049079 (2.5%+2.5%)","millennium medisolutions pvt ltd.","15","0","84.89","106.11","111.42","02/2027"
"1092.","DYTOR PLUS 10","TAB","5SB0769","30049079 (2.5%+2.5%)","millennium medisolutions pvt ltd.","15","0 + {6}","84.89","106.11","111.42","03/2027"
"1093.","DYTOR PLUS 5","TAB","4SN1367","3004 (2.5%+2.5%)","NEW sai medicose","15","0","68.31","91.09","95.64","06/2026"
"1094.","DYTOR PLUS 5","TAB","5SN1760","15042090 (2.5%+2.5%)","millennium medisolutions pvt ltd.","15","2","75.14","93.92","98.62","07/2027"
"1095.","DYTOR PLUS LS","TAB","5SB0754","30049079 (2.5%+2.5%)","GUPTA MEDICAL HALL","15","0","59.47","74.33","78.05","08/2027"
"1096.","E.T TUBE 7.0 CF","Tube","G26B010057","9018 (2.5%+2.5%)","nath medicose","1","3","67.13","190.48","200.00","01/2031"
"1097.","E.T TUBE 8.0 MM CF","Tube","G26D010124","9018 (2.5%+2.5%)","nath medicose","1","1","67.13","190.48","200.00","03/2031"
"1098.","E.T. TUBE 3.0 PLAIN","Tube","G24B010960","9018 (2.5%+2.5%)","nath medicose","1","3","40.00","106.67","112.00","01/2029"
"1099.","E.T. TUBE 4.0 MM (PLAN)","Tube","G24L011107","9018 (2.5%+2.5%)","nath medicose","1","3","40.00","106.67","112.00","11/2029"
"1100.","E.T. TUBE 4.5 MM (PLAIN)","Tube","G24L010657","9018 (2.5%+2.5%)","nath medicose","1","3","40.00","106.67","112.00","11/2029"
"1101.","E.T. TUBE 5 CF","Tube","G24K010921","9018 (2.5%+2.5%)","nath medicose","1","3","65.00","158.10","166.00","10/2029"
"1102.","E.T. TUBE 5.5 MM CF","Tube","G241011093","9018 (2.5%+2.5%)","nath medicose","1","3","65.00","158.10","166.00","08/2029"
"1103.","E.T. TUBE 6.0 MM CF","Tube","G24K010710","9018 (2.5%+2.5%)","nath medicose","1","3","65.00","158.10","166.00","10/2029"
"1104.","E.T. TUBE 6.5 CF","Tube","G24L010511","9018 (2.5%+2.5%)","nath medicose","1","3","65.00","158.10","166.00","11/2029"
"1105.","E.T. TUBE 7.5 CF","Tube","G24C010749","9018 (2.5%+2.5%)","nath medicose","1","0","65.00","158.10","166.00","02/2029"
"1106.","E.T. TUBE 7.5 CF","Tube","G26C010236","9018 (2.5%+2.5%)","nath medicose","1","2","67.13","190.48","200.00","02/2031"
"1107.","E.T. TUBE 8.0 MM CF","Tube","G24K010905","9018 (2.5%+2.5%)","nath medicose","1","0","65.00","158.10","166.00","10/2029"
"1108.","E.T. TUBE 8.0 MM CF","Tube","G26C010688","9018 (2.5%+2.5%)","nath medicose","1","2","67.13","190.48","200.00","02/2031"
"1109.","E.TUBE 6.5 CUFF","General","22TE-03J","9018 (2.5%+2.5%)","MAHADEV ENTERPRISES","1","1","255.00","1,476.19","1,550.00","04/2027"
"1110.","EASYLAX - L","SYRUP","EAL25011","3004 (2.5%+2.5%)","SHREE GOPAL  PHARMACEUTICALS","1","0","75.00","125.00","131.25","04/2027"
"1111.","EASYLAX - L SYP","SYRUP","Eal25021","3004 (2.5%+2.5%)","OM MEDICAL HALL","1","0","71.00","109.52","115.00","11/2027"
"1112.","EASYLAX - L SYP","SYRUP","EAL26002","3004 (2.5%+2.5%)","OM MEDICAL HALL","1","3","71.00","125.00","131.25","12/2027"
"1113.","EASYLAX - L SYP","SYRUP","EAL25011","3004 (2.5%+2.5%)","SHREE GOPAL  PHARMACEUTICALS","1","0","75.00","124.76","131.00","04/2027"
"1114.","EASYLAX - L SYP","SYRUP","EAL25019","3004 (2.5%+2.5%)","OM MEDICAL HALL","1","0","68.68","125.00","131.25","11/2027"
"1115.","EBAST - 10","TAB","EBAS0071","30049079 (2.5%+2.5%)","millennium medisolutions pvt ltd.","15","0","146.36","182.95","192.10","08/2028"
"1116.","EBAST - 20","TAB","EBBS0077","30049079 (2.5%+2.5%)","millennium medisolutions pvt ltd.","15","0 + {13}","159.24","199.05","209.00","08/2028"
"1117.","EBAST - 20","TAB","EBBS0078","30049079 (2.5%+2.5%)","millennium medisolutions pvt ltd.","15","3","132.38","199.05","209.00","08/2028"
"1118.","EBAST - DC","TAB","EBDS0062","30049099 (2.5%+2.5%)","HEMANT MEDICAL AGENCIES","10","7 + {2}","72.52","129.52","136.00","02/2028"
"1119.","EBAST - DC","TAB","EBDS0055","30049099 (2.5%+2.5%)","millennium medisolutions pvt ltd.","10","0","94.94","118.67","124.60","09/2027"
"1120.","EBAST - DC","TAB","EBDS0055","30049099 (2.5%+2.5%)","HEMANT MEDICAL AGENCIES","10","0 + {4}","79.75","118.67","124.60","09/2027"
"1121.","EBAST - DC","TAB","EBDS0051","30049099 (2.5%+2.5%)","HEMANT MEDICAL AGENCIES","10","0","78.91","118.67","124.60","08/2027"
"1122.","EBAST - DC","TAB","EBDS0060","30049099 (2.5%+2.5%)","millennium medisolutions pvt ltd.","10","0 + {8}","94.94","118.67","124.60","12/2027"
"1123.","EBAST - M","TAB","EMBS0091","30049099 (2.5%+2.5%)","SAI BABA SURGICAL","15","0","193.40","290.10","304.60","05/2028"
"1124.","EBAST - M","TAB","EBMS0091","30049099 (2.5%+2.5%)","ANAND MEDICOS","15","12 + {14}","232.08","290.10","304.60","05/2028"
"1125.","EBAST - M","TAB","EBMS0089","30049099 (2.5%+2.5%)","millennium medisolutions pvt ltd.","15","0","192.91","290.10","304.60","04/2028"
"1126.","EBAST - M","TAB","EBMS0089","30049099 (2.5%+2.5%)","ANAND MEDICOS","15","3 + {7}","232.08","290.10","304.60","04/2028"
"1127.","EBAST - M","TAB","EBMS0084","30049099 (2.5%+2.5%)","ANAND MEDICOS","15","10","232.08","290.10","304.60","09/2027"
"1128.","EBAST - M","TAB","EBMS0088","30049099 (2.5%+2.5%)","HEMANT MEDICAL AGENCIES","15","0","192.91","290.10","304.60","02/2028"
"1129.","EBAST - M","TAB","EBMS0090","30049099 (2.5%+2.5%)","SAI BABA SURGICAL","15","0","232.08","290.10","304.60","04/2028"
"1130.","EBAST - M","TAB","EBMS0090","30049099 (2.5%+2.5%)","HEMANT MEDICAL AGENCIES","15","0","194.94","290.10","304.60","04/2028"
"1131.","ECG -1800","Bag","29625S08G0","9018 (2.5%+2.5%)","nath medicose","1","105","4.14","20.63","21.66","06/2027"
"1132.","ECG ELACTRODE","General","456625S08G","90189022 (2.5%+2.5%)","nath medicose","1","0","4.14","10.48","11.00","10/2027"
"1133.","ECG ELACTRODE","General","456625S08G0","90189022 (2.5%+2.5%)","nath medicose","1","0","4.14","10.48","11.00","10/2027"
"1134.","ECG ELACTRODE","General","09626S08G0","90189022 (2.5%+2.5%)","nath medicose","1","177","4.34","10.48","11.00","01/2028"
"1135.","ECG JELLY","Jelly","CC403","30067000 (2.5%+2.5%)","a and a hygien and surgical cre","1","5","28.00","53.33","56.00","10/2030"
"1136.","ECG JELLY","Jelly","CC1105","30067000 (2.5%+2.5%)","a and a hygien and surgical cre","1","10","28.00","42.86","45.00","10/2028"
"1137.","ECOSPRIN 150 MG","TAB","4011505","30049062 (2.5%+2.5%)","millennium medisolutions pvt ltd.","14","23 + {6}","8.69","10.08","10.58","05/2027"
"1138.","ECOSPRIN 75 MG","TAB","4011848","30049062 (2.5%+2.5%)","NEW sai medicose","14","0","4.34","5.04","5.29","12/2027"
"1139.","ECOSPRIN 75 MG","TAB","04011966","30049062 (2.5%+2.5%)","OM MEDICAL HALL","14","19 + {4}","4.38","5.04","5.29","02/2028"
"1140.","ECOSPRIN 75 MG","TAB","04011505","30049062 (2.5%+2.5%)","millennium medisolutions pvt ltd.","14","7","4.34","5.04","5.29","07/2027"
"1141.","ECOSPRIN AV 150/20","CAPs","28027321","30049062 (2.5%+2.5%)","millennium medisolutions pvt ltd.","15","3","58.76","69.95","73.45","02/2027"
"1142.","ECOSPRIN AV 75","TAB","28027096","30049062 (2.5%+2.5%)","millennium medisolutions pvt ltd.","15","1 + {7}","48.97","58.30","61.22","01/2027"
"1143.","ECOSPRIN AV 75","TAB","28028007","30049062 (2.5%+2.5%)","OM MEDICAL HALL","15","5","49.46","58.30","61.22","07/2027"
"1144.","ECOSPRIN AV 75/20","TAB","28027772","30049062 (2.5%+2.5%)","millennium medisolutions pvt ltd.","15","0","53.44","63.62","66.80","06/2027"
"1145.","ECOSPRIN AV 75/20","TAB","28027773","30049062 (2.5%+2.5%)","millennium medisolutions pvt ltd.","15","0","53.44","63.62","66.80","06/2027"
"1146.","ECOSPRIN AV 75/20","TAB","28027613","30049062 (2.5%+2.5%)","millennium medisolutions pvt ltd.","15","0","53.44","63.62","66.80","05/2027"
"1147.","ECOSPRIN AV 75/20","TAB","28028278","30049062 (2.5%+2.5%)","OM MEDICAL HALL","15","0 + {1}","53.43","63.62","66.80","09/2027"
"1148.","ECOSPRIN AV 75/20","TAB","28028559","30049062 (2.5%+2.5%)","NEW sai medicose","15","9 + {11}","53.44","63.62","66.80","11/2027"
"1149.","ECOSPRIN AV 75/20","TAB","28027986","30049062 (2.5%+2.5%)","millennium medisolutions pvt ltd.","15","0","53.44","63.62","66.80","07/2027"
"1150.","ECOSPRIN AV 75/20","TAB","28027548","30049062 (2.5%+2.5%)","millennium medisolutions pvt ltd.","15","0","53.44","63.62","66.80","04/2027"
"1151.","ECOSPRIN AV 75/20","TAB","28028122","30049062 (2.5%+2.5%)","OM MEDICAL HALL","15","0 + {5}","53.43","63.62","66.80","08/2027"
"1152.","ECOSPRIN AV 75/20","TAB","28028401","30049062 (2.5%+2.5%)","OM MEDICAL HALL","15","2 + {4}","53.44","63.62","66.80","10/2027"
"1153.","ECOSPRIN AV 75/20","TAB","28028412","30049062 (2.5%+2.5%)","millennium medisolutions pvt ltd.","15","0 + {9}","53.44","63.62","66.80","10/2027"
"1154.","ECOSPRIN AV 75/20","TAB","28027682","30049062 (2.5%+2.5%)","OM MEDICAL HALL","15","0","53.96","63.62","66.80","05/2027"
"1155.","ECOSPRIN AV 75/20","TAB","28028032","30049062 (2.5%+2.5%)","millennium medisolutions pvt ltd.","15","0","53.44","63.62","66.80","08/2027"
"1156.","ECOSPRIN AV 75/20","TAB","28027848","30049062 (2.5%+2.5%)","OM MEDICAL HALL","15","0","53.96","63.62","66.80","06/2027"
"1157.","ECOSPRIN AV 75/40","TAB","28027485","30049062 (2.5%+2.5%)","millennium medisolutions pvt ltd.","10","3","165.38","196.88","206.72","04/2027"
"1158.","ECOSPRIN AV 75/40","TAB","28027384","30049062 (2.5%+2.5%)","millennium medisolutions pvt ltd.","10","0 + {3}","165.38","196.88","206.72","03/2027"
"1159.","ECOSPRIN GOLD 40 CAP","CAPs","ECS26008","30049092 (2.5%+2.5%)","millennium medisolutions pvt ltd.","15","0","206.56","245.90","258.19","07/2027"
"1160.","ECOSPRIN GOLD 40 CAP","CAPs","ECS25038","30049092 (2.5%+2.5%)","millennium medisolutions pvt ltd.","15","0 + {5}","206.56","245.90","258.19","02/2027"
"1161.","ECOSPRIN GOLD 40 CAP","CAPs","ECS26013","30049092 (2.5%+2.5%)","millennium medisolutions pvt ltd.","15","2","206.56","245.90","258.19","08/2027"
"1162.","ECOSPRIN GOLD 40 CAP","CAPs","ECS25027","30049092 (2.5%+2.5%)","SHIV PHARMA TRADERS","15","0","206.55","245.81","258.19","12/2026"
"1163.","EDOFUR INJ","INJ","ACC09","3004 (2.5%+2.5%)","SHREE GOPAL  PHARMACEUTICALS","1","54","3.60","6.08","6.38","02/2028"
"1164.","ELDICET 50 MG TAB","TAB","MBDA5014","30049039 (2.5%+2.5%)","","15","1 + {11}","424.95","531.19","557.75","04/2028"
"1165.","ELDICET 50 MG TAB","TAB","MBDA5014","30049039 (2.5%+2.5%)","millennium medisolutions pvt ltd.","15","2","424.95","531.19","557.75","04/2028"
"1166.","ELECTRAL POWDER","Powder","035K054","30049086 (2.5%+2.5%)","GUPTA MEDICAL HALL","1","0","17.56","21.95","23.05","10/2027"
"1167.","ELECTRAL POWDER","Powder","0626C051","30049086 (2.5%+2.5%)","AMIT MEDICOSE","1","0","17.68","22.10","23.20","02/2028"
"1168.","ELECTRAL POWDER","Powder","0326D078","30049086 (2.5%+2.5%)","OM MEDICAL HALL","1","0","17.69","22.10","23.20","03/2028"
"1169.","ELECTRAL POWDER","Powder","03SL035","30049086 (2.5%+2.5%)","NEW sai medicose","1","23","17.56","21.95","23.05","11/2027"
"1170.","ELECTRAL POWDER","Powder","035J004","30049086 (2.5%+2.5%)","GUPTA MEDICAL HALL","1","0","17.56","21.95","23.05","09/2027"
"1171.","ELECTRAL POWDER ORANGE","Powder","0351077","30049086 (2.5%+2.5%)","GUPTA MEDICAL HALL","1","0","17.56","21.95","23.05","08/2027"
"1172.","ELECTRAL POWDER ORANGE","Powder","032E073","30049086 (2.5%+2.5%)","AMIT MEDICOSE","1","17","17.68","22.10","23.20","04/2028"
"1173.","ELTROXIN 125 MG","TAB","T92N","3004 (2.5%+2.5%)","NEW sai medicose","1","1","82.55","103.16","108.32","10/2027"
"1174.","ELTROXIN 50 MG","TAB","YU4J","3004 (2.5%+2.5%)","millennium medisolutions pvt ltd.","1","1","86.88","108.60","114.03","01/2028"
"1175.","ELTROXIN 50 MG","TAB","VS5M","3004 (2.5%+2.5%)","NEW sai medicose","1","1","86.89","108.57","114.00","12/2027"
"1176.","ELX-D3 NANO SHOT","Bottle","CRL250703","300490 (2.5%+2.5%)","SARASWATI MEDICAL AGENCY","1","0","61.10","75.90","79.69","12/2026"
"1177.","ELX-D3 NANO SHOT","Bottle","CRL2605014C","300490 (2.5%+2.5%)","SARASWATI MEDICAL AGENCY","1","33","50.22","80.95","85.00","10/2027"
"1178.","EME- OD","TAB","K2502019","30049039 (2.5%+2.5%)","millennium medisolutions pvt ltd.","10","0 + {9}","281.79","352.23","369.84","07/2028"
"1179.","EMESET 2 ML INJ","INJ","6S60092","30049035 (2.5%+2.5%)","gandhi medical hall","1","139","5.30","12.19","12.80","03/2029"
"1180.","EMESET 2 ML INJ","INJ","5L60151","30049035 (2.5%+2.5%)","OM MEDICAL HALL","1","0","5.65","12.11","12.72","04/2028"
"1181.","EMESET 2 ML INJ","INJ","6S60067","30049035 (2.5%+2.5%)","gandhi medical hall","1","0","5.30","12.11","12.72","02/2029"
"1182.","EMESET 2 ML INJ","INJ","6S60041","30049035 (2.5%+2.5%)","gandhi medical hall","1","0","5.30","12.11","12.72","01/2029"
"1183.","EMESET 2 ML INJ","INJ","5S60056","30049035 (2.5%+2.5%)","OM MEDICAL HALL","1","0","5.65","12.11","12.72","03/2028"
"1184.","EMESET 2 ML INJ","INJ","5S60109","30049035 (2.5%+2.5%)","GUPTA MEDICAL HALL","1","0","5.65","12.11","12.72","05/2028"
"1185.","EMESET 2 ML INJ","INJ","5S60111","30049035 (2.5%+2.5%)","gandhi medical hall","1","0","5.30","12.11","12.72","05/2028"
"1186.","EMESET 2 ML INJ","INJ","5L60156","30049035 (2.5%+2.5%)","GUPTA MEDICAL HALL","1","0","5.65","12.11","12.72","08/2028"
"1187.","EMESET 2 ML INJ","INJ","5S60126","30049035 (2.5%+2.5%)","GUPTA MEDICAL HALL","1","0","5.65","12.92","13.57","06/2028"
"1188.","EMESET 2 ML INJ","INJ","5L60150","30049035 (2.5%+2.5%)","GUPTA MEDICAL HALL","1","0","5.65","12.92","13.57","04/2028"
"1189.","EMESET 2 ML INJ","INJ","5A00209","30049035 (2.5%+2.5%)","GUPTA MEDICAL HALL","1","0","5.65","12.11","12.72","03/2028"
"1190.","EMESET 2 ML INJ","INJ","6S60070","30049035 (2.5%+2.5%)","GUPTA MEDICAL HALL","1","40","5.65","12.19","12.80","02/2029"
"1191.","EMESET-4 MG","TAB","5SN1393","30049035 (2.5%+2.5%)","millennium medisolutions pvt ltd.","10","0","41.84","52.30","54.91","05/2028"
"1192.","EMESET-4 MG","TAB","6SN0545","30049035 (2.5%+2.5%)","millennium medisolutions pvt ltd.","10","3 + {6}","42.08","52.60","55.23","02/2029"
"1193.","EMESET-4 MG","TAB","5SN1041","30049035 (2.5%+2.5%)","NEW sai medicose","10","0","39.40","52.30","54.91","04/2028"
"1194.","EMESET-4 MG","TAB","5SN1442","30049035 (2.5%+2.5%)","GUPTA MEDICAL HALL","10","0","41.83","52.30","54.91","05/2028"
"1195.","EMESET-4 MG","TAB","5SN1824","30049035 (2.5%+2.5%)","GUPTA MEDICAL HALL","10","0","41.83","52.29","54.90","07/2028"
"1196.","EMESET-4 MG","TAB","5SN1342","30049035 (2.5%+2.5%)","millennium medisolutions pvt ltd.","10","0","34.78","52.30","54.91","05/2028"
"1197.","EMESET-4 MG","TAB","6SN0859","30049035 (2.5%+2.5%)","millennium medisolutions pvt ltd.","10","12","42.08","52.60","55.23","03/2029"
"1198.","EMESET-4 MG","TAB","5SN1442","30049035 (2.5%+2.5%)","millennium medisolutions pvt ltd.","10","0","41.83","52.29","54.90","05/2028"
"1199.","EMESET-4 MG","TAB","6SN0242","30049035 (2.5%+2.5%)","millennium medisolutions pvt ltd.","10","0","41.83","48.48","50.90","12/2028"
"1200.","EMPAGLYDE  25 MG","TAB","FW2Y004","30049099 (2.5%+2.5%)","HEMANT MEDICAL AGENCIES","10","0 + {4}","70.71","88.38","92.80","02/2027"
"1201.","EMPATROL LM 10/1000","TAB","AFW01AWA","30049099 (2.5%+2.5%)","sanghi pharma","10","5","105.71","132.14","138.75","09/2027"
"1202.","EMPATROL LM 25/1000","TAB","AFW01AXA","30049099 (2.5%+2.5%)","sanghi pharma","10","5","122.86","153.57","161.25","08/2027"
"1203.","EMPHA 25 MG","TAB","N2502677","30049099 (2.5%+2.5%)","millennium medisolutions pvt ltd.","10","3 + {4}","85.10","106.25","111.56","07/2027"
"1204.","EMSET 2 ML","INJ","5L60151","300490 (2.5%+2.5%)","gandhi medical hall","1","0","5.02","12.92","13.57","04/2028"
"1205.","EMSET-4MG","TAB","5SN1442","30049035 (2.5%+2.5%)","millennium medisolutions pvt ltd.","10","4 + {1}","41.83","52.30","54.92","05/2028"
"1206.","ENOBILE LOTION 100 ML","Solution","CC250201","3004 (2.5%+2.5%)","NEW sai medicose","1","0","51.30","211.43","222.00","06/2028"
"1207.","ENOBLE LOTION","Solution","ADE25924","3004 (2.5%+2.5%)","NEW sai medicose","1","1","51.30","139.05","146.00","06/2027"
"1208.","ENOXATIL 40 MG INJ","INJ","ME2505007A","30049099 (2.5%+2.5%)","BAJAJ MEDICAL AGENCY","1","0","125.00","455.76","478.55","01/2027"
"1209.","ENOXATIL 60 MG INJ","INJ","ME2406017","30049099 (2.5%+2.5%)","BAJAJ MEDICAL AGENCY","1","0","135.00","671.94","705.54","05/2026"
"1210.","ENOXT 60 MG","INJ","ME2511032B","30049099 (2.5%+2.5%)","BAJAJ MEDICAL AGENCY","1","2","150.00","683.64","717.82","10/2027"
"1211.","ENTROYES SUSP.","Bottle","TBZAA001","30024910 (2.5%+2.5%)","ROHIT PHARMA","1","18","14.50","68.57","72.00","03/2028"
"1212.","ENZOCORT 40 INJ","INJ","AS25027","300490 (2.5%+2.5%)","SKL PHARMA","1","0","20.00","63.81","67.00","01/2027"
"1213.","ENZOVENT PLUS","TAB","25S2GT4164","3004 (2.5%+2.5%)","NEW sai medicose","10","0","51.00","95.24","100.00","12/2026"
"1214.","EPLEBLESS - 25","TAB","B8BPY015","30049079 (2.5%+2.5%)","HEMANT MEDICAL AGENCIES","10","3","128.77","160.96","169.01","08/2027"
"1215.","EPLERITE -25","TAB","25S2GTD102","3004 (2.5%+2.5%)","gandhi medical hall","10","2","156.19","194.29","204.00","11/2027"
"1216.","EPTOIN  INJ","INJ","APL0042","30049099 (2.5%+2.5%)","SAI BABA SURGICAL","1","50","9.68","12.90","13.55","07/2028"
"1217.","EPTOIN  INJ","INJ","APL0031","30049099 (2.5%+2.5%)","millennium medisolutions pvt ltd.","1","0","9.68","12.10","12.70","04/2028"
"1218.","ERALAX GRANULES 100 GM","Powder","23JBEX20","3004 (2.5%+2.5%)","SHREE GOPAL  PHARMACEUTICALS","1","10","160.00","200.00","210.00","06/2029"
"1219.","ERDOSTYNE 300 MG TAB","CAPs","5N40801","30049099 (2.5%+2.5%)","millennium medisolutions pvt ltd.","10","0","259.28","324.10","340.31","11/2027"
"1220.","ERDOSTYNE 300 MG TAB","CAPs","5N40132","30049099 (2.5%+2.5%)","millennium medisolutions pvt ltd.","10","0","235.71","294.64","309.37","01/2027"
"1221.","ERDOSTYNE 300 MG TAB","CAPs","5N40720","30049099 (2.5%+2.5%)","gandhi medical hall","10","0","259.28","324.10","340.31","09/2027"
"1222.","ERDOSTYNE 300 MG TAB","CAPs","6N40144","30049099 (2.5%+2.5%)","gandhi medical hall","10","2 + {27}","259.28","324.10","340.31","02/2028"
"1223.","ERDOSTYNE 300 MG TAB","CAPs","6N40114","30049099 (2.5%+2.5%)","millennium medisolutions pvt ltd.","10","4 + {7}","259.28","324.10","340.31","02/2028"
"1224.","ERDOSTYNE 300 MG TAB","CAPs","5N40769","30049099 (2.5%+2.5%)","millennium medisolutions pvt ltd.","10","0","259.28","324.10","340.31","10/2027"
"1225.","ERDOSTYNE 300 MG TAB","CAPs","5N40500","30049099 (2.5%+2.5%)","millennium medisolutions pvt ltd.","10","0","259.28","324.10","340.31","06/2027"
"1226.","ERDOSTYNE 300 MG TAB","CAPs","5N40720","30049099 (2.5%+2.5%)","HEMANT MEDICAL AGENCIES","10","0","259.28","324.10","340.31","09/2027"
"1227.","ESJOR - 40","INJ","26GA15M","30043919 (2.5%+2.5%)","GUPTA MEDICAL HALL","1","8","78.38","93.30","97.97","12/2027"
"1228.","ESJOY MINI TAB","TAB","GENT12298C","3004 (2.5%+2.5%)","THE MOLEKULE DISTRIBUTORS","10","6 + {3}","54.00","93.75","98.44","01/2028"
"1229.","ESOMEZA-LSR CAP","CAPs","25CK156","3004 (2.5%+2.5%)","gandhi medical hall","10","0 + {6}","45.00","106.67","112.00","07/2027"
"1230.","ESOVENT LSR CAP","CAPs","I4775006","3004 (2.5%+2.5%)","NEW sai medicose","10","0 + {6}","39.21","84.76","89.00","08/2027"
"1231.","ESPRA - DSR","CAPs","CB-122502","30049039 (2.5%+2.5%)","ROHIT PHARMA","15","10 + {21}","132.31","215.53","226.31","11/2027"
"1232.","ESPRA DSR","CAPs","CB-082504","30049099 (2.5%+2.5%)","millennium medisolutions pvt ltd.","10","0","114.94","143.69","150.87","07/2027"
"1233.","ESPRA DSR","CAPs","CB-092502","30049099 (2.5%+2.5%)","ROHIT PHARMA","10","0","88.19","143.67","150.85","08/2027"
"1234.","ESPRA DSR TAB","CAPs","CB-082504","30049069 (2.5%+2.5%)","millennium medisolutions pvt ltd.","10","0","114.94","143.69","150.87","07/2027"
"1235.","ESPRA DSR TAB","CAPs","CB-082504","30049069 (2.5%+2.5%)","millennium medisolutions pvt ltd.","10","0","114.94","143.69","150.87","07/2027"
"1236.","ESPRA-  DSR","CAPs","CB-022605","30049039 (2.5%+2.5%)","ROHIT PHARMA","15","0","132.31","215.53","226.31","01/2028"
"1237.","ETERNA INJ","INJ","ZAFG2507","3004 (2.5%+2.5%)","SHREE GOPAL  PHARMACEUTICALS","1","17","4.83","12.08","12.68","09/2027"
"1238.","ETILAAM - 0.5 MG","TAB","N2503360","30049088 (2.5%+2.5%)","millennium medisolutions pvt ltd.","15","0 + {7}","90.54","113.17","118.83","09/2028"
"1239.","ETISAFE - S","TAB","MOT-0441B","30049099 (2.5%+2.5%)","BAJAJ MEDICAL AGENCY","10","7","76.37","120.53","126.56","06/2027"
"1240.","ETISAFE PLUS","TAB","MDT-1963A","30049079 (2.5%+2.5%)","BAJAJ MEDICAL AGENCY","10","0","49.92","62.41","65.53","02/2027"
"1241.","ETISAFE PLUS","TAB","MOT-1963A","30049079 (2.5%+2.5%)","BAJAJ MEDICAL AGENCY","10","17 + {2}","49.92","62.41","65.53","02/2027"
"1242.","ETIZOLA 0.25","TAB","18253623C","30049088 (2.5%+2.5%)","millennium medisolutions pvt ltd.","15","0 + {14}","58.21","72.76","76.40","08/2029"
"1243.","ETIZOLA 0.5","TAB","18255154A","30049088 (2.5%+2.5%)","millennium medisolutions pvt ltd.","15","1 + {6}","83.78","104.72","109.96","11/2029"
"1244.","ETIZOLA 0.5","TAB","18260717B","30049088 (2.5%+2.5%)","millennium medisolutions pvt ltd.","15","2","92.14","115.18","120.94","01/2029"
"1245.","ETIZOLA 0.5","TAB","18253624B","30049088 (2.5%+2.5%)","millennium medisolutions pvt ltd.","15","0","83.78","104.72","109.96","08/2029"
"1246.","ETIZOLA LITE 5 MG","TAB","18254163A","30049088 (2.5%+2.5%)","millennium medisolutions pvt ltd.","10","2 + {5}","85.53","106.91","112.26","09/2027"
"1247.","ETOMET 90","TAB","MFT26030254","30049069 (2.5%+2.5%)","SHIV MEDICAL AGENCIES","10","68 + {7}","86.58","150.48","158.00","02/2028"
"1248.","ETOMET MR","TAB","MFT25100751","30049069 (2.5%+2.5%)","SHIV MEDICAL AGENCIES","10","11 + {9}","158.37","303.81","319.00","09/2027"
"1249.","ETORIFECT - MR","TAB","DT251031C","3004 (2.5%+2.5%)","mohinder pharma","10","0","58.00","159.05","167.00","06/2027"
"1250.","ETORIMIST - 90","TAB","DT251065","3004 (2.5%+2.5%)","PRAKASH MEDICOS","10","40","19.30","33.33","35.00","06/2027"
"1251.","ETORO - TH","TAB","2GT24913A","3004 (2.5%+2.5%)","S.P . MEDICAL AGENCIES","10","0","111.99","194.42","204.14","10/2027"
"1252.","ETOROFIT - TH","TAB","JTD26D49B","300490 (2.5%+2.5%)","GUPTA MEDICAL HALL","10","23 + {2}","119.23","197.14","207.00","03/2028"
"1253.","ETOS - 90","TAB","HEN041124","30049069 (2.5%+2.5%)","sanghi pharma","10","0 + {6}","55.00","68.75","72.19","10/2026"
"1254.","ETOS - MR","TAB","ER021225","30049069 (2.5%+2.5%)","SHREE GOPAL  PHARMACEUTICALS","10","0","109.99","137.50","144.37","11/2027"
"1255.","ETOS - MR","TAB","HER180825","30049069 (2.5%+2.5%)","sanghi pharma","10","0","110.00","137.50","144.38","07/2027"
"1256.","ETOS - MR","TAB","HER210925","30049069 (2.5%+2.5%)","HEMANT MEDICAL AGENCIES","10","0","110.00","137.50","144.37","08/2027"
"1257.","ETOS - MR","TAB","ER032604","30049069 (2.5%+2.5%)","SHREE GOPAL  PHARMACEUTICALS","10","9 + {9}","120.38","150.48","158.00","02/2028"
"1258.","ETOS - MR","TAB","HER281025","30049069 (2.5%+2.5%)","millennium medisolutions pvt ltd.","10","0","109.99","137.50","144.37","09/2027"
"1259.","ETOS - MR","TAB","HER281025","30049069 (2.5%+2.5%)","HEMANT MEDICAL AGENCIES","10","0","110.00","137.50","144.37","09/2027"
"1260.","ETOS - MR","TAB","HER251025","30049069 (2.5%+2.5%)","SHREE GOPAL  PHARMACEUTICALS","10","0","109.99","137.50","144.37","09/2027"
"1261.","ETOS - MR","TAB","HER261025","30049069 (2.5%+2.5%)","HEMANT MEDICAL AGENCIES","10","0","110.00","137.50","144.37","09/2027"
"1262.","ETOS - MR","TAB","HER281025","30049069 (2.5%+2.5%)","SHREE GOPAL  PHARMACEUTICALS","10","0","109.99","137.50","144.37","09/2027"
"1263.","ETOS - MR","TAB","ER021225","30049069 (2.5%+2.5%)","HEMANT MEDICAL AGENCIES","10","0","110.00","137.50","144.37","11/2027"
"1264.","ETOS - MR","TAB","ER200825","30049069 (2.5%+2.5%)","sanghi pharma","10","0","110.00","137.50","144.38","07/2027"
"1265.","ETOS - MR","TAB","ER041225","30045090 (2.5%+2.5%)","SHREE GOPAL  PHARMACEUTICALS","10","0 + {3}","109.00","137.14","144.00","11/2027"
"1266.","ETOS - MR","TAB","ER022603","30049069 (2.5%+2.5%)","millennium medisolutions pvt ltd.","10","4","120.38","150.48","158.00","01/2028"
"1267.","ETOS - MR","TAB","HER251025","30049069 (2.5%+2.5%)","HEMANT MEDICAL AGENCIES","10","0","110.00","137.50","144.37","09/2027"
"1268.","ETOSTAIR - T","TAB","MT-122502A","3004 (2.5%+2.5%)","ALISIER DRUGS PVT . LTD","10","0","55.12","240.95","253.00","11/2027"
"1269.","ETOSTAIR -120","TAB","TLT-25113","30049099 (2.5%+2.5%)","ALISIER DRUGS PVT . LTD","10","0","18.55","147.62","155.00","05/2027"
"1270.","ETOSTAIR -120","TAB","ST-254198","30049099 (2.5%+2.5%)","ALISIER DRUGS PVT . LTD","10","18 + {4}","18.50","106.67","112.00","10/2027"
"1271.","ETOSTAIR -90","TAB","MT-092527A","30049099 (2.5%+2.5%)","ALISIER DRUGS PVT . LTD","10","0 + {4}","17.54","100.00","105.00","08/2027"
"1272.","EURYTHMIC  3 ML INJ","INJ","2FD25002","30049099 (2.5%+2.5%)","BAJAJ MEDICAL AGENCY","1","8","26.00","63.36","66.53","12/2026"
"1273.","EVER DRY ADULT PANT (L)","Diaper","DEC25","9619 (2.5%+2.5%)","nath medicose","1","1","200.00","318.10","334.00","02/2030"
"1274.","EVER DRY ADULT PANT (XL)","Diaper","DEC25","9619 (2.5%+2.5%)","nath medicose","1","0","210.00","317.14","333.00","09/2030"
"1275.","EVION - L 5000 CAP","CAPs","6073E79401","21069099 (2.5%+2.5%)","GUPTA MEDICAL HALL","15","4 + {11}","267.43","334.29","351.00","08/2027"
"1276.","EVION - LC","TAB","6070C82304","3004 (2.5%+2.5%)","millennium medisolutions pvt ltd.","10","1 + {6}","54.07","67.59","70.97","07/2027"
"1277.","EVION - LC","TAB","5317C82305","3004 (2.5%+2.5%)","NEW sai medicose","10","0","49.21","61.46","64.53","04/2027"
"1278.","EVION - LC","TAB","5266C82301","3004 (2.5%+2.5%)","NEW sai medicose","10","0","49.38","61.46","64.53","02/2027"
"1279.","EVION - LC","TAB","6113C82304","3004 (2.5%+2.5%)","millennium medisolutions pvt ltd.","10","4","54.07","67.59","70.97","09/2027"
"1280.","EVION 200","CAPs","5290C59921","3004 (2.5%+2.5%)","NEW sai medicose","10","4","18.14","22.69","23.82","11/2027"
"1281.","EVION 400","CAPs","5154C59910","30045037 (2.5%+2.5%)","OM MEDICAL HALL","20","0 + {7}","68.93","85.31","89.58","07/2027"
"1282.","EVION 400","CAPs","5265C59910","30045037 (2.5%+2.5%)","NEW sai medicose","20","0","68.25","85.30","89.57","11/2027"
"1283.","EVION 400","CAPs","5266C59910","30045037 (2.5%+2.5%)","millennium medisolutions pvt ltd.","20","0 + {10}","68.24","85.30","89.57","11/2027"
"1284.","EVION 400","CAPs","5308C59910","30045037 (2.5%+2.5%)","SHIV PHARMA TRADERS","20","3","68.25","85.31","89.58","12/2027"
"1285.","EVOXIL HP KIT","TAB","T090","3004 (2.5%+2.5%)","SHREE GOPAL  PHARMACEUTICALS","1","0","75.00","128.57","135.00","11/2027"
"1286.","EVOXIL HP KIT","TAB","T099,T218,T1","3004 (2.5%+2.5%)","SHREE GOPAL  PHARMACEUTICALS","1","44","75.00","142.86","150.00","12/2027"
"1287.","EXAMINATION GLOVES","GlOVES","M","33079090 (9%+9%)","nath medicose","1","1150","2.00","5.08","6.00","10/2029"
"1288.","EXAMINATION GLOVES","GlOVES","125478","33079090 (9%+9%)","a and a hygien and surgical cre","1","600","2.30","5.93","7.00","10/2028"
"1289.","EXAMINATION GLOVES","GlOVES","123654","33079090 (9%+9%)","a and a hygien and surgical cre","1","300","1.10","4.24","5.00","10/2028"
"1290.","EXAMINATION GLOVES","GlOVES","154698S","33079090 (9%+9%)","a and a hygien and surgical cre","1","0","100.00","169.49","200.00","10/2030"
"1291.","EXAMINATION GLOVES","GlOVES","12548","33079090 (9%+9%)","a and a hygien and surgical cre","1","10","110.00","135.59","160.00","10/2029"
"1292.","EXAMINATION GLOVES","GlOVES","1","33079090 (9%+9%)","nath medicose","1","200","2.00","5.08","6.00","10/2029"
"1293.","EXTACEF - XL 1.5 INJ","INJ","ZAGA2610","3004 (2.5%+2.5%)","SHREE GOPAL  PHARMACEUTICALS","1","3","39.00","161.90","170.00","04/2028"
"1294.","EXTACEF 200 DT","TAB","TC2538","3004 (2.5%+2.5%)","SHREE GOPAL  PHARMACEUTICALS","10","0 + {2}","70.71","88.39","92.81","02/2028"
"1295.","EXTEENA TRIO","General","G25K010746","9018 (2.5%+2.5%)","MAHADEV ENTERPRISES","1","0","93.25","169.52","178.00","10/2030"
"1296.","EXTEENA TRIO","General","G26010764","9018 (2.5%+2.5%)","nath medicose","1","16","100.69","214.29","225.00","01/2031"
"1297.","EZEDOC 10 MG","TAB","EA260305","30049099 (2.5%+2.5%)","millennium medisolutions pvt ltd.","15","3","270.55","338.19","355.10","02/2028"
"1298.","FAA 20 TAB","TAB","FAA25041","30049099 (2.5%+2.5%)","millennium medisolutions pvt ltd.","15","3","239.05","298.81","313.75","07/2027"
"1299.","FARO-S INJ","INJ","P5ISI24007","30049093 (2.5%+2.5%)","PRAKASH PHARMA","1","6","18.85","159.10","167.06","01/2027"
"1300.","FARONEM 200 MG","TAB","PECS0137","30049099 (2.5%+2.5%)","millennium medisolutions pvt ltd.","10","1 + {4}","835.72","1,044.65","1,096.88","04/2027"
"1301.","FEBUTEC 40","TAB","GD424016","3004 (2.5%+2.5%)","NEW sai medicose","10","0","18.91","53.33","56.00","04/2027"
"1302.","FEBUTEC 40 MG","TAB","GD425003","3004 (2.5%+2.5%)","NEW sai medicose","10","0","18.91","53.33","56.00","02/2028"
"1303.","FEBUTEC 40 MG","TAB","GD426005","3004 (2.5%+2.5%)","gandhi medical hall","10","12 + {2}","25.10","106.67","112.00","01/2029"
"1304.","FEBUTEC 40 MG","TAB","GD425010","3004 (2.5%+2.5%)","NEW sai medicose","10","0","19.49","53.33","56.00","03/2028"
"1305.","FEBUTEC 40 MG","TAB","GD425013","3004 (2.5%+2.5%)","NEW sai medicose","10","0","19.49","106.67","112.00","06/2028"
"1306.","FEBUTEC 40 MG","TAB","GD425013","3004 (2.5%+2.5%)","gandhi medical hall","10","2 + {2}","25.10","106.67","112.00","06/2028"
"1307.","FEBUTEC 40 MG","TAB","GD425004","3004 (2.5%+2.5%)","NEW sai medicose","10","0","19.49","53.33","56.00","02/2028"
"1308.","FEEDY - 10 TUBE","Tube","G24C011039","9018 (2.5%+2.5%)","nath medicose","1","1","7.60","42.86","45.00","02/2029"
"1309.","FEEDY - 8 TUBE","Tube","G24K010529","9018 (2.5%+2.5%)","nath medicose","1","0","6.70","42.86","45.00","10/2029"
"1310.","FEEDY -05 TUBE","Tube","G25C010610","9018 (2.5%+2.5%)","nath medicose","1","2","7.60","42.86","45.00","02/2030"
"1311.","FEEDY -6  TUBE","Tube","G230110879","9018 (2.5%+2.5%)","nath medicose","1","2","7.60","42.86","45.00","12/2027"
"1312.","FEELJOY CONDOM","General","250635A","3004 (2.5%+2.5%)","NEW sai medicose","1","10","3.00","10.48","11.00","05/2028"
"1313.","FERICIP - XT  TAB","TAB","GF014072","3004 (2.5%+2.5%)","NEW sai medicose","10","0","35.04","84.76","89.00","11/2026"
"1314.","FERICIP - XT  TAB","TAB","GF015045","3004 (2.5%+2.5%)","gandhi medical hall","10","1 + {5}","38.00","84.76","89.00","10/2027"
"1315.","FESTIVE D","DROP","GFDUE-004","3004 (2.5%+2.5%)","NEW sai medicose","1","3","8.99","26.67","28.00","07/2027"
"1316.","FEVAH - BG","TAB","FEVT25003","30042019 (2.5%+2.5%)","FRIENDS PHARMA","10","9","89.20","132.38","139.00","11/2027"
"1317.","FEXIGRA M","TAB","AMQ01CHA","3004 (2.5%+2.5%)","NEW sai medicose","10","1 + {1}","42.79","106.67","112.00","03/2027"
"1318.","FEXUCLUE 40 MG TAB","TAB","GTG1480A","30049099 (2.5%+2.5%)","SHREE GOPAL  PHARMACEUTICALS","10","0","200.00","250.00","262.50","10/2026"
"1319.","FEXUCLUE 40 MG TAB","TAB","GTG1479B","30049099 (2.5%+2.5%)","SHREE GOPAL  PHARMACEUTICALS","10","0","200.00","250.00","262.50","10/2026"
"1320.","FEXUCLUE 40 MG TAB","TAB","GTG3882A","30049099 (2.5%+2.5%)","SHREE GOPAL  PHARMACEUTICALS","10","0 + {1}","200.00","250.00","262.50","12/2027"
"1321.","FEXUCLUE 40 MG TAB","TAB","GTG1480A","30049099 (2.5%+2.5%)","millennium medisolutions pvt ltd.","10","0","200.00","250.00","262.50","10/2026"
"1322.","FEXUCLUE 40 MG TAB","TAB","GTG3324A","30049099 (2.5%+2.5%)","SHREE GOPAL  PHARMACEUTICALS","10","0 + {1}","200.00","250.00","262.50","09/2027"
"1323.","FEXUCLUE 40 MG TAB","TAB","GTG2087A","30049099 (2.5%+2.5%)","millennium medisolutions pvt ltd.","10","0 + {8}","200.00","250.00","262.50","12/2026"
"1324.","FEXUCLUE 40 MG TAB","TAB","GTG3882A","30049099 (2.5%+2.5%)","millennium medisolutions pvt ltd.","10","2 + {2}","200.00","250.00","262.50","12/2027"
"1325.","FIBROBOS - XT","TAB","FXT6T09","21069099 (2.5%+2.5%)","BAJAJ MEDICAL AGENCY","10","20","340.46","408.57","429.00","03/2028"
"1326.","FIBROBOS - XT","TAB","FXT5T13","21069099 (2.5%+2.5%)","BAJAJ MEDICAL AGENCY","10","0","303.01","363.56","381.74","08/2027"
"1327.","FIBROBOS - XT","TAB","FXT6T01","21069099 (2.5%+2.5%)","BAJAJ MEDICAL AGENCY","10","2","340.00","408.57","429.00","12/2027"
"1328.","FINICLOT 2.5","TAB","TMT-1472","3004 (2.5%+2.5%)","gandhi medical hall","15","0 + {11}","44.53","66.96","70.31","10/2027"
"1329.","FINICLOT 5 MG","TAB","TMT-1473","3004 (2.5%+2.5%)","gandhi medical hall","15","4","88.12","133.93","140.63","10/2027"
"1330.","FIXOLIN -M","TAB","T24K032A","30049099 (2.5%+2.5%)","DEEP SHREE PHARMACEUTICALS","10","3 + {4}","154.00","200.00","210.00","10/2026"
"1331.","FLEXABENZ PLUS TAB","TAB","18261279A","30049069 (2.5%+2.5%)","ROHIT PHARMA","10","2 + {5}","261.63","327.04","343.39","02/2028"
"1332.","FLEXABENZ TAB","TAB","14254086A","30049069 (2.5%+2.5%)","millennium medisolutions pvt ltd.","10","4 + {2}","106.06","132.58","139.21","08/2028"
"1333.","FLEXON - GEL","General","FAH034","3004 (2.5%+2.5%)","AMIT MEDICOSE","1","1","78.33","121.43","127.50","07/2026"
"1334.","FLEXON - GEL","General","FAH014","3004 (2.5%+2.5%)","AMIT MEDICOSE","1","0","78.33","121.43","127.50","07/2026"
"1335.","FLEXON - MR","TAB","DPB260314","3004 (2.5%+2.5%)","AMIT MEDICOSE","10","10","24.54","30.67","32.20","01/2029"
"1336.","FLEXON - MR","TAB","DPK251528","3004 (2.5%+2.5%)","AMIT MEDICOSE","10","4 + {3}","22.43","28.03","29.43","09/2028"
"1337.","FLEXON - MR","TAB","DPJ251179","3004 (2.5%+2.5%)","AMIT MEDICOSE","10","1","22.43","28.00","29.43","08/2028"
"1338.","FLIP TAP CATHETER MOUNT","General","G23J040610","9019 (2.5%+2.5%)","SAI BABA SURGICAL","1","9","67.20","461.90","485.00","09/2028"
"1339.","FLOPRESS - DF","CAPs","YC427A","3004 (2.5%+2.5%)","NEW sai medicose","15","1 + {13}","120.00","476.19","500.00","07/2027"
"1340.","FLUCID - B","OINTMENT","533","3004 (2.5%+2.5%)","OM MEDICAL HALL","1","2","17.00","86.96","91.31","12/2027"
"1341.","FLUKA 150","TAB","5N40344","30049029 (2.5%+2.5%)","PRAKASH PHARMA","1","38","5.72","11.43","12.00","04/2028"
"1342.","FLUNARIN - 5 MG","TAB","075I030","30049031 (2.5%+2.5%)","millennium medisolutions pvt ltd.","10","1","20.16","25.20","26.46","08/2028"
"1343.","FLUNARIN - 5 MG","TAB","075K011","30049031 (2.5%+2.5%)","millennium medisolutions pvt ltd.","10","3","20.16","25.20","26.46","10/2028"
"1344.","FLUNARIN 10 MG","TAB","075L006","30049031 (2.5%+2.5%)","millennium medisolutions pvt ltd.","10","1","39.20","49.00","51.45","11/2028"
"1345.","FLUNARIN 10 MG","TAB","0726A017","30049031 (2.5%+2.5%)","millennium medisolutions pvt ltd.","10","0","39.20","49.00","51.45","12/2028"
"1346.","FLUNARZIN 10 MG","TAB","075F012","30049031 (2.5%+2.5%)","millennium medisolutions pvt ltd.","10","0","39.20","49.00","51.45","05/2028"
"1347.","FLUTILERT - AZ","General","N6D024","30049099 (2.5%+2.5%)","GOEL MEDICOS","1","7","70.00","419.05","440.00","03/2028"
"1348.","FOLEY TRAC - 12","General","G25IJ20025","9018 (2.5%+2.5%)","nath medicose","1","3","26.90","85.71","90.00","08/2030"
"1349.","FOLEY TRAC - 14","CATHETER","G251120049","9018 (2.5%+2.5%)","nath medicose","1","1","26.90","85.71","90.00","08/2030"
"1350.","FOLEY TRAC - 14","CATHETER","G251120005","9018 (2.5%+2.5%)","nath medicose","1","0","26.90","85.71","90.00","08/2030"
"1351.","FOLEY TRAC - 14","CATHETER","G24C010552","9018 (2.5%+2.5%)","a and a hygien and surgical cre","1","10","30.00","106.67","112.00","02/2029"
"1352.","FOLEY TRAC - 14","CATHETER","G25L120078","9018 (2.5%+2.5%)","nath medicose","1","0","26.90","85.71","90.00","11/2030"
"1353.","FOLEY TRAC -16","CATHETER","G25K120001","9018 (2.5%+2.5%)","nath medicose","1","1","26.90","85.71","90.00","10/2030"
"1354.","FOLEY TRAC -16","CATHETER","G24K0109921","9018 (2.5%+2.5%)","nath medicose","1","0","26.90","85.71","90.00","10/2029"
"1355.","FOLEY TRAC 12 NO.","CATHETER","G241010556","9018 (2.5%+2.5%)","nath medicose","1","2","26.90","85.71","90.00","08/2029"
"1356.","FOLEY TRAC 18 NO.","CATHETER","G25D120036","9018 (2.5%+2.5%)","nath medicose","1","2","26.90","85.71","90.00","03/2030"
"1357.","FOLINEXT TAB","TAB","DPH250970","30045090 (2.5%+2.5%)","millennium medisolutions pvt ltd.","30","0 + {9}","83.57","104.46","109.68","01/2027"
"1358.","FOLITAS TAB","TAB","IPL25638","3004 (2.5%+2.5%)","NEW sai medicose","30","0","12.99","48.32","50.74","10/2027"
"1359.","FOLITITRAX 7.5 MG","TAB","AT-160326","30049042 (2.5%+2.5%)","millennium medisolutions pvt ltd.","10","3","136.77","170.95","179.50","02/2029"
"1360.","FOLITRAX 10 MG","TAB","AT-110226","30049042 (2.5%+2.5%)","millennium medisolutions pvt ltd.","5","0","54.08","67.60","70.98","01/2029"
"1361.","FOLITRAX 10 MG","TAB","AT-090126","30049042 (2.5%+2.5%)","HEMANT MEDICAL AGENCIES","5","4","54.08","67.60","70.98","12/2028"
"1362.","FOLITRAX 5 MG","TAB","AT-050326","30049042 (2.5%+2.5%)","millennium medisolutions pvt ltd.","10","4","76.72","95.90","100.70","02/2029"
"1363.","FOLIWOCK","TAB","WPE24068","3004 (2.5%+2.5%)","NEW sai medicose","30","1 + {22}","10.50","32.38","34.00","06/2026"
"1364.","FOLMIGHT","TAB","CGT-26435","30045090 (2.5%+2.5%)","FRIENDS PHARMA","10","12","127.58","159.04","166.99","01/2028"
"1365.","FORACORT R/CAP 200","CAPs","5BA1788","30049099 (2.5%+2.5%)","HEMANT MEDICAL AGENCIES","1","0","139.67","174.59","183.32","06/2027"
"1366.","FORACORT R/CAP 200","CAPs","5BA1788","30049099 (2.5%+2.5%)","millennium medisolutions pvt ltd.","1","2","139.67","174.59","183.32","06/2027"
"1367.","FOSIROL POWDER","Powder","5ID1615","30042099 (2.5%+2.5%)","millennium medisolutions pvt ltd.","1","0","427.86","534.82","561.56","07/2027"
"1368.","FOSIROL POWDER","Powder","5ID2310","30042099 (2.5%+2.5%)","millennium medisolutions pvt ltd.","1","1","427.86","534.82","561.56","09/2027"
"1369.","FRUSIMED INJ 2 ML","AMP","IFD-11741","3004 (2.5%+2.5%)","SHREE GOPAL  PHARMACEUTICALS","1","0","3.50","5.86","6.15","10/2027"
"1370.","FRUSIMED INJ 2 ML","AMP","IFD-11536","3004 (2.5%+2.5%)","SHREE GOPAL  PHARMACEUTICALS","1","0","3.50","5.87","6.16","02/2027"
"1371.","FRUSOMAX INJ","INJ","GS-243","3004 (2.5%+2.5%)","SHREE GOPAL  PHARMACEUTICALS","1","0","2.25","6.08","6.38","11/2027"
"1372.","FUNGICIP 200 MG","TAB","4P10687","3004 (2.5%+2.5%)","NEW sai medicose","1","0","6.85","18.61","19.54","10/2027"
"1373.","FUNGICIP 200 MG","TAB","5030129","3004 (2.5%+2.5%)","NEW sai medicose","1","20","6.85","18.61","19.54","05/2028"
"1374.","G.V PAINT","Solution","07","3003901 (2.5%+2.5%)","a and a hygien and surgical cre","1","12","8.75","23.81","25.00","02/2028"
"1375.","GABAEX - NT","TAB","BAT25398B","3004 (2.5%+2.5%)","PRAKASH MEDICOS","10","5 + {8}","29.20","76.19","80.00","08/2027"
"1376.","GABAEX - NT","TAB","T510570","3004 (2.5%+2.5%)","PRAKASH MEDICOS","10","25","30.75","153.57","161.25","09/2027"
"1377.","GABAEX - NT","TAB","T512704B","3004 (2.5%+2.5%)","PRAKASH MEDICOS","10","20","30.75","76.19","80.00","11/2027"
"1378.","GABANEURON GEL","Jelly","AFW01AVB","30049099 (2.5%+2.5%)","millennium medisolutions pvt ltd.","1","0","214.86","268.57","282.00","07/2027"
"1379.","GABANEURON GEL","Jelly","AFW08AVA","30049099 (2.5%+2.5%)","millennium medisolutions pvt ltd.","1","0","196.42","245.53","257.81","04/2027"
"1380.","GABANEURON GEL","Jelly","AFW11AVA","30049099 (2.5%+2.5%)","millennium medisolutions pvt ltd.","1","0","196.42","245.53","257.81","05/2027"
"1381.","GABANEURON GEL","Jelly","AW08AVA","30049099 (2.5%+2.5%)","BHARAT MEDICAL HALL","1","0","178.19","245.53","257.81","04/2027"
"1382.","GABANTIN GRS 300 MG","TAB","GKG1900A","30049081 (2.5%+2.5%)","millennium medisolutions pvt ltd.","10","0","206.43","258.04","270.94","04/2027"
"1383.","GABANTIN GRS 300 MG","TAB","GKH0658A","30049081 (2.5%+2.5%)","millennium medisolutions pvt ltd.","10","2","206.43","258.04","270.94","09/2027"
"1384.","GABANTIN GRS 300 MG","TAB","GKG2306A","30049081 (2.5%+2.5%)","millennium medisolutions pvt ltd.","10","0","206.43","258.04","270.94","06/2027"
"1385.","GABANTIN GRS 300 MG","TAB","GKH0057A","30049081 (2.5%+2.5%)","millennium medisolutions pvt ltd.","10","0","206.43","258.04","270.94","06/2027"
"1386.","GABANTIN GRS 300 MG","TAB","GKG2161A","30049081 (2.5%+2.5%)","millennium medisolutions pvt ltd.","10","0","206.43","258.04","270.94","05/2027"
"1387.","GABANTIN GRS 300 MG","TAB","GKH0601A","30049081 (2.5%+2.5%)","millennium medisolutions pvt ltd.","10","0","206.43","258.04","270.94","09/2027"
"1388.","GABANTIN GRS 300 MG","TAB","GKH0603A","30049081 (2.5%+2.5%)","SHREE GOPAL  PHARMACEUTICALS","10","0 + {7}","206.43","258.04","270.94","09/2027"
"1389.","GABANTIN GRS 300 MG","TAB","GKG2049A","30049081 (2.5%+2.5%)","millennium medisolutions pvt ltd.","10","0","206.43","258.04","270.94","04/2027"
"1390.","GABANTIN GRS 300 MG","TAB","GKG1796A","30049081 (2.5%+2.5%)","millennium medisolutions pvt ltd.","10","0","206.43","258.04","270.94","03/2027"
"1391.","GABANTIN GRS 600 MG","TAB","GKH0586A","30049081 (2.5%+2.5%)","millennium medisolutions pvt ltd.","10","0 + {3}","331.43","414.29","435.00","09/2028"
"1392.","GABANTIN GRS 600 MG","TAB","GKH0299A","30049081 (2.5%+2.5%)","millennium medisolutions pvt ltd.","10","0","331.43","414.29","435.00","07/2027"
"1393.","GABANTIN GRS 600 MG","TAB","GKH0059A","30049081 (2.5%+2.5%)","millennium medisolutions pvt ltd.","10","0","331.43","414.29","435.00","07/2027"
"1394.","GABANTIN GRS 600 MG","TAB","GKH0586A","30049081 (2.5%+2.5%)","SHREE GOPAL  PHARMACEUTICALS","10","2 + {6}","331.43","414.29","435.00","09/2027"
"1395.","GABANTIN GRS 600 MG","TAB","GKH0400A","30049081 (2.5%+2.5%)","millennium medisolutions pvt ltd.","10","5","331.43","414.29","435.00","08/2027"
"1396.","GABANTIN GRS 600 MG","TAB","GKG2138A","30049081 (2.5%+2.5%)","millennium medisolutions pvt ltd.","10","0","331.43","414.29","435.00","04/2027"
"1397.","GABANTIN GRS 600 MG","TAB","GKH0298A","30049081 (2.5%+2.5%)","millennium medisolutions pvt ltd.","10","0","331.43","414.29","435.00","07/2027"
"1398.","GABANTIN GRS 600 MG","TAB","GKH0299A","30049081 (2.5%+2.5%)","PRAKASH MEDICOS","10","0","331.43","414.29","435.00","07/2027"
"1399.","GABANTIN GRS 600 MG","TAB","GKG1698A","30049081 (2.5%+2.5%)","millennium medisolutions pvt ltd.","10","0","331.43","414.29","435.00","02/2027"
"1400.","GABANTIP - AT","TAB","FHC0978","30049081 (2.5%+2.5%)","millennium medisolutions pvt ltd.","10","0","219.28","274.10","287.81","03/2028"
"1401.","GABANTIP - AT","TAB","FHD0409","30049081 (2.5%+2.5%)","PRAKASH MEDICOS","10","20","219.28","274.10","287.81","10/2028"
"1402.","GABANTIP - AT","TAB","FHC1013","30049081 (2.5%+2.5%)","millennium medisolutions pvt ltd.","10","0","219.28","274.10","287.81","04/2028"
"1403.","GABANTIP - AT","TAB","FHD0280","30049081 (2.5%+2.5%)","millennium medisolutions pvt ltd.","10","8 + {4}","219.28","274.10","287.81","10/2028"
"1404.","GABANTIP - AT","TAB","FHC1151","30049081 (2.5%+2.5%)","PRAKASH MEDICOS","10","0 + {5}","219.28","274.10","287.81","05/2028"
"1405.","GABANTIP - AT","TAB","FHC0841","30049081 (2.5%+2.5%)","millennium medisolutions pvt ltd.","10","0","219.28","274.10","287.81","02/2028"
"1406.","GABANYL - NT","TAB","9586002","3004 (2.5%+2.5%)","SHREE GOPAL  PHARMACEUTICALS","10","10","27.00","84.76","89.00","02/2028"
"1407.","GABAPIN ME 100","TAB","K2600966","30049099 (2.5%+2.5%)","HEMANT MEDICAL AGENCIES","15","0","168.91","211.14","221.70","03/2028"
"1408.","GABAPIN ME 100","TAB","K2600257","30049099 (2.5%+2.5%)","millennium medisolutions pvt ltd.","15","0","168.91","211.14","221.70","12/2027"
"1409.","GABAPIN ME 100","TAB","K2600966","30049099 (2.5%+2.5%)","millennium medisolutions pvt ltd.","15","0 + {1}","168.91","211.14","221.70","03/2028"
"1410.","GABAPIN ME 100","TAB","K2601333","30049099 (2.5%+2.5%)","HEMANT MEDICAL AGENCIES","15","10","168.91","211.14","221.70","04/2028"
"1411.","GABAPIN ME 100","TAB","K2600256","30049099 (2.5%+2.5%)","HEMANT MEDICAL AGENCIES","15","0","168.91","211.14","221.70","12/2027"
"1412.","GABAPIN ME 100","TAB","K2600257","30049099 (2.5%+2.5%)","HEMANT MEDICAL AGENCIES","15","0","168.91","211.14","221.70","12/2027"
"1413.","GABAPIN ME 100","TAB","K2502137","30049099 (2.5%+2.5%)","HEMANT MEDICAL AGENCIES","15","9 + {8}","153.57","191.96","201.56","08/2027"
"1414.","GABAPIN ME 100","TAB","K2600050","30049099 (2.5%+2.5%)","HEMANT MEDICAL AGENCIES","15","0","168.91","211.14","221.70","12/2027"
"1415.","GABAPIN ME 100","TAB","K2502638","30049099 (2.5%+2.5%)","millennium medisolutions pvt ltd.","15","0","153.57","191.96","201.56","10/2027"
"1416.","GABAPIN ME 100","TAB","K2502959","30049099 (2.5%+2.5%)","HEMANT MEDICAL AGENCIES","15","0","153.57","191.96","201.56","11/2027"
"1417.","GABAPIN ME 300","TAB","N2600419","30049081 (2.5%+2.5%)","HEMANT MEDICAL AGENCIES","15","0 + {1}","280.46","350.57","368.10","01/2028"
"1418.","GABAPIN ME 300","TAB","N2503844","30049081 (2.5%+2.5%)","HEMANT MEDICAL AGENCIES","15","0","255.00","318.75","334.69","10/2027"
"1419.","GABAPIN ME 300","TAB","N2601200","30049081 (2.5%+2.5%)","millennium medisolutions pvt ltd.","15","4","280.46","350.57","368.10","03/2028"
"1420.","GABAPIN NT 100 MG","TAB","N2503332","30049099 (2.5%+2.5%)","millennium medisolutions pvt ltd.","15","0","151.25","189.07","198.52","09/2027"
"1421.","GABAPIN NT 100 MG","TAB","N2503737","30049099 (2.5%+2.5%)","HEMANT MEDICAL AGENCIES","15","0","151.25","189.07","198.52","10/2027"
"1422.","GABAPIN NT 100 MG","TAB","N2504095","30049099 (2.5%+2.5%)","HEMANT MEDICAL AGENCIES","15","8 + {11}","151.25","189.07","198.52","11/2027"
"1423.","GABATOR NT 100","TAB","25S2GTC047","30049081 (2.5%+2.5%)","millennium medisolutions pvt ltd.","15","2 + {6}","142.06","177.57","186.45","01/2027"
"1424.","GABAVENT NT","TAB","GC515011A","3004 (2.5%+2.5%)","NEW sai medicose","10","0 + {1}","32.10","84.76","89.00","08/2027"
"1425.","GABAVENT NT 300","TAB","GC514011","3004 (2.5%+2.5%)","NEW sai medicose","10","3","32.10","66.67","70.00","05/2026"
"1426.","GABAVENT NT 300","TAB","GC514012","3004 (2.5%+2.5%)","NEW sai medicose","10","0","32.10","74.29","78.00","08/2026"
"1427.","GABERNTEC GRS 600","TAB","GTG3981B","3004 (2.5%+2.5%)","SHREE GOPAL  PHARMACEUTICALS","10","2 + {9}","331.43","414.29","435.00","05/2027"
"1428.","GABIPENTA - GEL","GEL","ALA02DNA","3004 (2.5%+2.5%)","SHREE GOPAL  PHARMACEUTICALS","1","0","72.00","156.19","164.00","11/2027"
"1429.","GABIPENTA - GEL","GEL","ALA01DNB","3004 (2.5%+2.5%)","SHREE GOPAL  PHARMACEUTICALS","1","22","72.00","166.67","175.00","01/2028"
"1430.","GABIPENTA - NT 100 MG","TAB","9595004","3004 (2.5%+2.5%)","SHREE GOPAL  PHARMACEUTICALS","10","1 + {5}","27.00","84.76","89.00","08/2027"
"1431.","GABISOL - NT","TAB","ADT252502B","3004 (2.5%+2.5%)","NEW sai medicose","10","0","19.00","84.76","89.00","08/2027"
"1432.","GABISOL -NT 100","TAB","ADT252022E","3004 (2.5%+2.5%)","NEW sai medicose","10","0 + {9}","19.00","74.29","78.00","06/2027"
"1433.","GALVAGLEN MET 50/500","TAB","EMV242597E","3004 (2.5%+2.5%)","NEW sai medicose","15","1","41.04","106.67","112.00","11/2026"
"1434.","GAS O FAST","Powder","D2EJY563","30039011 (2.5%+2.5%)","GUPTA MEDICAL HALL","1","10","6.86","9.52","10.00","11/2027"
"1435.","GAUZE PIECE 10*10","General","123568","5208 (2.5%+2.5%)","MAHADEV ENTERPRISES","1","2","110.00","253.33","266.00","08/2030"
"1436.","GEMCAL XT","TAB","25443514","30045039 (2.5%+2.5%)","millennium medisolutions pvt ltd.","15","0","176.76","220.95","232.00","08/2027"
"1437.","GEMER 1 MG","TAB","GTG2843A","30049099 (2.5%+2.5%)","","15","0","127.86","15.24","167.81","08/2027"
"1438.","GEMER 1 MG","TAB","GTG2843A","30049099 (2.5%+2.5%)","millennium medisolutions pvt ltd.","15","0","127.86","159.82","167.81","08/2027"
"1439.","GEMER 1 MG","TAB","GTG3495A","30049099 (2.5%+2.5%)","SHREE GOPAL  PHARMACEUTICALS","15","0","127.86","159.82","167.81","10/2027"
"1440.","GEMER 1 MG","TAB","GTG3498A","30049099 (2.5%+2.5%)","SHREE GOPAL  PHARMACEUTICALS","15","0","127.86","159.82","167.81","11/2027"
"1441.","GEMER 1 MG","TAB","GTG2234A","30049099 (2.5%+2.5%)","SHREE GOPAL  PHARMACEUTICALS","15","0","127.86","159.82","167.81","07/2027"
"1442.","GEMER 1 MG","TAB","GTG3175A","30049099 (2.5%+2.5%)","SHREE GOPAL  PHARMACEUTICALS","15","0","127.86","159.82","167.81","09/2027"
"1443.","GEMER 1 MG","TAB","GTG3987A","30049099 (2.5%+2.5%)","SHREE GOPAL  PHARMACEUTICALS","15","0","127.86","159.82","167.81","11/2027"
"1444.","GEMER 1 MG","TAB","GTG3498A","30049099 (2.5%+2.5%)","millennium medisolutions pvt ltd.","15","2 + {4}","127.86","159.82","167.81","11/2027"
"1445.","GEMER 1 MG","TAB","GTH0582A","30049099 (2.5%+2.5%)","SHREE GOPAL  PHARMACEUTICALS","15","5","127.86","159.82","167.81","02/2028"
"1446.","GEMER 2 MG","TAB","GTG3502A","30049099 (2.5%+2.5%)","SHREE GOPAL  PHARMACEUTICALS","15","0","180.71","225.89","237.18","10/2027"
"1447.","GEMER 2 MG","TAB","GTH0279A","30049099 (2.5%+2.5%)","millennium medisolutions pvt ltd.","15","5 + {5}","180.71","225.89","237.18","01/2028"
"1448.","GEMER 2 MG","TAB","GTG3178A","30049099 (2.5%+2.5%)","millennium medisolutions pvt ltd.","15","0","180.71","225.89","237.18","09/2027"
"1449.","GEMER 2 MG","TAB","GTG2047A","30049099 (2.5%+2.5%)","NEW sai medicose","15","0","180.71","225.89","237.18","06/2027"
"1450.","GEMER 2 MG","TAB","GTG3501A","30049099 (2.5%+2.5%)","SHREE GOPAL  PHARMACEUTICALS","15","0","180.71","225.89","237.18","10/2027"
"1451.","GEMER 2 MG","TAB","GTG3501A","30049099 (2.5%+2.5%)","millennium medisolutions pvt ltd.","15","0 + {1}","180.71","225.89","237.18","10/2027"
"1452.","GEMER DS 1","TAB","GTH0417A","30049099 (2.5%+2.5%)","millennium medisolutions pvt ltd.","15","4 + {1}","139.28","174.10","182.81","12/2027"
"1453.","GEMER DS 2","TAB","GTG3796A","30049099 (2.5%+2.5%)","SHREE GOPAL  PHARMACEUTICALS","15","2","175.72","219.65","230.63","12/2027"
"1454.","GEMER DS 2","TAB","GTG2418A","30049099 (2.5%+2.5%)","millennium medisolutions pvt ltd.","15","0","175.72","219.65","230.63","07/2027"
"1455.","GEMER DS 2","TAB","GTG3793A","30049099 (2.5%+2.5%)","millennium medisolutions pvt ltd.","15","0 + {3}","175.72","219.65","230.63","11/2027"
"1456.","GEMER DS 2","TAB","GTH0160A","30049099 (2.5%+2.5%)","SHREE GOPAL  PHARMACEUTICALS","15","6","175.72","219.65","230.63","01/2028"
"1457.","GEMER DS 2","TAB","GTG3227A","30049099 (2.5%+2.5%)","SHREE GOPAL  PHARMACEUTICALS","15","0","175.72","219.65","230.63","09/2027"
"1458.","GEMER SITA IR2/50/1000","TAB","GTG1742A","30049099 (2.5%+2.5%)","millennium medisolutions pvt ltd.","10","0 + {3}","117.50","146.88","154.22","05/2027"
"1459.","GEMER SITA IR2/50/1000","TAB","GTG3639A","30049099 (2.5%+2.5%)","SHREE GOPAL  PHARMACEUTICALS","10","0","117.50","146.88","154.22","10/2027"
"1460.","GEMER SITA IR2/50/1000","TAB","GTG3762A","30049099 (2.5%+2.5%)","millennium medisolutions pvt ltd.","10","0","117.50","146.88","154.22","04/2027"
"1461.","GEMER SITA IR2/50/1000","TAB","GTG3639A","30049099 (2.5%+2.5%)","millennium medisolutions pvt ltd.","10","0","117.50","146.88","154.22","10/2027"
"1462.","GENCIPHAL CT SYP","SYRUP","L-260109","3307 (2.5%+2.5%)","THE MOLEKULE DISTRIBUTORS","1","7","372.96","647.62","680.00","07/2027"
"1463.","GENELLIUM CHG 500 ML","General","UC-136","38089400 (9%+9%)","MAHADEV ENTERPRISES","1","5","110.00","127.12","150.00","01/2028"
"1464.","GET-A CAL 10 ML INJ","INJ","IGLC608","3004 (2.5%+2.5%)","NEW sai medicose","1","16","26.45","98.22","103.13","02/2028"
"1465.","GLENODINE SOLUTION","Solution","PSI25379","3004 (2.5%+2.5%)","NEW sai medicose","1","1","110.00","142.86","150.00","11/2027"
"1466.","GLENPARA SPAS DROP","DROP","LB-122462","3004 (2.5%+2.5%)","NEW sai medicose","1","3","12.00","41.90","44.00","11/2026"
"1467.","GLIMDA MV 2 MG","TAB","GDB240934","3004 (2.5%+2.5%)","NEW sai medicose","10","3","32.86","63.81","67.00","08/2026"
"1468.","GLIMDA MV 2 MG","TAB","GDB251029","3004 (2.5%+2.5%)","PRAKASH PHARMA","10","30","31.90","62.86","66.00","09/2027"
"1469.","GLIMESTAR - 1","TAB","B65Y004","30049099 (2.5%+2.5%)","GUPTA MEDICAL HALL","10","4","24.34","30.42","31.94","07/2027"
"1470.","GLIMICHAMP MV2","TAB","WGVV325006","30049099 (2.5%+2.5%)","BAJAJ MEDICAL AGENCY","15","2","192.00","229.94","241.44","11/2027"
"1471.","GLIMIPREX SM 2","TAB","EMV251768B","30049099 (2.5%+2.5%)","PRAKASH MEDICOS","1","3","89.28","111.60","117.18","10/2027"
"1472.","GLIMSTAR - 2","TAB","B75Y006","30049099 (2.5%+2.5%)","GUPTA MEDICAL HALL","10","4","30.39","37.86","39.75","10/2027"
"1473.","GLIMSTAR - 3","TAB","Y25Y001","30049099 (2.5%+2.5%)","GUPTA MEDICAL HALL","10","4","56.92","71.15","74.71","04/2027"
"1474.","GLOVES - 7 NO.","GlOVES","24C5035M","40151900 (2.5%+2.5%)","a and a hygien and surgical cre","1","0","16.30","26.67","28.00","02/2029"
"1475.","GLOVES - 7 NO.","GlOVES","26D2005","40151900 (2.5%+2.5%)","nath medicose","1","10","17.00","33.33","35.00","03/2031"
"1476.","GLOVES - 7 NO.","GlOVES","25L5201M","40151900 (2.5%+2.5%)","nath medicose","1","17","16.00","26.67","28.00","11/2030"
"1477.","GLOVES - 7.5 NO.","GlOVES","23L0372A-5","40151900 (2.5%+2.5%)","a and a hygien and surgical cre","1","0","16.30","26.67","28.00","11/2028"
"1478.","GLOVES - 7.5 NO.","GlOVES","52554","40151900 (2.5%+2.5%)","nath medicose","1","0","17.00","33.33","35.00","12/2030"
"1479.","GLOVES - 7.5 NO.","GlOVES","2510236KK","40151900 (2.5%+2.5%)","a and a hygien and surgical cre","1","40","17.60","33.33","35.00","08/2030"
"1480.","GLOVES - 7.5 NO.","GlOVES","25K3021","40151900 (2.5%+2.5%)","nath medicose","1","0","16.00","26.67","28.00","10/2030"
"1481.","GLUCONORM - G4 FORTE","TAB","UB02871","30045039 (2.5%+2.5%)","sanghi pharma","15","3","215.39","269.24","282.70","11/2027"
"1482.","GLUCONORM G3 FORTE","TAB","UB02870","30045039 (2.5%+2.5%)","millennium medisolutions pvt ltd.","15","1 + {8}","235.39","293.33","308.95","11/2027"
"1483.","GLYCEROL 85% SYP","SYRUP","14","3004 (2.5%+2.5%)","nath medicose","1","5","43.90","104.76","110.00","08/2028"
"1484.","GLYCEROL 85% SYP","SYRUP","06","3004 (2.5%+2.5%)","nath medicose","1","1","29.40","106.67","112.00","09/2027"
"1485.","GLYCOBREEZ - NEB","RESPules","A7AUY002","30043200 (2.5%+2.5%)","millennium medisolutions pvt ltd.","1","19","40.00","50.00","52.50","03/2027"
"1486.","GLYCOHALE - FB 400 RC","CAPs","5BA2418","30049099 (2.5%+2.5%)","gandhi medical hall","10","0","152.96","199.53","209.51","02/2027"
"1487.","GLYCOHALE - FB 400 RC","CAPs","5BA2257","30049099 (2.5%+2.5%)","HEMANT MEDICAL AGENCIES","10","0","160.90","199.53","209.51","02/2027"
"1488.","GLYCOHALE - FB 400 RC","CAPs","6BA0068","30049099 (2.5%+2.5%)","gandhi medical hall","10","3 + {6}","159.62","199.53","209.51","06/2027"
"1489.","GLYCOHALE - FB 400 RC","CAPs","5BA2418","30049099 (2.5%+2.5%)","millennium medisolutions pvt ltd.","10","0","159.23","199.53","209.51","02/2027"
"1490.","GLYCOHALE - FB 400 RC","CAPs","5BA2257","30049099 (2.5%+2.5%)","gandhi medical hall","10","0","159.63","199.53","209.51","02/2027"
"1491.","GLYCOHALE - FB 400 RC","CAPs","5BA2887","30049099 (2.5%+2.5%)","gandhi medical hall","10","0","157.55","199.53","209.51","04/2027"
"1492.","GLYCOHALE - FB 400 RC","CAPs","SBA2418","30049099 (2.5%+2.5%)","millennium medisolutions pvt ltd.","10","0","159.33","199.53","209.51","02/2027"
"1493.","GLYCOHALE - FB 400 RC","CAPs","5BA1295","30049099 (2.5%+2.5%)","gandhi medical hall","10","0","160.90","199.53","209.51","10/2026"
"1494.","GLYCOHALE - FB 400 RC","CAPs","5BA1295","30049099 (2.5%+2.5%)","gandhi medical hall","10","0","159.62","199.48","209.45","10/2026"
"1495.","GLYCOHALE F CAP","CAPs","5BA1077","30049099 (2.5%+2.5%)","GUPTA MEDICAL HALL","10","3","109.85","137.32","144.19","09/2026"
"1496.","GLYCOHALE FB INHALER","General","5BA1303","30049099 (2.5%+2.5%)","GUPTA MEDICAL HALL","1","0","671.80","839.73","881.72","04/2027"
"1497.","GLYCOHALE FB INHALER","General","6BA1101","30049099 (2.5%+2.5%)","gandhi medical hall","1","1","738.96","922.74","968.88","04/2028"
"1498.","GLYCOHALE FB INHALER","General","5BA1813","30049099 (2.5%+2.5%)","gandhi medical hall","1","0","671.78","839.72","881.71","05/2027"
"1499.","GLYCOHALE RESPULE 25 MCG","RESPules","5T00254","30049099 (2.5%+2.5%)","GUPTA MEDICAL HALL","1","18","33.60","50.00","52.50","07/2027"
"1500.","GLYCOLATE 1 MG","TAB","K2601291","30049099 (2.5%+2.5%)","millennium medisolutions pvt ltd.","10","1 + {5}","91.89","114.86","120.60","04/2028"
"1501.","GLYCOMET 1 GM","TAB","60002610","30049099 (2.5%+2.5%)","millennium medisolutions pvt ltd.","15","2","48.04","60.05","63.05","12/2027"
"1502.","GLYCOMET 1 GM","TAB","60002479","30049099 (2.5%+2.5%)","millennium medisolutions pvt ltd.","15","1 + {8}","48.04","60.05","63.05","10/2027"
"1503.","GLYCOMET 1 GM","TAB","60002738","30049099 (2.5%+2.5%)","millennium medisolutions pvt ltd.","15","4","48.04","60.05","63.05","02/2028"
"1504.","GLYCOMET 1 GM","TAB","60002848","30049099 (2.5%+2.5%)","millennium medisolutions pvt ltd.","15","1","48.35","60.44","63.46","03/2028"
"1505.","GLYCOMET GP -0.5","TAB","60002570","3004 (2.5%+2.5%)","OM MEDICAL HALL","15","1 + {8}","68.40","84.65","88.88","12/2027"
"1506.","GLYCOMET GP -0.5","TAB","60002452","3004 (2.5%+2.5%)","OM MEDICAL HALL","15","0","68.40","84.65","88.88","10/2027"
"1507.","GLYCOMET GP -0.5","TAB","60002646","3004 (2.5%+2.5%)","millennium medisolutions pvt ltd.","15","0 + {13}","67.72","84.65","88.88","01/2028"
"1508.","GLYCOMET GP -0.5","TAB","60002334","3004 (2.5%+2.5%)","OM MEDICAL HALL","15","0","67.72","84.65","88.88","08/2027"
"1509.","GLYCOMET GP 0.5 FORTE","TAB","M251442","3004 (2.5%+2.5%)","BHARAT MEDICAL HALL","15","3","63.25","79.07","83.02","09/2027"
"1510.","GLYCOMET SR 500","TAB","60002750","30049099 (2.5%+2.5%)","BHARAT MEDICAL HALL","15","4","31.98","39.97","41.97","02/2029"
"1511.","GLYCOMET SR 500","TAB","60002573","30049099 (2.5%+2.5%)","millennium medisolutions pvt ltd.","15","0 + {4}","31.98","39.97","41.97","12/2028"
"1512.","GLYCOMET SR 500","TAB","60002495","30049099 (2.5%+2.5%)","millennium medisolutions pvt ltd.","15","0","31.98","39.97","41.97","11/2028"
"1513.","GLYCOMET SR 500","TAB","60002751","30049099 (2.5%+2.5%)","millennium medisolutions pvt ltd.","15","4","31.98","39.97","41.97","02/2029"
"1514.","GO AIR NASAL DROP ADULT","DROP","2507151","3004 (2.5%+2.5%)","gandhi medical hall","1","6","17.50","52.10","54.71","06/2028"
"1515.","GO AIR NASAL DROP CHILD","DROP","2601069","3004 (2.5%+2.5%)","gandhi medical hall","1","6","15.50","42.60","44.73","12/2028"
"1516.","GRANDEM - MD","TAB","DPA260118","30049039 (2.5%+2.5%)","GUPTA MEDICAL HALL","10","0","80.98","111.60","117.18","12/2027"
"1517.","GRANDEM - MD","TAB","DPA260142","3004 (2.5%+2.5%)","AMIT MEDICOSE","10","8","89.28","111.60","117.18","12/2027"
"1518.","GRANDEM - MD","TAB","DPH251135","3004 (2.5%+2.5%)","AMIT MEDICOSE","10","0","80.89","111.52","117.18","07/2027"
"1519.","GRANDEM - MD","TAB","DPA260118","30049069 (2.5%+2.5%)","millennium medisolutions pvt ltd.","10","2 + {3}","89.28","111.60","117.18","12/2027"
"1520.","GRANDEM INJ","INJ","MPJ253710","3004 (2.5%+2.5%)","AMIT MEDICOSE","1","56","144.00","42.86","45.00","08/2027"
"1521.","GRILINCTUS DX","SYRUP","C1795013","30049093 (2.5%+2.5%)","millennium medisolutions pvt ltd.","1","2","90.36","135.86","142.65","07/2027"
"1522.","GRILINCTUS SYP","SYRUP","CN2175048","30066010 (2.5%+2.5%)","millennium medisolutions pvt ltd.","1","1","84.29","126.71","133.05","12/2026"
"1523.","GUDCEF CV 200","TAB","A3AEY087","30049087 (2.5%+2.5%)","gandhi medical hall","10","0","262.86","328.57","345.00","02/2027"
"1524.","GUDCEF CV 200","TAB","A3AEZ004","30049087 (2.5%+2.5%)","OM MEDICAL HALL","10","2 + {8}","221.21","233.32","244.99","06/2027"
"1525.","GUDCEF CV 200","TAB","A3AEY115","30049087 (2.5%+2.5%)","GUPTA MEDICAL HALL","10","0","262.86","328.57","345.00","05/2027"
"1526.","GUDCEF CV 200","TAB","A3AEY106","30049087 (2.5%+2.5%)","GUPTA MEDICAL HALL","10","0","262.86","328.57","345.00","05/2027"
"1527.","GUDCEF CV 200","TAB","A3AEY087","30049087 (2.5%+2.5%)","gandhi medical hall","10","0","262.86","328.57","345.00","02/2027"
"1528.","GUDCEF CV 200","TAB","A3AEY080","30049087 (2.5%+2.5%)","GUPTA MEDICAL HALL","10","0","263.03","328.57","345.00","02/2027"
"1529.","GUDCEF CV 200","TAB","A3AEY064","30049087 (2.5%+2.5%)","GUPTA MEDICAL HALL","10","0","263.03","328.57","345.00","12/2026"
"1530.","GUDCEF CV 200","TAB","A3AEZ006","30049087 (2.5%+2.5%)","GUPTA MEDICAL HALL","10","0 + {2}","262.85","328.56","344.99","06/2027"
"1531.","GUDGESIC TH8","TAB","A4HMZ001","30049069 (2.5%+2.5%)","HEMANT MEDICAL AGENCIES","10","3 + {2}","192.29","260.12","273.13","01/2028"
"1532.","GUDGESIC TH8","TAB","A4HMX001","30049069 (2.5%+2.5%)","HEMANT MEDICAL AGENCIES","10","0","174.82","236.49","248.31","05/2026"
"1533.","GUDPEN FORTE 625 MG","TAB","ABT25522","30049099 (2.5%+2.5%)","BAJAJ MEDICAL AGENCY","6","13","124.85","156.25","164.06","05/2027"
"1534.","GUEDAL AIRWAYS 2 NO.","General","2026","90192090 (2.5%+2.5%)","a and a hygien and surgical cre","1","5","48.00","138.10","145.00","10/2030"
"1535.","GUEDAL AIRWAYS 3 NO .","General","1154042026","90192090 (2.5%+2.5%)","a and a hygien and surgical cre","1","5","48.00","138.10","145.00","10/2030"
"1536.","GUEDAL AIRWAYS 4 NO.","General","1157042026","90192090 (2.5%+2.5%)","a and a hygien and surgical cre","1","3","48.00","138.10","145.00","10/2030"
"1537.","H-VIT FORTE","TAB","TF26C112","3004 (2.5%+2.5%)","HEMANT MEDICAL AGENCIES","10","0","89.14","111.43","117.00","02/2028"
"1538.","HAEMACCEL","SUSP","HMA25045","30049092 (2.5%+2.5%)","millennium medisolutions pvt ltd.","1","2","441.59","551.96","579.56","05/2028"
"1539.","HAND SANITIZER 100 ML","Sanitizer","151","3808 (9%+9%)","nath medicose","1","7","30.00","75.42","89.00","12/2027"
"1540.","HAND SANITIZER 500 ML","Sanitizer","96","3808 (9%+9%)","nath medicose","1","7","100.00","186.44","220.00","06/2028"
"1541.","HAND SANITIZER 500 ML","Sanitizer","72","3808 (9%+9%)","nath medicose","1","4","95.00","209.52","220.00","08/2028"
"1542.","HAND SANITIZER 500 ML PINK","Sanitizer","96","3808 (9%+9%)","nath medicose","1","4","115.00","157.63","186.00","06/2028"
"1543.","HAND SANITIZER 500 ML PINK","Sanitizer","72","3808 (9%+9%)","nath medicose","1","5","95.00","132.20","156.00","08/2028"
"1544.","HAPID 10 CAP","CAPs","WNS5003","21069099 (2.5%+2.5%)","millennium medisolutions pvt ltd.","10","2 + {9}","535.05","668.81","702.25","01/2027"
"1545.","HAPID 10 CAP","CAPs","WNS5001","21069099 (2.5%+2.5%)","millennium medisolutions pvt ltd.","10","1","535.05","668.81","702.25","09/2026"
"1546.","HCQS 200 MG","TAB","GPD0825016BH","30049099 (2.5%+2.5%)","ROHTAK MEDICAL AGENCIES","15","0","77.64","97.05","101.90","06/2029"
"1547.","HCQS 200 MG","TAB","GPD0825013BH","30049099 (2.5%+2.5%)","millennium medisolutions pvt ltd.","15","0","77.64","97.05","101.90","05/2029"
"1548.","HCQS 200 MG","TAB","GPD082502","30049099 (2.5%+2.5%)","OM MEDICAL HALL","15","0 + {6}","78.42","97.06","101.91","10/2029"
"1549.","HCQS 200 MG","TAB","GPD0826005BH","30049099 (2.5%+2.5%)","millennium medisolutions pvt ltd.","15","0","77.63","97.05","101.90","01/2029"
"1550.","HCQS 200 MG","TAB","GPD0825012BH","30049099 (2.5%+2.5%)","millennium medisolutions pvt ltd.","15","0","77.63","97.05","101.90","08/2029"
"1551.","HCQS 200 MG","TAB","GPD0825023BH","30049099 (2.5%+2.5%)","HEMANT MEDICAL AGENCIES","15","0 + {9}","77.63","97.05","101.90","09/2029"
"1552.","HCQS 200 MG","TAB","GPD0826003BH","30049099 (2.5%+2.5%)","millennium medisolutions pvt ltd.","15","1 + {8}","77.63","97.05","101.90","12/2029"
"1553.","HCQS 400 MG","TAB","GPE0825007BH","30049099 (2.5%+2.5%)","millennium medisolutions pvt ltd.","15","2","168.48","210.59","221.12","07/2027"
"1554.","HEADSET","TAB","UC00713","3004 (2.5%+2.5%)","millennium medisolutions pvt ltd.","2","0 + {1}","132.42","165.52","173.80","02/2029"
"1555.","HEADSET","TAB","UA02935","3004 (2.5%+2.5%)","NEW sai medicose","2","0","109.46","136.83","143.67","11/2027"
"1556.","HEADSET","TAB","UB02307","3004 (2.5%+2.5%)","millennium medisolutions pvt ltd.","2","0","120.39","150.48","158.00","08/2028"
"1557.","HEADSET","TAB","UC00712","3004 (2.5%+2.5%)","millennium medisolutions pvt ltd.","2","0","132.42","165.52","173.80","02/2029"
"1558.","HEADSET","TAB","UA02611","30049083 (2.5%+2.5%)","millennium medisolutions pvt ltd.","2","0","109.46","136.83","143.67","10/2027"
"1559.","HEADSET","TAB","UB02807","3004 (2.5%+2.5%)","millennium medisolutions pvt ltd.","2","0","120.38","150.48","158.00","10/2028"
"1560.","HEADSET","TAB","UC01188","3004 (2.5%+2.5%)","NEW sai medicose","2","14","132.42","165.52","173.80","04/2029"
"1561.","HEALTUSS - A","SYRUP","AGL51024","3004 (2.5%+2.5%)","gandhi medical hall","1","16","29.00","98.10","103.00","09/2027"
"1562.","HEART LONG 2.6","TAB","AT25-0412A","30049099 (2.5%+2.5%)","GUPTA MEDICAL HALL","1","2","84.85","133.93","140.63","04/2027"
"1563.","HEART LONG 2.6","TAB","AT250412A","30049099 (2.5%+2.5%)","GUPTA MEDICAL HALL","1","0","84.38","133.93","140.63","04/2027"
"1564.","HELIMET NASAL SPARY","Solution","2404154B","3004 (2.5%+2.5%)","NEW sai medicose","1","1","108.00","247.62","260.00","03/2027"
"1565.","HEPA MERZ INFUSION","INJ","M4091","30049039 (2.5%+2.5%)","millennium medisolutions pvt ltd.","1","0","302.85","403.81","424.00","04/2027"
"1566.","HEPLOFIT - SACHET","Sachet","HPL25002","3004 (2.5%+2.5%)","SHREE GOPAL  PHARMACEUTICALS","1","10","42.00","111.43","117.00","04/2028"
"1567.","HERAFT SYP","SYRUP","HF01012601","3004 (2.5%+2.5%)","S.P . MEDICAL AGENCIES","1","0","72.00","125.00","131.25","12/2027"
"1568.","HERAFT SYP","SYRUP","HF01012606","3004 (2.5%+2.5%)","S.P . MEDICAL AGENCIES","1","3","100.00","125.00","131.25","12/2027"
"1569.","HEXAMOX 250 DT","TAB","BT-241108","3004 (2.5%+2.5%)","PRAKASH MEDICOS","10","40","12.20","41.90","44.00","10/2026"
"1570.","HEXIDINE 80 ML","Solution","L26006","15042090 (2.5%+2.5%)","millennium medisolutions pvt ltd.","1","0","56.42","70.52","74.05","12/2028"
"1571.","HEXIDINE 80 ML","Solution","L26075","15042090 (2.5%+2.5%)","millennium medisolutions pvt ltd.","1","0","56.42","70.52","74.05","01/2029"
"1572.","HEXQ-MF M/W","SUSP","209","30049099 (2.5%+2.5%)","GOEL MEDICOS","1","28","20.00","102.68","107.81","07/2027"
"1573.","HEXQ-MF M/W","SUSP","674","30049099 (2.5%+2.5%)","GOEL MEDICOS","1","0","20.00","84.76","89.00","07/2026"
"1574.","HI FLOW MASK (A)","MASK","G25I040016","9019 (2.5%+2.5%)","nath medicose","1","2","110.00","261.90","275.00","08/2030"
"1575.","HI FLOW MASK (A)","MASK","G24C040502","9019 (2.5%+2.5%)","nath medicose","1","0","110.00","307.14","322.50","02/2029"
"1576.","HIPRES 25 MG","TAB","5BA0359","30049074 (2.5%+2.5%)","millennium medisolutions pvt ltd.","14","0 + {9}","5.74","31.87","33.46","12/2026"
"1577.","HIPRESS 50","TAB","4BA1571","3004 (2.5%+2.5%)","NEW sai medicose","14","0 + {9}","9.99","21.90","23.00","06/2026"
"1578.","HISTACET SYP","SYRUP","SYFL040","3004 (2.5%+2.5%)","OM MEDICAL HALL","1","5","11.50","40.20","42.21","05/2027"
"1579.","HITAP ER 50","TAB","6RF09031C","30049063 (2.5%+2.5%)","millennium medisolutions pvt ltd.","15","10","254.29","317.86","333.75","08/2028"
"1580.","HITAP ER 50","TAB","6RF11027A","30049063 (2.5%+2.5%)","millennium medisolutions pvt ltd.","15","1 + {2}","254.29","317.86","333.75","10/2028"
"1581.","HITEP ER 100 ER","TAB","BRF07022A","30049063 (2.5%+2.5%)","millennium medisolutions pvt ltd.","10","0","254.29","317.86","333.75","06/2028"
"1582.","HITEP ER 100 ER","TAB","6RF11027A","30049063 (2.5%+2.5%)","millennium medisolutions pvt ltd.","10","1 + {4}","254.29","317.86","333.75","10/2028"
"1583.","HITEP ER 100 ER","TAB","6RG02041A","30049063 (2.5%+2.5%)","millennium medisolutions pvt ltd.","10","0","254.29","317.86","333.75","01/2029"
"1584.","HIZAL SYP 60 ML","SYRUP","LV25KL-055B","3004 (2.5%+2.5%)","NEW sai medicose","1","6","14.85","57.14","60.00","09/2027"
"1585.","HONITUS SYP","SYRUP","130","3004 (2.5%+2.5%)","NEW sai medicose","1","1","82.00","123.81","130.00","04/2029"
"1586.","HP KIT","TAB","FJD0001","30049088 (2.5%+2.5%)","SHREE GOPAL  PHARMACEUTICALS","1","8","115.71","144.65","151.88","12/2027"
"1587.","HP KIT","TAB","FJC0038","30049088 (2.5%+2.5%)","millennium medisolutions pvt ltd.","1","0","115.72","144.65","151.88","08/2027"
"1588.","HP KIT","TAB","FGC0043","30049088 (2.5%+2.5%)","SHREE GOPAL  PHARMACEUTICALS","1","0","115.72","144.65","151.88","09/2027"
"1589.","HP KIT","TAB","FJC0052","30049088 (2.5%+2.5%)","millennium medisolutions pvt ltd.","1","1","115.72","144.65","151.88","11/2027"
"1590.","HP KIT","TAB","FJC0043","30049088 (2.5%+2.5%)","millennium medisolutions pvt ltd.","1","0","115.72","144.65","151.88","09/2027"
"1591.","HSP REGULAR BANDID","General","51832511RM","3005 (2.5%+2.5%)","nath medicose","1","85","1.60","2.38","2.50","03/2028"
"1592.","HUMANSULIN 30/70","VIAL","D842006F","30043110 (2.5%+2.5%)","millennium medisolutions pvt ltd.","1","4","412.72","491.33","515.90","01/2028"
"1593.","HUMANSULIN 30/70","VIAL","D790578D","30043110 (2.5%+2.5%)","millennium medisolutions pvt ltd.","1","5","412.72","491.33","515.90","09/2027"
"1594.","HYDROCORT INJ","INJ","AQL0041","3004 (2.5%+2.5%)","NEW sai medicose","1","0","20.10","42.86","45.00","03/2027"
"1595.","HYDROCORT INJ","INJ","AQL0110","3004 (2.5%+2.5%)","SHREE GOPAL  PHARMACEUTICALS","1","0","21.00","45.54","47.82","06/2027"
"1596.","HYDROCORT INJ","INJ","AQL0164","3004 (2.5%+2.5%)","SHREE GOPAL  PHARMACEUTICALS","1","0","21.00","45.54","47.82","10/2027"
"1597.","HYLLERGIC 01 G INJ","INJ","CN3134012","3004 (2.5%+2.5%)","SHREE GOPAL  PHARMACEUTICALS","1","0","17.25","43.77","45.96","11/2026"
"1598.","HYLLERGIC 01 G INJ","INJ","CN3136003","3004 (2.5%+2.5%)","NEW sai medicose","1","16","18.99","43.77","45.96","01/2028"
"1599.","HYLLERGIC 01 G INJ","INJ","CN316003","3004 (2.5%+2.5%)","OM MEDICAL HALL","1","0","18.00","42.86","45.00","01/2028"
"1600.","HYLLERGIC 01 G INJ","INJ","CN3136001","3004 (2.5%+2.5%)","SHREE GOPAL  PHARMACEUTICALS","1","0","18.56","44.52","46.75","01/2028"
"1601.","HYOCIMAX - MF","TAB","IA01166A.","300490 (2.5%+2.5%)","millennium medisolutions pvt ltd.","10","0","127.29","159.10","167.06","07/2027"
"1602.","HYOCIMAX - MF","TAB","IA01623A","300490 (2.5%+2.5%)","millennium medisolutions pvt ltd.","10","0","127.29","159.10","167.06","10/2027"
"1603.","HYOCIMAX - MF","TAB","IB00124A","300490 (2.5%+2.5%)","millennium medisolutions pvt ltd.","10","5 + {7}","140.01","175.01","183.76","01/2028"
"1604.","HYOCIMAX - MF","TAB","IA01166A","300490 (2.5%+2.5%)","millennium medisolutions pvt ltd.","10","0 + {7}","127.29","159.10","167.06","07/2027"
"1605.","HYOCIMAX MF","TAB","IA00856A","300490 (2.5%+2.5%)","millennium medisolutions pvt ltd.","1","0","127.29","159.10","167.06","06/2027"
"1606.","HYOCIMAX MF","TAB","IA01167A","300490 (2.5%+2.5%)","millennium medisolutions pvt ltd.","1","0","127.29","159.10","167.06","07/2027"
"1607.","HYPNODATE INJ","INJ","1908061","3003 (2.5%+2.5%)","mohinder pharma","1","8","360.00","941.96","989.06","12/2026"
"1608.","I.V CANNULA - 20 G","Cannula","1236","90183930 (2.5%+2.5%)","a and a hygien and surgical cre","1","17","5.80","41.90","44.00","01/2029"
"1609.","I.V CANNULA - 20 G","Cannula","25897","90183930 (2.5%+2.5%)","a and a hygien and surgical cre","1","0","5.80","52.38","55.00","11/2029"
"1610.","I.V CANNULA - 20 G","Cannula","G26C010263","90183930 (2.5%+2.5%)","nath medicose","1","100","7.55","52.38","55.00","02/2031"
"1611.","I.V CANNULA -22 G","Cannula","G25K010059","9018 (2.5%+2.5%)","MAHADEV ENTERPRISES","1","0","5.46","41.90","44.00","10/2030"
"1612.","I.V CANNULA -22 G","Cannula","G25L010508","9018 (2.5%+2.5%)","a and a hygien and surgical cre","1","58","7.10","53.33","56.00","10/2028"
"1613.","I.V CANNULA -22 G","Cannula","G25E010078","9018 (2.5%+2.5%)","a and a hygien and surgical cre","1","0","5.80","53.33","56.00","10/2030"
"1614.","I.V CANNULA -22 G","Cannula","G26B010589","9018 (2.5%+2.5%)","NEW sai medicose","1","30","6.10","52.38","55.00","01/2031"
"1615.","I.V CANNULA -22 G","Cannula","G25K010059","9018 (2.5%+2.5%)","NEW sai medicose","1","0","6.05","66.67","70.00","10/2030"
"1616.","I.V CANNULA -24 G","Cannula","G230410612","9018 (2.5%+2.5%)","a and a hygien and surgical cre","1","17","9.00","42.38","44.50","10/2030"
"1617.","I.V CANNULA -26 NO","Cannula","2406005","90183930 (2.5%+2.5%)","a and a hygien and surgical cre","1","10","10.00","41.90","44.00","05/2029"
"1618.","I.V. CANNULA 18 NO.","Cannula","G224010991","90183930 (2.5%+2.5%)","a and a hygien and surgical cre","1","44","5.80","43.81","46.00","03/2027"
"1619.","I.V. SET REGULAR","IV","G26D140038","30059040 (2.5%+2.5%)","a and a hygien and surgical cre","1","24","10.00","52.38","55.00","10/2030"
"1620.","I.V. SET REGULAR","IV","G25K020351","30059040 (2.5%+2.5%)","NEW sai medicose","1","0","11.65","53.33","56.00","10/2030"
"1621.","I.V. SET REGULAR","IV","CL152243","30059040 (2.5%+2.5%)","SAI BABA SURGICAL","1","0","15.50","53.33","56.00","09/2028"
"1622.","I.V. SET REGULAR","IV","G241020708","30059040 (2.5%+2.5%)","a and a hygien and surgical cre","1","10","9.90","42.38","44.50","08/2029"
"1623.","I.V. SET REGULAR","IV","G26C020666","30059040 (2.5%+2.5%)","NEW sai medicose","1","0","11.75","52.38","55.00","02/2031"
"1624.","I.V. SET REGULAR","IV","G25C020783","30059040 (2.5%+2.5%)","a and a hygien and surgical cre","1","0","10.00","42.86","45.00","02/2028"
"1625.","I.V. SET REGULAR","IV","G241020550","30059040 (2.5%+2.5%)","nath medicose","1","0","10.33","53.33","56.00","08/2029"
"1626.","IBUGESIC PLUS SYP","SYRUP","ML26081","3004 (2.5%+2.5%)","gandhi medical hall","1","0","42.14","59.30","62.27","12/2027"
"1627.","IBUGESIC PLUS SYP","SYRUP","6SE0123","3004 (2.5%+2.5%)","OM MEDICAL HALL","1","3","37.48","46.85","49.19","02/2028"
"1628.","IBUGESIC PLUS SYP","SYRUP","CPL50397`","3004 (2.5%+2.5%)","OM MEDICAL HALL","1","3","39.13","53.91","56.61","07/2027"
"1629.","IBUGESIC PLUS TAB","TAB","CP50143","30049063 (2.5%+2.5%)","GUPTA MEDICAL HALL","20","0","25.87","35.92","37.72","06/2028"
"1630.","IBUGESIC PLUS TAB","TAB","ATS81ATA","30049063 (2.5%+2.5%)","OM MEDICAL HALL","20","1 + {18}","31.61","39.51","41.49","10/2028"
"1631.","IBUVENT - PLUS SYP","SYRUP","XL260076","3004 (2.5%+2.5%)","NEW sai medicose","1","1","18.60","62.86","66.00","12/2027"
"1632.","IBUVENT - PLUS SYP","SYRUP","L0915012B","3004 (2.5%+2.5%)","NEW sai medicose","1","0","27.00","62.86","66.00","08/2027"
"1633.","IDEAL 50 ML SYRING","Syringe","092550-03","9018 (2.5%+2.5%)","nath medicose","1","4","17.00","41.90","44.00","08/2030"
"1634.","IDROFOS 150 MG","TAB","SIH0188A","30049099 (2.5%+2.5%)","millennium medisolutions pvt ltd.","3","1 + {1}","713.57","891.96","936.56","12/2027"
"1635.","IDROFOS 150 MG","TAB","SIG1934A","30049099 (2.5%+2.5%)","millennium medisolutions pvt ltd.","3","0","713.57","891.96","936.56","08/2027"
"1636.","IGNALIS M 50/500","TAB","EMV252559A","30049099 (2.5%+2.5%)","HEMANT MEDICAL AGENCIES","15","0 + {11}","140.36","175.45","184.22","09/2027"
"1637.","IMDFLO 10 ML SYRINGE","Syringe","032610-05","9018 (2.5%+2.5%)","nath medicose","1","0","3.40","10.48","11.00","02/2031"
"1638.","IMDFLO 10 ML SYRINGE","Syringe","042610","9018 (2.5%+2.5%)","a and a hygien and surgical cre","1","110","3.30","10.48","11.00","10/2028"
"1639.","IMDFLO 10 ML SYRINGE","Syringe","032610-50","9018 (2.5%+2.5%)","nath medicose","1","0","3.40","10.48","11.00","02/2031"
"1640.","IMDFLO 3 ML","Syringe","04260507","90183100 (2.5%+2.5%)","a and a hygien and surgical cre","1","205","1.90","10.48","11.00","10/2028"
"1641.","IMDFLO 5 ML SYRINGE","Syringe","032605-06","9018 (2.5%+2.5%)","nath medicose","1","12","1.90","10.48","11.00","02/2031"
"1642.","IMDFLO 5 ML SYRINGE","Syringe","04260507","9018 (2.5%+2.5%)","a and a hygien and surgical cre","1","593","1.90","10.48","11.00","10/2028"
"1643.","IMDFLO 5 ML SYRINGE","Syringe","04260308","9018 (2.5%+2.5%)","a and a hygien and surgical cre","1","58","1.75","10.48","11.00","10/2028"
"1644.","INDERAL 20 MG","TAB","INZ25023","300490 (2.5%+2.5%)","SHIV PHARMA TRADERS","15","0","39.00","48.75","51.19","07/2027"
"1645.","INDERAL 20 MG","TAB","INZ26011","300490 (2.5%+2.5%)","millennium medisolutions pvt ltd.","15","0 + {14}","39.25","49.07","51.52","03/2028"
"1646.","INDERAL 20 MG","TAB","INZ25022","300490 (2.5%+2.5%)","OM MEDICAL HALL","15","0 + {20}","39.00","48.76","51.20","07/2027"
"1647.","INDERAL 20 MG","TAB","INZ26013","300490 (2.5%+2.5%)","millennium medisolutions pvt ltd.","15","4","39.25","49.07","51.52","03/2028"
"1648.","INDOCAP SR 75","CAPs","JSR-327","3004 (2.5%+2.5%)","millennium medisolutions pvt ltd.","10","0 + {8}","128.11","160.14","168.15","12/2028"
"1649.","INDOCAP SR 75","CAPs","JSR-320","3004 (2.5%+2.5%)","NEW sai medicose","10","0 + {25}","127.99","160.14","168.15","09/2028"
"1650.","INDOCAP SR 75","CAPs","JSR-333","300490 (2.5%+2.5%)","millennium medisolutions pvt ltd.","10","10 + {7}","128.11","160.14","168.15","03/2028"
"1651.","INJEK INJ 0.5 ML","INJ","1255180","30042096 (2.5%+2.5%)","SAI BABA SURGICAL","1","1","12.00","27.31","28.68","07/2026"
"1652.","INJEK INJ 0.5 ML","INJ","1255182","30042096 (2.5%+2.5%)","SAI BABA SURGICAL","1","0","12.00","27.31","28.68","09/2026"
"1653.","INJEK INJ 10 MG","INJ","1267112","3004 (2.5%+2.5%)","SAI BABA SURGICAL","1","24","34.00","53.92","56.62","01/2028"
"1654.","INNOHALER","General","25670028","901920 (2.5%+2.5%)","gandhi medical hall","1","0","227.88","284.81","299.05","10/2027"
"1655.","INNOHALER","General","25670030","901920 (2.5%+2.5%)","gandhi medical hall","1","11","227.88","284.81","299.05","10/2027"
"1656.","INNOHALER","DROP","25670013","901920 (2.5%+2.5%)","gandhi medical hall","1","0","","258.90","271.85","04/2027"
"1657.","INNOLYTE 500 ML","Bottle","MEA-171","30049099 (2.5%+2.5%)","MAHADEV ENTERPRISES","1","0","180.00","379.05","398.00","10/2027"
"1658.","INNOLYTE 500 ML","Bottle","MEA-240","30049099 (2.5%+2.5%)","MAHADEV ENTERPRISES","1","18","180.00","414.29","435.00","02/2028"
"1659.","INNOLYTE 500 ML","Bottle","MEA-172","30049099 (2.5%+2.5%)","MAHADEV ENTERPRISES","1","12","180.00","379.05","398.00","10/2027"
"1660.","INNOSPACER","DROP","W2503111","901920 (2.5%+2.5%)","gandhi medical hall","1","5","371.43","495.24","520.00","03/2028"
"1661.","INRAFT SYP","SYRUP","YL2514B","30061010 (2.5%+2.5%)","MAHADEV ENTERPRISES","1","2","134.61","166.67","175.00","01/2028"
"1662.","INSUGEN 30/70 REFIL","General","C25ITH4067","30043110 (2.5%+2.5%)","millennium medisolutions pvt ltd.","1","0","1,251.36","1,489.71","1,564.20","11/2028"
"1663.","INSUGEN 30/70 REFIL","General","C25ITH4040","30043110 (2.5%+2.5%)","millennium medisolutions pvt ltd.","1","0","250.28","297.94","312.84","09/2028"
"1664.","INSUGEN 30/70 REFIL","General","C25ITH4062","30043110 (2.5%+2.5%)","millennium medisolutions pvt ltd.","1","1","1,251.20","1,489.71","1,564.20","11/2028"
"1665.","INSUGEN 30/70 REFIL","General","C25ITH4069","30043110 (2.5%+2.5%)","millennium medisolutions pvt ltd.","1","1","1,251.36","1,489.52","1,564.00","12/2028"
"1666.","INSUGEN 30/70 REFIL","General","C25ITH4036","30043110 (2.5%+2.5%)","millennium medisolutions pvt ltd.","1","1","250.27","297.94","312.84","08/2028"
"1667.","INSUGEN 30/70 REFIL","General","C251TH4061","30043110 (2.5%+2.5%)","millennium medisolutions pvt ltd.","1","1","1,251.36","1,489.71","1,564.20","11/2028"
"1668.","INSUGEN 30/70 REFIL","General","C251TH4055","30043110 (2.5%+2.5%)","millennium medisolutions pvt ltd.","1","0","257.53","297.94","312.84","10/2028"
"1669.","INTACOXIA - MR","TAB","IN25Q030","3004 (2.5%+2.5%)","gandhi medical hall","10","5 + {5}","70.00","142.86","150.00","10/2027"
"1670.","INTACOXIA 90","TAB","K2502943","3004 (2.5%+2.5%)","NEW sai medicose","10","5","31.49","62.86","66.00","11/2027"
"1671.","IPRAVENT  RESPULES","RESPules","5SA1879","30049099 (2.5%+2.5%)","gandhi medical hall","1","0","4.73","5.91","6.21","08/2027"
"1672.","IPRAVENT  RESPULES","RESPules","5SA1879","30049099 (2.5%+2.5%)","GUPTA MEDICAL HALL","1","0","4.73","5.91","6.21","08/2027"
"1673.","IPRAVENT  RESPULES","RESPules","5SA1837","30049099 (2.5%+2.5%)","GUPTA MEDICAL HALL","1","38","4.73","5.91","6.21","07/2027"
"1674.","IPRAVENT  RESPULES","RESPules","5SA1837","30049099 (2.5%+2.5%)","millennium medisolutions pvt ltd.","1","0","4.73","5.91","6.21","07/2027"
"1675.","IPRAVENT  RESPULES","RESPules","5SA2498","30049099 (2.5%+2.5%)","GUPTA MEDICAL HALL","1","40","4.73","5.91","6.21","11/2027"
"1676.","IROZORB","TAB","18254487A","30045090 (2.5%+2.5%)","ROHIT PHARMA","10","2","136.71","170.89","179.43","10/2028"
"1677.","IROZORB PLUS","TAB","18254357A","30066010 (2.5%+2.5%)","ROHIT PHARMA","15","0","207.43","259.29","272.25","10/2027"
"1678.","IROZORB PLUS","TAB","18254781A","30066010 (2.5%+2.5%)","ROHIT PHARMA","15","9 + {6}","188.28","259.29","272.25","11/2027"
"1679.","IROZORB PLUS","TAB","18254357A","30066010 (2.5%+2.5%)","millennium medisolutions pvt ltd.","15","0","207.43","259.29","272.25","10/2027"
"1680.","IROZORB PLUS","TAB","18254363A","30066010 (2.5%+2.5%)","millennium medisolutions pvt ltd.","15","0 + {4}","207.43","259.29","272.25","10/2027"
"1681.","IROZORB S INJ","INJ","B1240201A","30045090 (2.5%+2.5%)","ROHIT PHARMA","1","4","111.39","279.19","293.15","10/2026"
"1682.","ISTAMET D-XR 500","TAB","GTG3616A","3004 (2.5%+2.5%)","SHREE GOPAL  PHARMACEUTICALS","7","1","113.57","141.96","149.06","10/2027"
"1683.","ISTAVEL 100","TAB","GTG2703A","30049099 (2.5%+2.5%)","millennium medisolutions pvt ltd.","10","3","122.14","152.68","160.31","07/2027"
"1684.","ISTAVEL 100","TAB","GTG2193A","30049099 (2.5%+2.5%)","millennium medisolutions pvt ltd.","10","1","122.14","152.68","160.31","07/2027"
"1685.","ISTAVEL 50 MG","TAB","GTH1268A","30049099 (2.5%+2.5%)","millennium medisolutions pvt ltd.","10","6 + {5}","80.00","100.00","105.00","03/2028"
"1686.","ITRAMAX - OC","OINTMENT","50346","3004 (2.5%+2.5%)","NEW sai medicose","1","4","24.36","62.86","66.00","08/2027"
"1687.","IVABRAD - 5 MG","TAB","UB02669","30042070 (2.5%+2.5%)","millennium medisolutions pvt ltd.","15","1 + {2}","388.76","485.95","510.25","10/2027"
"1688.","IVAFORD - 5","Tube","21266002","3004 (2.5%+2.5%)","SHREE GOPAL  PHARMACEUTICALS","1","0","75.00","238.10","250.00","03/2028"
"1689.","IVAFORD - 5","TAB","21266001","3004 (2.5%+2.5%)","SHREE GOPAL  PHARMACEUTICALS","10","0","75.00","238.10","250.00","12/2027"
"1690.","IVASON AZ NASAL RELIEVER","DROP","2409299C","3004 (2.5%+2.5%)","NEW sai medicose","1","0","118.99","252.38","265.00","08/2027"
"1691.","IVERHEAL - 12","TAB","TI-490057","3004 (2.5%+2.5%)","gandhi medical hall","10","2 + {8}","26.10","106.67","112.00","07/2028"
"1692.","JAICIT PLUS","TAB","JTD25L18A","3004 (2.5%+2.5%)","GUPTA MEDICAL HALL","10","14","487.44","580.29","609.30","11/2027"
"1693.","JBROLIN -3D TAB","TAB","JTD25G25D","300490 (2.5%+2.5%)","GUPTA MEDICAL HALL","10","0","120.40","196.43","206.25","06/2027"
"1694.","JBROLIN -3D TAB","TAB","JTD25G28D","300490 (2.5%+2.5%)","GUPTA MEDICAL HALL","10","0","167.20","196.43","206.25","06/2027"
"1695.","JBROLIN -3D TAB","TAB","JTD25L26B","300490 (2.5%+2.5%)","GUPTA MEDICAL HALL","10","27 + {10}","120.38","196.43","206.25","11/2027"
"1696.","JOITEN TAB","TAB","MNT-1225237","21069099 (2.5%+2.5%)","GUPTA MEDICAL HALL","10","13 + {8}","266.66","333.33","350.00","11/2027"
"1697.","JOR-40-DSR  CAP","CAPs","C251060B","300490 (2.5%+2.5%)","GUPTA MEDICAL HALL","10","0","105.00","125.00","131.25","08/2027"
"1698.","JOR-40-DSR  CAP","CAPs","C25I060B","300490 (2.5%+2.5%)","GUPTA MEDICAL HALL","10","1 + {3}","105.00","125.00","131.25","08/2027"
"1699.","JUSTOZA - B 2.5","TAB","B4KFY001","30049099 (2.5%+2.5%)","ROHIT PHARMA","10","2","114.29","142.86","150.00","07/2027"
"1700.","K-BIND SACHET","Sachet","BRC1069","30049099 (2.5%+2.5%)","SAI BABA SURGICAL","1","13","113.88","141.90","149.00","02/2028"
"1701.","K-BIND SACHET","Sachet","BRB1262","3004 (2.5%+2.5%)","BHARAT MEDICAL HALL","1","0","113.56","141.96","149.06","09/2027"
"1702.","K-BIND SACHET","Sachet","BRC1054","3004 (2.5%+2.5%)","BHARAT MEDICAL HALL","1","0","113.56","141.96","149.06","02/2028"
"1703.","K-LYTE-P","IV","K4N20001","3004 (2.5%+2.5%)","a and a hygien and surgical cre","1","5","26.00","106.67","112.00","07/2027"
"1704.","KEMOBET INJ","INJ","KM24005SP","3004 (2.5%+2.5%)","NEW sai medicose","1","3","3.90","5.06","5.31","10/2026"
"1705.","KEMOGERMINA","Bottle","KNA26001UH","3004 (2.5%+2.5%)","NEW sai medicose","1","5","13.23","42.86","45.00","02/2028"
"1706.","KENACORT 40 INJ","INJ","NCM0003","30049099 (2.5%+2.5%)","millennium medisolutions pvt ltd.","1","3","161.57","201.96","212.06","12/2028"
"1707.","KENACORT PASTE","GEL","CF041","3004 (2.5%+2.5%)","OM MEDICAL HALL","1","1","131.09","162.23","170.34","12/2026"
"1708.","KENACORT PASTE","GEL","CG004","3004 (2.5%+2.5%)","millennium medisolutions pvt ltd.","1","0","129.78","162.23","170.34","03/2027"
"1709.","KENACORT PASTE","GEL","CG016","3004 (2.5%+2.5%)","NEW sai medicose","1","2","142.75","178.45","187.37","06/2027"
"1710.","KEROSITE INJ","INJ","LFP25165","3004 (2.5%+2.5%)","SHREE GOPAL  PHARMACEUTICALS","1","25","6.60","17.14","18.00","07/2027"
"1711.","KETOKEM Z SHAMPOO","General","KZS26009ED","3004 (2.5%+2.5%)","NEW sai medicose","1","2","80.90","209.52","220.00","02/2028"
"1712.","KETOROKEM  INJ","INJ","KEM25003SR","3004 (2.5%+2.5%)","SHREE GOPAL  PHARMACEUTICALS","1","0","5.46","34.82","36.56","05/2027"
"1713.","KETOROL DT","TAB","E2601241","30049067 (2.5%+2.5%)","millennium medisolutions pvt ltd.","15","1 + {6}","139.26","174.08","182.78","05/2029"
"1714.","KETOROL DT","TAB","E2502175","30049067 (2.5%+2.5%)","millennium medisolutions pvt ltd.","15","0 + {1}","139.26","174.08","182.78","09/2028"
"1715.","KETOROL DT","TAB","E2601089","30049067 (2.5%+2.5%)","millennium medisolutions pvt ltd.","15","0 + {7}","139.26","174.08","182.78","04/2029"
"1716.","KETOSTAR CREAM","OINTMENT","G71BX010","3004 (2.5%+2.5%)","GUPTA MEDICAL HALL","1","2","103.00","140.45","147.47","08/2026"
"1717.","KEYFORD CYPROHEPTA","TAB","BCHT-013","30049099 (2.5%+2.5%)","PRAKASH PHARMA","10","100","1.25","17.86","18.75","06/2027"
"1718.","KYGLIP - M 50","TAB","ZAHP2603","3004 (2.5%+2.5%)","SHREE GOPAL  PHARMACEUTICALS","15","8","74.30","102.86","108.00","04/2028"
"1719.","LABEBET 100","TAB","SIG2284A","30049079 (2.5%+2.5%)","millennium medisolutions pvt ltd.","10","5","123.30","154.13","161.84","10/2027"
"1720.","LABETROY INJ","INJ","1BF25007","30049074 (2.5%+2.5%)","BAJAJ MEDICAL AGENCY","1","1","75.00","203.21","213.37","09/2027"
"1721.","LABETROY INJ","INJ","1BF25008","30049074 (2.5%+2.5%)","BAJAJ MEDICAL AGENCY","1","30","75.00","203.21","213.37","11/2027"
"1722.","LABETROY INJ","INJ","1BF25002","30049074 (2.5%+2.5%)","BAJAJ MEDICAL AGENCY","1","0","75.00","199.79","209.78","02/2027"
"1723.","LACOSET 100 MG","TAB","SIG2069A","30049099 (2.5%+2.5%)","millennium medisolutions pvt ltd.","10","3 + {6}","151.43","189.29","198.75","08/2027"
"1724.","LACOTIDE INJ","INJ","BSF06006A","30049082 (2.5%+2.5%)","HEMANT MEDICAL AGENCIES","1","10","160.84","249.33","261.80","05/2027"
"1725.","LACTIFIBER POWDER","Powder","GKG1191A","3004 (2.5%+2.5%)","SHREE GOPAL  PHARMACEUTICALS","1","0","392.86","491.08","515.63","09/2027"
"1726.","LACTIFIBER POWDER","Powder","GKG2171A","30049039 (2.5%+2.5%)","millennium medisolutions pvt ltd.","1","0","392.86","491.08","515.63","11/2027"
"1727.","LACTIFIBER POWDER 120 GM","Powder","GKG1255A","30049039 (2.5%+2.5%)","millennium medisolutions pvt ltd.","1","0","275.72","344.65","361.88","06/2027"
"1728.","LACTIFIBER SYRUP","SYRUP","SXG1331A","3004 (2.5%+2.5%)","SHREE GOPAL  PHARMACEUTICALS","1","3","278.57","348.22","365.63","05/2027"
"1729.","LACTUDOS ORAL","SYRUP","LSL24005BB","300490 (2.5%+2.5%)","gandhi medical hall","1","0","72.12","123.01","129.16","11/2026"
"1730.","LANTUS U 100 SOLO","INJ","5F0384A","30043190 (2.5%+2.5%)","millennium medisolutions pvt ltd.","1","1","625.91","745.13","782.39","06/2028"
"1731.","LANTUS U 100 SOLO","INJ","6F0636A","30043190 (2.5%+2.5%)","HEMANT MEDICAL AGENCIES","1","2","625.91","745.13","782.39","12/2028"
"1732.","LANTUS U 100 SOLO","INJ","6F0591A","30043190 (2.5%+2.5%)","HEMANT MEDICAL AGENCIES","1","0","625.91","745.13","782.39","11/2028"
"1733.","LANTUS U 100 SOLO","INJ","6F0604A","30043190 (2.5%+2.5%)","HEMANT MEDICAL AGENCIES","1","0","625.91","745.13","782.39","12/2028"
"1734.","LANTUS U 100 SOLO","INJ","5F0384A","30043190 (2.5%+2.5%)","HEMANT MEDICAL AGENCIES","1","0","625.91","745.13","782.39","06/2028"
"1735.","LASILACTONE 50 MG","TAB","5P1214A","30049099 (2.5%+2.5%)","HEMANT MEDICAL AGENCIES","10","5","50.93","63.66","66.84","03/2028"
"1736.","LASILACTONE 50 MG","TAB","5P1204A","30049099 (2.5%+2.5%)","HEMANT MEDICAL AGENCIES","15","0 + {11}","50.93","63.66","66.84","03/2028"
"1737.","LASIX 4ML","INJ","2125100","30066010 (2.5%+2.5%)","millennium medisolutions pvt ltd.","1","0","10.21","12.15","12.76","05/2028"
"1738.","LASIX 4ML","INJ","2125158","30066010 (2.5%+2.5%)","OM MEDICAL HALL","1","27","10.28","12.15","12.76","08/2028"
"1739.","LASIX 4ML","INJ","2125215","30066010 (2.5%+2.5%)","millennium medisolutions pvt ltd.","1","2","10.21","12.15","12.76","10/2028"
"1740.","LASIX TAB","TAB","5P1115A","3004 (2.5%+2.5%)","NEW sai medicose","15","1 + {4}","11.79","13.73","14.42","03/2028"
"1741.","LAXIVENT TAB","TAB","I1636004","3004 (2.5%+2.5%)","NEW sai medicose","10","4","9.60","57.14","60.00","05/2029"
"1742.","LAXIVENT TAB","TAB","I636001","3004 (2.5%+2.5%)","NEW sai medicose","10","3","8.58","24.76","26.00","12/2028"
"1743.","LAXIVENT TAB","TAB","11636001","3004 (2.5%+2.5%)","NEW sai medicose","10","15","9.50","20.95","22.00","12/2028"
"1744.","LAXIVENT TAB","TAB","I1636001","3004 (2.5%+2.5%)","NEW sai medicose","10","5","9.60","19.05","20.00","12/2028"
"1745.","LAXOCLEAR","TAB","5935002","3004 (2.5%+2.5%)","NEW sai medicose","10","0","8.80","21.90","23.00","05/2027"
"1746.","LAXOCLEAR","TAB","5936001","3004 (2.5%+2.5%)","OM MEDICAL HALL","10","0 + {5}","9.00","20.95","22.00","01/2028"
"1747.","LCD 125 MG","TAB","K2600623","15042090 (2.5%+2.5%)","millennium medisolutions pvt ltd.","10","0","20.96","26.20","27.51","02/2028"
"1748.","LCD 125 MG","TAB","K2600208","15042090 (2.5%+2.5%)","HEMANT MEDICAL AGENCIES","10","0","20.96","26.20","27.51","12/2027"
"1749.","LCD 125 MG","TAB","K26000623","15042090 (2.5%+2.5%)","HEMANT MEDICAL AGENCIES","10","0","20.96","26.20","27.51","02/2028"
"1750.","LCD 125 MG","TAB","K2601584","15042090 (2.5%+2.5%)","HEMANT MEDICAL AGENCIES","10","9","21.10","25.99","27.29","05/2028"
"1751.","LCD 125 MG","TAB","K2600968","15042090 (2.5%+2.5%)","HEMANT MEDICAL AGENCIES","10","0 + {9}","21.10","26.37","27.69","03/2028"
"1752.","LCD 125 MG","TAB","K2600339","15042090 (2.5%+2.5%)","SHIV PHARMA TRADERS","10","0","20.96","26.20","27.51","01/2028"
"1753.","LCD 125 MG","TAB","K2502691","15042090 (2.5%+2.5%)","millennium medisolutions pvt ltd.","10","0","20.96","26.20","27.51","10/2027"
"1754.","LCD 125 MG","TAB","K2601584","15042090 (2.5%+2.5%)","millennium medisolutions pvt ltd.","10","0 + {5}","21.10","26.37","27.69","05/2028"
"1755.","LEEDOTT CAP","CAPs","6205007","3004 (2.5%+2.5%)","SHREE GOPAL  PHARMACEUTICALS","10","0","45.00","106.67","112.00","07/2027"
"1756.","LEEDOTT CAP","CAPs","6205002","3004 (2.5%+2.5%)","GUPTA MEDICAL HALL","10","1 + {2}","45.00","133.33","140.00","02/2027"
"1757.","LEEDOTT CAP","CAPs","6205002","3004 (2.5%+2.5%)","SHREE GOPAL  PHARMACEUTICALS","10","0","45.00","106.67","112.00","02/2027"
"1758.","LEFNO 10 MG","TAB","GOU0125012AS","30049099 (2.5%+2.5%)","millennium medisolutions pvt ltd.","10","1 + {2}","118.11","147.64","155.02","07/2027"
"1759.","LESIER - 5 MG","TAB","ST253705","30042034 (2.5%+2.5%)","ALISIER DRUGS PVT . LTD","10","33 + {6}","4.21","26.67","28.00","10/2027"
"1760.","LESURIDE","TAB","GTG3134A","30049079 (2.5%+2.5%)","SHREE GOPAL  PHARMACEUTICALS","10","0","95.00","118.75","124.69","09/2027"
"1761.","LESURIDE","TAB","GTG3588B","30049079 (2.5%+2.5%)","millennium medisolutions pvt ltd.","10","3 + {4}","95.00","118.75","124.69","11/2027"
"1762.","LESURIDE","TAB","GTG3134A","30049079 (2.5%+2.5%)","millennium medisolutions pvt ltd.","10","0","95.00","118.75","124.69","09/2027"
"1763.","LESURIDE","TAB","GTG3588B","30049079 (2.5%+2.5%)","SHREE GOPAL  PHARMACEUTICALS","10","10","95.00","118.75","124.69","11/2027"
"1764.","LESURIDE","TAB","GTG0089A","30049079 (2.5%+2.5%)","ANAND MEDICOS","10","0","87.64","109.82","115.31","11/2026"
"1765.","LESURIDE INJ","INJ","GTG3160A","30049099 (2.5%+2.5%)","SHREE GOPAL  PHARMACEUTICALS","1","10","67.86","84.82","89.06","09/2028"
"1766.","LESURIDE INJ","INJ","GTG353A","30049099 (2.5%+2.5%)","SHREE GOPAL  PHARMACEUTICALS","1","0","67.86","84.82","89.06","10/2028"
"1767.","LESURIDE INJ","INJ","GTG2254A","30049099 (2.5%+2.5%)","millennium medisolutions pvt ltd.","1","0","67.86","84.82","89.06","06/2028"
"1768.","LESURIDE INJ","INJ","GTG3453A","30049099 (2.5%+2.5%)","millennium medisolutions pvt ltd.","1","0","67.86","84.82","89.06","10/2028"
"1769.","LESURIDE INJ","INJ","GTG3453A","30049099 (2.5%+2.5%)","SHREE GOPAL  PHARMACEUTICALS","1","0","67.86","84.82","89.06","10/2028"
"1770.","LESURIDE INJ","INJ","GTG3670A","30049099 (2.5%+2.5%)","SHREE GOPAL  PHARMACEUTICALS","1","30","67.86","84.82","89.06","11/2028"
"1771.","LESURIDE INJ","INJ","GTG2988A","30049099 (2.5%+2.5%)","ANAND MEDICOS","1","0","67.92","84.82","89.06","09/2028"
"1772.","LESURIDE INJ","INJ","GTH0116A","30049099 (2.5%+2.5%)","millennium medisolutions pvt ltd.","1","0","67.86","84.82","89.06","12/2028"
"1773.","LEVACETAM INJ 5 ML","INJ","LASV059","30049082 (2.5%+2.5%)","SAI BABA SURGICAL","1","0","35.00","116.95","122.80","06/2027"
"1774.","LEVACETAM INJ 5 ML","INJ","LASV063","30049082 (2.5%+2.5%)","SAI BABA SURGICAL","1","51","39.00","116.95","122.80","12/2027"
"1775.","LEVERA 500","TAB","N2600501","3004 (2.5%+2.5%)","OM MEDICAL HALL","15","9 + {8}","158.52","198.15","208.06","01/2029"
"1776.","LEVERA 750","TAB","N2601152","30049082 (2.5%+2.5%)","millennium medisolutions pvt ltd.","10","0","158.48","198.10","208.01","03/2029"
"1777.","LEVERA XR 1000 MG","TAB","N2502634","30049082 (2.5%+2.5%)","millennium medisolutions pvt ltd.","10","2","353.57","441.96","464.06","07/2027"
"1778.","LEVERA XR 500 MG","TAB","N2600305","30049082 (2.5%+2.5%)","HEMANT MEDICAL AGENCIES","10","0 + {2}","105.68","132.10","138.70","12/2027"
"1779.","LEVERA XR 500 MG","TAB","N2601258","30049082 (2.5%+2.5%)","HEMANT MEDICAL AGENCIES","10","6","106.40","133.00","139.65","03/2028"
"1780.","LEVERA XR 500 MG","TAB","N2502298","30049082 (2.5%+2.5%)","millennium medisolutions pvt ltd.","10","0","105.68","132.10","138.70","06/2027"
"1781.","LEVERA XR 500 MG","TAB","N2600305","30049082 (2.5%+2.5%)","millennium medisolutions pvt ltd.","10","1 + {4}","105.68","132.10","138.70","12/2027"
"1782.","LEVERA XR 500 MG","TAB","N2600252","30049082 (2.5%+2.5%)","millennium medisolutions pvt ltd.","10","0","105.68","132.10","138.70","12/2027"
"1783.","LEVERA XR 750","TAB","N2500420","30049082 (2.5%+2.5%)","HEMANT MEDICAL AGENCIES","10","0 + {7}","146.39","182.99","192.14","01/2027"
"1784.","LEVERA XR 750","TAB","N2601465","30049082 (2.5%+2.5%)","HEMANT MEDICAL AGENCIES","10","6","149.91","187.39","196.76","04/2028"
"1785.","LEVERA XR 750","TAB","N2601262","30049082 (2.5%+2.5%)","millennium medisolutions pvt ltd.","10","1","149.91","187.39","196.76","03/2028"
"1786.","LEVESAM 500 MG","TAB","HTL0155","30049082 (2.5%+2.5%)","SAI BABA SURGICAL","15","0 + {8}","158.46","198.08","207.98","07/2027"
"1787.","LEVIPIL  INJ","INJ","GTG2815A","30049082 (2.5%+2.5%)","millennium medisolutions pvt ltd.","1","0","93.64","117.05","122.90","08/2028"
"1788.","LEVIPIL SYP","SYRUP","SXG2590A","30049082 (2.5%+2.5%)","millennium medisolutions pvt ltd.","1","3","323.05","403.81","424.00","10/2027"
"1789.","LEVIPIL XR 500","TAB","GKG2077A","30049082 (2.5%+2.5%)","SHIV PHARMA TRADERS","10","5","105.64","132.05","138.65","11/2027"
"1790.","LEVOCAM - I RESP","RESPules","2681014CA","3004 (2.5%+2.5%)","CAMBIOR PHARMACEUTICALS","1","52","5.00","28.57","30.00","02/2028"
"1791.","LEVOCAM - I RESP","RESPules","R02506ND","3004 (2.5%+2.5%)","CAMBIOR PHARMACEUTICALS","1","0","20.57","28.57","30.00","10/2027"
"1792.","LEVOFLOX - 500","TAB","6SD0078","30042034 (2.5%+2.5%)","millennium medisolutions pvt ltd.","10","3","66.92","91.49","96.06","02/2029"
"1793.","LEVOFLOX - 750","TAB","6SD0116","30042034 (2.5%+2.5%)","millennium medisolutions pvt ltd.","5","2 + {2}","45.77","63.74","66.93","03/2029"
"1794.","LEVOLIN 0.31","RESPules","5L81112","3004 (2.5%+2.5%)","NEW sai medicose","1","33","5.13","6.41","6.73","11/2027"
"1795.","LEVOLIN 0.63","RESPules","5L81196","3004 (2.5%+2.5%)","NEW sai medicose","1","47","6.17","7.71","8.10","10/2027"
"1796.","LEVOQUIN I.V 100 ML","Bottle","AMQ06BJA","3004 (2.5%+2.5%)","SHREE GOPAL  PHARMACEUTICALS","1","2","21.75","53.33","56.00","01/2027"
"1797.","LEVOSIZ - M","TAB","HLM550825","30049039 (2.5%+2.5%)","sanghi pharma","15","0 + {11}","77.14","103.10","108.25","07/2028"
"1798.","LEVOSURF INJ","INJ","GA25E-30B","30049099 (2.5%+2.5%)","mohinder pharma","1","3","14.50","111.61","117.19","04/2027"
"1799.","LEVOTRAMINE 5 MG","TAB","G2105006","3004 (2.5%+2.5%)","NEW sai medicose","10","5","5.52","21.90","23.00","07/2028"
"1800.","LEXA TAB","TAB","LXA26004","30049099 (2.5%+2.5%)","millennium medisolutions pvt ltd.","10","2","66.43","83.04","87.19","02/2028"
"1801.","LEXA TAB","TAB","LXA26002","30049099 (2.5%+2.5%)","DIVINE PHARMA","10","3","66.43","83.04","87.19","02/2028"
"1802.","LEXA TAB","TAB","LXA25013","30049099 (2.5%+2.5%)","DIVINE PHARMA","10","0","66.43","83.04","87.19","10/2027"
"1803.","LEXA TAB","TAB","LXA26001","30049099 (2.5%+2.5%)","DIVINE PHARMA","10","8","66.43","83.04","87.19","01/2028"
"1804.","LEXANOX PLUS","OINTMENT","18260356A","30049099 (2.5%+2.5%)","ROHIT PHARMA","1","4","128.56","160.70","168.74","12/2027"
"1805.","LEXANOX PLUS","OINTMENT","18260356A","30049099 (2.5%+2.5%)","millennium medisolutions pvt ltd.","1","0","128.56","160.70","168.74","12/2027"
"1806.","LEXANOX PLUS","OINTMENT","18252557A","30049099 (2.5%+2.5%)","millennium medisolutions pvt ltd.","1","2","128.57","160.71","168.75","05/2027"
"1807.","LIBRIUM - 10 MG","TAB","LBA25014","30049079 (2.5%+2.5%)","millennium medisolutions pvt ltd.","15","0","122.69","153.36","161.03","11/2028"
"1808.","LIBRIUM - 10 MG","TAB","LBA26002","30049079 (2.5%+2.5%)","millennium medisolutions pvt ltd.","15","0 + {11}","134.96","168.70","177.13","03/2029"
"1809.","LIBRIUM - 10 MG","TAB","LBA25014","30049079 (2.5%+2.5%)","SAI BABA SURGICAL","15","3","122.69","153.36","161.03","11/2028"
"1810.","LIBRIUM - 25","TAB","LBB26001","30049079 (2.5%+2.5%)","millennium medisolutions pvt ltd.","15","2 + {2}","186.81","233.51","245.19","12/2028"
"1811.","LIBRIUM - 25","TAB","LBB26003","30049079 (2.5%+2.5%)","millennium medisolutions pvt ltd.","15","0","186.81","233.51","245.19","12/2028"
"1812.","LIBRIUM - 25","TAB","LBB25008","30049079 (2.5%+2.5%)","millennium medisolutions pvt ltd.","15","0","186.81","233.51","245.19","08/2028"
"1813.","LIBRIUM - 25","TAB","LBB24003","30049079 (2.5%+2.5%)","millennium medisolutions pvt ltd.","15","0","154.40","205.87","216.16","03/2027"
"1814.","LIDOCAM TAB","TAB","CT14375","30049099 (2.5%+2.5%)","millennium medisolutions pvt ltd.","15","0 + {11}","152.14","190.17","199.68","10/2027"
"1815.","LIDOCAM TAB","TAB","CT11225","30049099 (2.5%+2.5%)","millennium medisolutions pvt ltd.","15","0","152.14","190.17","199.68","08/2027"
"1816.","LIDOCAM TAB","TAB","CT06535","30049099 (2.5%+2.5%)","millennium medisolutions pvt ltd.","15","0","145.00","181.25","190.31","05/2027"
"1817.","LIGN - ADERNALINE INJ","INJ","GM-182B","3004 (2.5%+2.5%)","SHREE GOPAL  PHARMACEUTICALS","1","9","12.00","32.40","34.02","10/2027"
"1818.","LIGNO-ONE 2% GEL","GEL","E5L057","3004 (2.5%+2.5%)","SHREE GOPAL  PHARMACEUTICALS","1","5","26.00","34.29","36.00","11/2027"
"1819.","LIGNOCAIN 2 % INJ","INJ","SM25005","3004 (2.5%+2.5%)","NEW sai medicose","1","0","15.00","21.93","23.03","07/2027"
"1820.","LIGOTIL 5 MG","TAB","LGP11/140/13","3004 (2.5%+2.5%)","NEW sai medicose","10","0 + {1}","18.23","83.81","88.00","10/2027"
"1821.","LIGOTIL 5 MG","TAB","LGN07/130/16","3004 (2.5%+2.5%)","NEW sai medicose","10","0 + {2}","18.23","84.76","89.00","06/2026"
"1822.","LIMCEE 500","TAB","LBR26305","30045090 (2.5%+2.5%)","NEW sai medicose","15","8 + {12}","18.80","23.50","24.68","02/2028"
"1823.","LIMCEE 500","TAB","HAJA5784","30045090 (2.5%+2.5%)","millennium medisolutions pvt ltd.","15","0","18.80","23.50","24.68","10/2027"
"1824.","LIMCEE 500","TAB","LIA26003","30045090 (2.5%+2.5%)","GUPTA MEDICAL HALL","15","0 + {13}","18.80","23.50","24.68","12/2027"
"1825.","LINAFORD - 5","TAB","LFR26001","3004 (2.5%+2.5%)","SHREE GOPAL  PHARMACEUTICALS","10","1 + {2}","24.00","84.76","89.00","02/2028"
"1826.","LINAFORD - 5","TAB","LFR26002","3004 (2.5%+2.5%)","SHREE GOPAL  PHARMACEUTICALS","10","17","24.00","90.48","95.00","05/2028"
"1827.","LINAPRIDE - 5 MG","TAB","LNPY0053","30049099 (2.5%+2.5%)","millennium medisolutions pvt ltd.","10","0 + {5}","100.57","125.71","132.00","03/2028"
"1828.","LINAPRIDE - 5 MG","TAB","LNPY0053","30049099 (2.5%+2.5%)","HEMANT MEDICAL AGENCIES","10","0 + {2}","100.57","125.71","132.00","03/2028"
"1829.","LINAPRIDE - 5 MG","TAB","LNPY0055","30049099 (2.5%+2.5%)","millennium medisolutions pvt ltd.","10","5","100.57","125.71","132.00","04/2028"
"1830.","LINAPRIDE - 5 MG","TAB","LNPY0046","30049099 (2.5%+2.5%)","HEMANT MEDICAL AGENCIES","10","0","92.11","115.14","120.90","08/2027"
"1831.","LINAPRIDE - 5 MG","TAB","LNPY0050","30049099 (2.5%+2.5%)","HEMANT MEDICAL AGENCIES","10","0","84.40","115.14","120.90","10/2027"
"1832.","LINAPRIDE - D","TAB","LPBS0022","30049099 (2.5%+2.5%)","millennium medisolutions pvt ltd.","10","1","112.84","141.05","148.10","10/2027"
"1833.","LINAPRIDE - D","TAB","LPBS0019","30049099 (2.5%+2.5%)","HEMANT MEDICAL AGENCIES","10","2 + {9}","112.84","141.05","148.10","05/2027"
"1834.","LINAPRIDE- M 500 XR","TAB","LPM5XR012","30049099 (2.5%+2.5%)","millennium medisolutions pvt ltd.","10","0","101.41","126.76","133.10","06/2027"
"1835.","LINAPRIDE- M 500 XR","TAB","LPM5XR014","30049099 (2.5%+2.5%)","millennium medisolutions pvt ltd.","10","0","104.41","126.76","133.10","07/2027"
"1836.","LINAPRIDE- M 500 XR","TAB","LPM5XR013","30049099 (2.5%+2.5%)","HEMANT MEDICAL AGENCIES","10","0","101.41","126.76","133.10","06/2027"
"1837.","LINAPRIDE- M 500 XR","TAB","LPM5XR013","30049099 (2.5%+2.5%)","millennium medisolutions pvt ltd.","10","0","101.41","126.76","133.10","06/2027"
"1838.","LINAPRIDE- M 500 XR","TAB","LPM5XR010","30049099 (2.5%+2.5%)","SAI BABA SURGICAL","10","-1 + {6}","101.41","126.76","133.10","04/2027"
"1839.","LINAPRIDE- M 500 XR","TAB","LPM5XR028","30049099 (2.5%+2.5%)","HEMANT MEDICAL AGENCIES","10","9","101.41","126.76","133.10","03/2028"
"1840.","LINAPRIDE- M 500 XR","TAB","LPM5XR025","30049099 (2.5%+2.5%)","HEMANT MEDICAL AGENCIES","10","8 + {5}","92.92","126.76","133.10","02/2028"
"1841.","LINAPRIDE- M 500 XR","TAB","LPM5XR014","30049099 (2.5%+2.5%)","HEMANT MEDICAL AGENCIES","10","0","101.41","126.76","133.10","07/2027"
"1842.","LINAPRIDE- M 500 XR","TAB","LPM5XR017","30049099 (2.5%+2.5%)","HEMANT MEDICAL AGENCIES","10","0 + {4}","92.92","126.76","133.10","10/2027"
"1843.","LINAPRIDE-M-1000XR","TAB","LPMEX1002","30049099 (2.5%+2.5%)","millennium medisolutions pvt ltd.","10","3","108.57","135.71","142.50","10/2027"
"1844.","LINCEF NOVO 600","TAB","LCN26003ES","3004 (2.5%+2.5%)","NEW sai medicose","10","8 + {2}","95.00","209.52","220.00","01/2028"
"1845.","LINCEF NOVO 600","TAB","LCN25015ES","3004 (2.5%+2.5%)","NEW sai medicose","10","2 + {5}","89.59","214.29","225.00","08/2027"
"1846.","LINOWIN - 600","TAB","2GT25101A","3004 (2.5%+2.5%)","S.P . MEDICAL AGENCIES","10","0 + {6}","194.81","362.38","380.50","01/2028"
"1847.","LINZOPOINT 600 I.V","INJ","ABM0035","3004 (2.5%+2.5%)","SHREE GOPAL  PHARMACEUTICALS","1","0","83.95","438.10","460.00","02/2028"
"1848.","LINZOPOINT 600 I.V","INJ","ABL0023","3004 (2.5%+2.5%)","NEW sai medicose","1","0","78.00","465.71","489.00","12/2026"
"1849.","LINZOPOINT 600 I.V","INJ","ABM0035","3004 (2.5%+2.5%)","NEW sai medicose","1","4","80.00","419.05","440.00","02/2028"
"1850.","LINZOPOINT 600 I.V","INJ","ABL0351","3004 (2.5%+2.5%)","NEW sai medicose","1","0","78.00","423.81","445.00","10/2027"
"1851.","LIOFEN XL 10","CAPs","GKG1795A","30049099 (2.5%+2.5%)","millennium medisolutions pvt ltd.","10","0 + {9}","194.29","242.86","255.00","08/2027"
"1852.","LIOFEN XL 10","CAPs","GKH0879A","30049099 (2.5%+2.5%)","SHREE GOPAL  PHARMACEUTICALS","10","5","194.29","242.86","255.00","04/2028"
"1853.","LIOFEN XL 20","CAPs","GKG1936A","30049099 (2.5%+2.5%)","millennium medisolutions pvt ltd.","10","0","304.76","380.95","400.00","10/2027"
"1854.","LIOFEN XL 20","TAB","GKH0596A","3004 (2.5%+2.5%)","SHREE GOPAL  PHARMACEUTICALS","10","0","304.76","380.95","400.00","03/2028"
"1855.","LIOFEN XL 20","CAPs","GKG2134A","30049099 (2.5%+2.5%)","millennium medisolutions pvt ltd.","10","0","304.76","380.95","400.00","11/2027"
"1856.","LIOFEN XL 20","CAPs","GKH0597A","30049099 (2.5%+2.5%)","millennium medisolutions pvt ltd.","10","0 + {7}","304.76","380.95","400.00","03/2028"
"1857.","LIOFEN XL 30","CAPs","GKH0223A","30049099 (2.5%+2.5%)","SHREE GOPAL  PHARMACEUTICALS","10","1 + {4}","377.14","471.43","495.00","01/2028"
"1858.","LIOFEN XL 30","CAPs","GKG1411A","30049099 (2.5%+2.5%)","millennium medisolutions pvt ltd.","10","0 + {3}","377.14","471.43","495.00","07/2027"
"1859.","LIOFEN XL 30","CAPs","GKG2202A","30049099 (2.5%+2.5%)","millennium medisolutions pvt ltd.","10","8","377.14","471.43","495.00","11/2027"
"1860.","LIOFEN XL 40","CAPs","GKG1959A","30049099 (2.5%+2.5%)","millennium medisolutions pvt ltd.","10","2","438.10","547.62","575.00","10/2027"
"1861.","LIPIGO A 75 MG","TAB","M24HH26003","30049079 (2.5%+2.5%)","SHIV PHARMA TRADERS","10","30","97.02","121.28","127.34","03/2028"
"1862.","LIPIGO F10","TAB","M30RE25003","30049079 (2.5%+2.5%)","SHIV PHARMA TRADERS","10","15","151.48","189.35","198.82","05/2027"
"1863.","LIPIKIND PLUS CAP","CAPs","A0DAY011","30049099 (2.5%+2.5%)","millennium medisolutions pvt ltd.","15","0 + {11}","94.11","117.64","123.52","04/2027"
"1864.","LIPIKIND PLUS CAP","CAPs","A0DAY007","30049099 (2.5%+2.5%)","millennium medisolutions pvt ltd.","15","0","94.11","117.64","123.52","10/2026"
"1865.","LIPIKIND PLUS CAP","CAPs","A0DAY009","30049099 (2.5%+2.5%)","millennium medisolutions pvt ltd.","15","0","94.11","117.64","123.52","11/2026"
"1866.","LIPIVENT GOLD 20","CAPs","G6195001","3004 (2.5%+2.5%)","NEW sai medicose","15","0 + {1}","42.90","106.67","112.00","12/2026"
"1867.","LIPVAS -10 MG","TAB","5BA0294","3004 (2.5%+2.5%)","NEW sai medicose","10","0","15.70","44.76","47.00","12/2026"
"1868.","LIPVAS -10 MG","TAB","6BA0095","3004 (2.5%+2.5%)","gandhi medical hall","10","0","18.00","50.58","53.11","12/2027"
"1869.","LIPVAS -10 MG","TAB","5BA0881","3004 (2.5%+2.5%)","GUPTA MEDICAL HALL","10","0","17.15","41.90","44.00","04/2028"
"1870.","LIPVAS -10 MG","TAB","5BA0881","3004 (2.5%+2.5%)","SHREE GOPAL  PHARMACEUTICALS","10","1 + {2}","17.33","50.58","53.11","04/2027"
"1871.","LIPVAS -10 MG","TAB","6BA0308","3004 (2.5%+2.5%)","SHREE GOPAL  PHARMACEUTICALS","10","6","18.19","50.58","53.11","01/2028"
"1872.","LIPVAS 10 MG","TAB","4B1357","3004 (2.5%+2.5%)","NEW sai medicose","10","1 + {4}","14.54","58.32","61.24","05/2026"
"1873.","LIPVAS 20","TAB","6BA0101","3004 (2.5%+2.5%)","gandhi medical hall","10","0 + {7}","32.50","85.71","90.00","12/2027"
"1874.","LIPVAS 20","TAB","5BA1044","3004 (2.5%+2.5%)","GUPTA MEDICAL HALL","10","0 + {1}","30.35","106.67","112.00","04/2027"
"1875.","LIPVAS 20","TAB","5BA1621","3004 (2.5%+2.5%)","SAI BABA SURGICAL","10","0 + {7}","36.40","84.76","89.00","06/2027"
"1876.","LIPVAS 20","TAB","5BA0390","3004 (2.5%+2.5%)","SHREE GOPAL  PHARMACEUTICALS","10","0","31.25","84.76","89.00","01/2027"
"1877.","LIPVAS 20","TAB","6BA0102","3004 (2.5%+2.5%)","SHREE GOPAL  PHARMACEUTICALS","10","0","33.50","95.24","100.00","12/2027"
"1878.","LIPVAS 20","TAB","6BA0248","3004 (2.5%+2.5%)","SHREE GOPAL  PHARMACEUTICALS","10","4 + {5}","33.50","127.79","134.18","12/2027"
"1879.","LIPVAS 20","TAB","5BA1043","3004 (2.5%+2.5%)","NEW sai medicose","10","0","28.48","54.29","57.00","04/2027"
"1880.","LIPVAS 40 MG","TAB","5BA1499","3004 (2.5%+2.5%)","SAI BABA SURGICAL","10","5","61.10","106.67","112.00","06/2027"
"1881.","LIPVAS 40 MG","TAB","4BA2885","3004 (2.5%+2.5%)","NEW sai medicose","10","0 + {6}","47.09","85.71","90.00","11/2026"
"1882.","LIPVAS 40 MG","TAB","5BA0117","3004 (2.5%+2.5%)","SHREE GOPAL  PHARMACEUTICALS","10","2 + {8}","50.75","129.52","136.00","12/2026"
"1883.","LITAX- PLUS SYP","SYRUP","LLD-10065B","30049099 (2.5%+2.5%)","GUPTA MEDICAL HALL","1","11","137.14","171.43","180.00","09/2027"
"1884.","LIV - 52 SYP","SYRUP","111251302","30049011 (2.5%+2.5%)","GUPTA MEDICAL HALL","1","0","178.29","222.86","234.00","11/2028"
"1885.","LIVBEL FORTE SYP","SYRUP","KHFL-0766","21069099 (2.5%+2.5%)","BAJAJ MEDICAL AGENCY","1","10","124.00","160.95","169.00","06/2027"
"1886.","LIVOGEN - Z","TAB","5344C84206","30045020 (2.5%+2.5%)","millennium medisolutions pvt ltd.","15","0","82.97","103.73","108.92","05/2027"
"1887.","LIVOGEN - Z","TAB","6089C84211","30045020 (2.5%+2.5%)","millennium medisolutions pvt ltd.","15","2 + {3}","82.97","103.73","108.92","08/2027"
"1888.","LIVOGEN - Z","TAB","5196C84205","30045020 (2.5%+2.5%)","PRAKASH MEDICOS","15","0 + {5}","75.45","94.31","99.03","12/2026"
"1889.","LIVOGEN CAP","TAB","6012C84204","30049079 (2.5%+2.5%)","millennium medisolutions pvt ltd.","15","1 + {11}","79.54","99.43","104.40","12/2027"
"1890.","LIVTONE - UD","TAB","FPCD2504","300490 (2.5%+2.5%)","gandhi medical hall","10","3 + {4}","120.49","211.43","222.00","03/2027"
"1891.","LMWX 0.4 INJ","INJ","DESDD3325","3004 (2.5%+2.5%)","OM MEDICAL HALL","1","0","145.00","447.81","470.27","08/2027"
"1892.","LMWX 0.4 INJ","INJ","DESDD062","3004 (2.5%+2.5%)","OM MEDICAL HALL","1","7","145.00","447.62","470.00","05/2027"
"1893.","LOOZ 150 ML SYP","SYRUP","L3026067","30049099 (2.5%+2.5%)","HEMANT MEDICAL AGENCIES","1","0","150.00","187.50","196.88","01/2028"
"1894.","LOOZ 150 ML SYP","SYRUP","L3025472","30049099 (2.5%+2.5%)","HEMANT MEDICAL AGENCIES","1","0","150.00","187.50","196.88","11/2027"
"1895.","LOOZ 150 ML SYP","SYRUP","L3026031","30049099 (2.5%+2.5%)","millennium medisolutions pvt ltd.","1","0","150.00","187.50","196.88","12/2027"
"1896.","LOOZ 150 ML SYP","SYRUP","L3025486","30049099 (2.5%+2.5%)","millennium medisolutions pvt ltd.","1","0","150.00","187.50","196.88","11/2027"
"1897.","LOOZ 150 ML SYP","SYRUP","L3026032","30049099 (2.5%+2.5%)","millennium medisolutions pvt ltd.","1","0","150.00","187.50","196.88","12/2027"
"1898.","LOOZ 150 ML SYP","SYRUP","L3026059","30049099 (2.5%+2.5%)","millennium medisolutions pvt ltd.","1","2","150.00","187.50","196.88","01/2028"
"1899.","LOOZ 150 ML SYP","SYRUP","L3025486","30049099 (2.5%+2.5%)","HEMANT MEDICAL AGENCIES","1","0","150.00","187.50","196.88","11/2027"
"1900.","LOOZ 150 ML SYP","SYRUP","L3026239","30049099 (2.5%+2.5%)","HEMANT MEDICAL AGENCIES","1","3","151.20","189.00","198.45","05/2028"
"1901.","LOOZ 150 ML SYP","SYRUP","L3026031","30049099 (2.5%+2.5%)","HEMANT MEDICAL AGENCIES","1","0","150.00","187.50","196.88","12/2027"
"1902.","LOOZ 240 ML","SYRUP","L3025441","30049099 (2.5%+2.5%)","HEMANT MEDICAL AGENCIES","1","0","240.00","300.00","315.00","10/2027"
"1903.","LOOZ 240 ML","SYRUP","L1525555","30049099 (2.5%+2.5%)","","1","0","240.00","300.00","315.00","08/2027"
"1904.","LOOZ 240 ML","SYRUP","L3025492","30049099 (2.5%+2.5%)","millennium medisolutions pvt ltd.","1","2","240.00","300.00","315.00","11/2027"
"1905.","LOOZ 240 ML","SYRUP","L1525555","30049099 (2.5%+2.5%)","millennium medisolutions pvt ltd.","1","0","240.00","300.00","315.00","08/2027"
"1906.","LOOZ 240 ML","SYRUP","L3025382","30049099 (2.5%+2.5%)","ROHTAK MEDICAL AGENCIES","1","0","240.00","300.00","315.00","08/2027"
"1907.","LOOZ 240 ML","SYRUP","L3025409","30049099 (2.5%+2.5%)","millennium medisolutions pvt ltd.","1","0","240.00","300.00","315.00","09/2027"
"1908.","LOOZ ENEMA","General","L3026050","30049099 (2.5%+2.5%)","millennium medisolutions pvt ltd.","1","0","396.19","495.24","520.00","12/2027"
"1909.","LOOZ FIBRE","Powder","LFR25018","30039011 (2.5%+2.5%)","millennium medisolutions pvt ltd.","1","0","456.79","609.05","639.50","06/2027"
"1910.","LOOZ FIBRE 90GM","Powder","LFR25012","30039011 (2.5%+2.5%)","millennium medisolutions pvt ltd.","1","0","278.57","348.22","365.63","04/2027"
"1911.","LOOZ FIBRE 90GM","Powder","LFR25005","30049011 (2.5%+2.5%)","millennium medisolutions pvt ltd.","1","0","253.78","317.19","333.05","01/2027"
"1912.","LOPAR TAB","TAB","LPT2526017","3004 (2.5%+2.5%)","NEW sai medicose","10","1 + {3}","1.50","20.95","22.00","03/2027"
"1913.","LOPEZ INJ 2 ML","AMP","KLLO5036","30049089 (2.5%+2.5%)","millennium medisolutions pvt ltd.","1","8","13.17","16.47","17.29","11/2027"
"1914.","LOPEZ INJ 2 ML","AMP","KLLO5027","30049089 (2.5%+2.5%)","millennium medisolutions pvt ltd.","1","10","13.17","16.47","17.29","08/2027"
"1915.","LOPRAKEM TAB","TAB","UC-26D02","3004 (2.5%+2.5%)","NEW sai medicose","10","6 + {2}","1.25","14.29","15.00","03/2028"
"1916.","LOPRAKEM TAB","TAB","UC-TC25L13","3004 (2.5%+2.5%)","NEW sai medicose","10","0 + {7}","1.25","14.29","15.00","12/2027"
"1917.","LORFAST MELTAB","TAB","JKDF25003","30049039 (2.5%+2.5%)","millennium medisolutions pvt ltd.","10","0","98.57","123.22","129.38","07/2027"
"1918.","LORNOL TAB","TAB","T242271","30049039 (2.5%+2.5%)","SKL PHARMA","10","0 + {5}","18.00","53.57","56.25","10/2027"
"1919.","LORNOL TAB","TAB","T251896","30049039 (2.5%+2.5%)","SKL PHARMA","10","32","32.57","57.14","60.00","08/2028"
"1920.","LORTADIN 10MG","TAB","LAT26001PB","3004 (2.5%+2.5%)","NEW sai medicose","10","6 + {4}","8.19","58.90","61.85","01/2028"
"1921.","LOVOKEM 500 MG","TAB","25443094","3004 (2.5%+2.5%)","NEW sai medicose","10","0 + {2}","37.96","84.76","89.00","07/2028"
"1922.","LOX 2 % JEELY","Jelly","S944","30049034 (2.5%+2.5%)","SAI BABA SURGICAL","1","0","23.00","32.93","34.58","10/2027"
"1923.","LQUIN 500 MG","TAB","STC25320","3004 (2.5%+2.5%)","OM MEDICAL HALL","10","10 + {1}","36.00","91.50","96.07","11/2028"
"1924.","LQUIN 500 MG","TAB","CPLM25001","3004 (2.5%+2.5%)","NEW sai medicose","10","0 + {3}","38.50","85.54","89.82","06/2028"
"1925.","LUPIHEME  TAB","TAB","14TLH422","21069099 (2.5%+2.5%)","millennium medisolutions pvt ltd.","10","0","210.29","262.86","276.00","04/2027"
"1926.","LUPIHEME  TAB","TAB","14TLH424","21069099 (2.5%+2.5%)","sanghi pharma","10","0 + {2}","210.29","262.86","276.00","05/2027"
"1927.","LUPIHEME  TAB","TAB","14TLH404","21069099 (2.5%+2.5%)","millennium medisolutions pvt ltd.","10","0","191.24","239.05","251.00","01/2027"
"1928.","LUPIHEME  TAB","TAB","14TLH399","21069099 (2.5%+2.5%)","millennium medisolutions pvt ltd.","10","0","191.24","239.05","251.00","01/2027"
"1929.","LUPIHEME  TAB","TAB","14TLH418","21069099 (2.5%+2.5%)","sanghi pharma","10","11","210.29","262.86","276.00","04/2027"
"1930.","LUPIHEME  TAB","TAB","14TLH397","21069099 (2.5%+2.5%)","millennium medisolutions pvt ltd.","10","0","191.53","239.05","251.00","01/2027"
"1931.","LUPIHEME TAB","TAB","14TLH416","21069099 (2.5%+2.5%)","millennium medisolutions pvt ltd.","10","0","210.29","262.86","276.00","03/2027"
"1932.","LUPIHEME TAB","TAB","14TLH381","21069099 (2.5%+2.5%)","millennium medisolutions pvt ltd.","10","0","191.53","239.41","251.38","08/2026"
"1933.","LUPINAC TAB","TAB","SGYL0267","30049099 (2.5%+2.5%)","sanghi pharma","10","0","153.91","192.38","202.00","10/2027"
"1934.","LUPINAC TAB","TAB","SGZL0038","30049099 (2.5%+2.5%)","millennium medisolutions pvt ltd.","10","0 + {3}","153.90","192.38","202.00","01/2028"
"1935.","LUPINAC TAB","TAB","SGZL0099","30049099 (2.5%+2.5%)","sanghi pharma","10","7","153.91","192.38","202.00","03/2028"
"1936.","LUPINAC TAB","TAB","SGYL0174","30049099 (2.5%+2.5%)","ROHTAK MEDICAL AGENCIES","10","0","153.91","192.38","202.00","07/2027"
"1937.","LUPINAC TAB","TAB","SGL0099","30049099 (2.5%+2.5%)","millennium medisolutions pvt ltd.","10","0 + {1}","153.90","192.38","202.00","03/2028"
"1938.","LUPINAC TAB","TAB","SGYL0292","30049099 (2.5%+2.5%)","millennium medisolutions pvt ltd.","10","0","153.90","192.38","202.00","11/2027"
"1939.","LUPIRTIN - P TAB","TAB","S25787273","30049027 (2.5%+2.5%)","millennium medisolutions pvt ltd.","10","5","150.25","187.81","197.20","09/2027"
"1940.","LUPIRTIN - P TAB","TAB","S2578721H","30049027 (2.5%+2.5%)","millennium medisolutions pvt ltd.","10","1 + {5}","150.00","187.81","197.20","07/2027"
"1941.","LUPIRTIN - P TAB","TAB","S2578706C","30049027 (2.5%+2.5%)","millennium medisolutions pvt ltd.","10","0","150.25","187.81","197.20","02/2027"
"1942.","LUPISIT M 500 MG","TAB","UB02313","30049099 (2.5%+2.5%)","sanghi pharma","10","0","114.06","142.57","149.70","08/2027"
"1943.","LUPISIT M 500 MG","TAB","UC00110","30049099 (2.5%+2.5%)","sanghi pharma","10","0","114.06","142.57","149.70","11/2027"
"1944.","LUPISIT M 500 MG","TAB","UC01044","30049099 (2.5%+2.5%)","millennium medisolutions pvt ltd.","10","4","114.06","142.57","149.70","03/2028"
"1945.","LUPISIT M 500 MG","TAB","UC00110","30049099 (2.5%+2.5%)","millennium medisolutions pvt ltd.","10","2 + {1}","114.06","142.57","149.70","11/2027"
"1946.","LUPISIT M 500 MG","TAB","UB02811","30049099 (2.5%+2.5%)","millennium medisolutions pvt ltd.","10","0","114.06","142.57","149.70","10/2027"
"1947.","LUPISIT M XR","TAB","IULJ2506","30049099 (2.5%+2.5%)","millennium medisolutions pvt ltd.","10","0","125.30","156.62","164.45","09/2027"
"1948.","LUPISIT M XR 1000","TAB","IULI2505","30049099 (2.5%+2.5%)","sanghi pharma","10","0","125.30","156.62","164.45","08/2027"
"1949.","LUPISIT M XR 1000","TAB","IULJ2506","30049099 (2.5%+2.5%)","sanghi pharma","10","2 + {4}","125.30","156.62","164.45","09/2027"
"1950.","LYSER D TAB","TAB","B253823","30049069 (2.5%+2.5%)","millennium medisolutions pvt ltd.","15","3","175.07","263.26","276.42","06/2027"
"1951.","M4MIN-G2SR","TAB","GT401702C","30049039 (2.5%+2.5%)","PRAKASH MEDICOS","15","12","17.25","33.33","35.00","01/2027"
"1952.","M4MIN-G2SR","TAB","GT401702C","30049039 (2.5%+2.5%)","PRAKASH PHARMA","15","10","15.00","95.24","100.00","01/2027"
"1953.","MAC  8 TAB","TAB","TN6746","30042064 (2.5%+2.5%)","SKL PHARMA","10","13 + {7}","42.75","53.57","56.25","09/2027"
"1954.","MACBERY","SYRUP","18260043A","30049031 (2.5%+2.5%)","ROHIT PHARMA","1","0","79.64","117.58","123.46","12/2027"
"1955.","MACBERY","SYRUP","18260224A","30049031 (2.5%+2.5%)","ROHIT PHARMA","1","0","78.81","117.58","123.46","12/2027"
"1956.","MACBERY","SYRUP","14261051A","30049031 (2.5%+2.5%)","ROHIT PHARMA","1","3","86.68","129.32","135.79","02/2028"
"1957.","MACBERY","SYRUP","18260391A","30049031 (2.5%+2.5%)","ROHIT PHARMA","1","0","78.02","117.58","123.46","12/2027"
"1958.","MACBERY","SYRUP","18254091A","30049031 (2.5%+2.5%)","ROHIT PHARMA","1","0","78.81","117.58","123.46","09/2027"
"1959.","MACBERY","SYRUP","18254569A","30049031 (2.5%+2.5%)","ROHIT PHARMA","1","0","78.81","117.58","123.46","10/2027"
"1960.","MACBERY - XT","SYRUP","18260168A","30049031 (2.5%+2.5%)","ROHIT PHARMA","1","0","78.34","116.88","122.72","12/2027"
"1961.","MACBERY - XT","SYRUP","18261282A","30049031 (2.5%+2.5%)","ROHIT PHARMA","1","11","85.30","128.55","134.98","02/2028"
"1962.","MACBERY - XT","SYRUP","18251868A","30049031 (2.5%+2.5%)","ROHIT PHARMA","1","0","78.75","116.88","122.72","04/2027"
"1963.","MACBERY DX","SYRUP","18260175A","30049094 (2.5%+2.5%)","ROHIT PHARMA","1","3","76.44","113.68","119.36","12/2027"
"1964.","MACBERY DX","SYRUP","18251057B","30049094 (2.5%+2.5%)","ROHIT PHARMA","1","0","69.27","103.35","108.52","02/2027"
"1965.","MACBERY DX","SYRUP","18254452A","30049094 (2.5%+2.5%)","millennium medisolutions pvt ltd.","1","0","82.67","103.34","108.51","10/2027"
"1966.","MACBERY XT","SYRUP","18260168A","30049031 (2.5%+2.5%)","ROHIT PHARMA","1","0","78.34","116.88","122.72","12/2027"
"1967.","MACBERY XT","SYRUP","1825460A","30049031 (2.5%+2.5%)","ROHIT PHARMA","1","0","78.34","116.88","122.72","10/2027"
"1968.","MACBERY XT","SYRUP","18261282A","30049031 (2.5%+2.5%)","ROHIT PHARMA","1","2","85.30","128.55","134.98","02/2028"
"1969.","MACBERY XT","SYRUP","18251868A","30049031 (2.5%+2.5%)","ROHIT PHARMA","1","0","78.34","116.88","122.72","04/2027"
"1970.","MACBERY XT","SYRUP","18254380A","30049031 (2.5%+2.5%)","ROHIT PHARMA","1","0","78.34","116.88","122.72","10/2027"
"1971.","MACPROT - SF KESAR","Powder","MAC25052","21069099 (2.5%+2.5%)","ROHIT PHARMA","1","0","256.76","383.04","402.19","11/2026"
"1972.","MACPROT - SF KESAR","Powder","MAC25077","21069099 (2.5%+2.5%)","ROHIT PHARMA","1","0","256.76","383.04","402.19","12/2026"
"1973.","MACPROT - SF KESAR","Powder","MAC25109","21069099 (2.5%+2.5%)","ROHIT PHARMA","1","0","256.76","383.05","402.20","02/2027"
"1974.","MACPROT - SF KESAR","Powder","MAC25123","21069099 (2.5%+2.5%)","ROHIT PHARMA","1","0","256.76","383.05","402.20","03/2027"
"1975.","MACPROT - SF KESAR","Powder","MAC25126","21069099 (2.5%+2.5%)","ROHIT PHARMA","1","1","256.76","383.05","402.20","03/2027"
"1976.","MACRAFLATE - O","SYRUP","18262416A","30049039 (2.5%+2.5%)","GOEL MEDICOS","1","2","190.93","284.12","298.33","04/2028"
"1977.","MACRAFT SYP","SYRUP","MHLH25058","30049039 (2.5%+2.5%)","ROHIT PHARMA","1","0","135.51","186.61","195.94","07/2027"
"1978.","MACRAFT SYP","SYRUP","MHLI25080","30049039 (2.5%+2.5%)","ROHIT PHARMA","1","3","135.51","186.61","195.94","08/2027"
"1979.","MACROID 500 MG TAB","TAB","18243548A","30049099 (2.5%+2.5%)","ROHIT PHARMA","10","0 + {7}","128.57","160.70","168.74","11/2026"
"1980.","MACROID 500 MG TAB","TAB","18261066B","30049099 (2.5%+2.5%)","ROHIT PHARMA","10","18","141.42","176.77","185.61","02/2028"
"1981.","MACROID 500 MG TAB","TAB","18250242C","30049099 (2.5%+2.5%)","millennium medisolutions pvt ltd.","10","0","128.57","160.71","168.75","12/2026"
"1982.","MACROID 500 MG TAB","TAB","18261066A","30049099 (2.5%+2.5%)","ROHIT PHARMA","10","4 + {26}","141.42","176.77","185.61","02/2028"
"1983.","MACROID 500 MG TAB","TAB","18250242C","30049099 (2.5%+2.5%)","ROHIT PHARMA","10","0","128.57","160.70","168.74","12/2026"
"1984.","MACZONE PLUS INJ","INJ","CSDP25210","30042019 (2.5%+2.5%)","ROHIT PHARMA","1","5","34.47","171.43","180.00","11/2027"
"1985.","MAGCOB - P","TAB","DC-422","30049099 (2.5%+2.5%)","GUPTA MEDICAL HALL","10","1","20.15","95.24","100.00","07/2027"
"1986.","MAGGIE - 360","TAB","MNT-726330","21069099 (2.5%+2.5%)","GUPTA MEDICAL HALL","10","12","74.23","110.48","116.00","06/2028"
"1987.","MAGGIE - 360","TAB","MNT-226259","21069099 (2.5%+2.5%)","GUPTA MEDICAL HALL","10","1 + {3}","80.68","100.86","105.90","01/2028"
"1988.","MAGNEON 2ML INJ","INJ","KP370220","30049039 (2.5%+2.5%)","mohinder pharma","1","6","8.16","9.87","10.36","08/2027"
"1989.","MAGNISIUM SALPHATE","Powder","33","2833 (2.5%+2.5%)","nath medicose","1","2","30.00","66.67","70.00","02/2029"
"1990.","MAGRIUM TAB","TAB","2T26044","21069099 (2.5%+2.5%)","millennium medisolutions pvt ltd.","10","0 + {3}","246.10","307.69","323.07","07/2027"
"1991.","MAGRIUM TAB","TAB","2T26003","21069099 (2.5%+2.5%)","millennium medisolutions pvt ltd.","10","1 + {6}","246.10","307.69","323.07","06/2027"
"1992.","MAGRIUM TAB","TAB","2T25234","21069099 (2.5%+2.5%)","millennium medisolutions pvt ltd.","10","0","246.10","307.69","323.07","05/2027"
"1993.","MANFORCE - 50","TAB","CT2Y013","3004 (2.5%+2.5%)","NEW sai medicose","9","0","27.31","142.86","150.00","08/2028"
"1994.","MATIZ - I","Sachet","TMS-066","300490 (2.5%+2.5%)","SUNEJA MEDICAL AGENCY","1","12","31.69","39.61","41.59","03/2027"
"1995.","MAXAGLIP AT","TAB","FHC0744","30049082 (2.5%+2.5%)","millennium medisolutions pvt ltd.","10","0 + {4}","218.58","273.22","286.88","01/2028"
"1996.","MAXDULIN 50/20","CAPs","PGC0065","30049099 (2.5%+2.5%)","millennium medisolutions pvt ltd.","10","0 + {9}","118.58","148.22","155.63","07/2027"
"1997.","MAXDULIN 75/20","TAB","PGC0082","30049099 (2.5%+2.5%)","millennium medisolutions pvt ltd.","10","0","180.50","225.00","236.25","08/2027"
"1998.","MAXDULIN 75/20","TAB","PGC0083","30049099 (2.5%+2.5%)","ANAND MEDICOS","10","2","180.00","225.00","236.25","08/2027"
"1999.","MAXDULIN 75/20","TAB","PGC0116","30049099 (2.5%+2.5%)","ANAND MEDICOS","10","3","180.00","225.00","236.25","11/2027"
"2000.","MAXDULIN 75/30","CAPs","PGC0089","30049099 (2.5%+2.5%)","millennium medisolutions pvt ltd.","10","0","192.14","240.18","252.19","08/2027"
"2001.","MAXDULIN 75/30","CAPs","PGC0096","30049099 (2.5%+2.5%)","ANAND MEDICOS","10","0","192.14","240.18","252.19","09/2027"
"2002.","MAXGALIP - AT","TAB","FHD0056","30049082 (2.5%+2.5%)","millennium medisolutions pvt ltd.","10","0","218.58","273.22","286.88","06/2028"
"2003.","MAXGALIP - AT","TAB","FHD0056","30049082 (2.5%+2.5%)","SHREE GOPAL  PHARMACEUTICALS","10","1 + {4}","218.58","273.22","286.88","06/2028"
"2004.","MAXICORT DRY  INJ","INJ","D-2507029A","3004 (2.5%+2.5%)","SHREE GOPAL  PHARMACEUTICALS","1","3","19.20","44.76","47.00","06/2027"
"2005.","MAXVOID - S","TAB","2669601","30049099 (2.5%+2.5%)","millennium medisolutions pvt ltd.","10","3 + {5}","377.14","471.43","495.00","12/2027"
"2006.","MAZETOL - 100","TAB","MZA25005","3004 (2.5%+2.5%)","NEW sai medicose","10","6 + {7}","8.66","10.82","11.36","12/2027"
"2007.","ME- PR","TAB","MEPR2505","3004 (2.5%+2.5%)","SHREE GOPAL  PHARMACEUTICALS","10","2 + {4}","79.28","99.10","104.06","03/2027"
"2008.","ME-12 OD","TAB","MEOD2609","30045039 (2.5%+2.5%)","HEMANT MEDICAL AGENCIES","15","0","102.86","128.57","135.00","08/2027"
"2009.","ME-12 OD","TAB","MEOD2550","30045039 (2.5%+2.5%)","millennium medisolutions pvt ltd.","15","0","96.42","120.53","126.56","05/2027"
"2010.","ME-12 OD","TAB","MOD2602","30045039 (2.5%+2.5%)","SHREE GOPAL  PHARMACEUTICALS","15","1 + {1}","96.43","120.53","126.56","06/2027"
"2011.","ME-12 OD","TAB","MEOD2544","30045039 (2.5%+2.5%)","sanghi pharma","15","0","96.42","120.53","126.56","03/2027"
"2012.","ME-12 OD","TAB","MEOD2534","30045039 (2.5%+2.5%)","sanghi pharma","15","0","96.42","120.53","126.56","01/2027"
"2013.","ME-12 OD","TAB","MEOD2615","30045039 (2.5%+2.5%)","millennium medisolutions pvt ltd.","15","10","102.85","128.57","135.00","09/2027"
"2014.","ME-12 OD","TAB","MEOD2602","30045039 (2.5%+2.5%)","SHREE GOPAL  PHARMACEUTICALS","15","3","96.43","120.53","126.56","06/2027"
"2015.","ME-12 OD","TAB","MEOD2548","30045039 (2.5%+2.5%)","HEMANT MEDICAL AGENCIES","15","0","96.43","120.53","126.56","04/2027"
"2016.","MEBEX  TAB","TAB","AMQ21ANA","30049021 (2.5%+2.5%)","millennium medisolutions pvt ltd.","6","5","8.21","17.39","18.26","03/2028"
"2017.","MECODILA -OD TAB","TAB","IG26053","3004 (2.5%+2.5%)","nath medicose","10","15","20.00","106.67","112.00","05/2028"
"2018.","MECODILA -OD TAB","TAB","IG25040","3004 (2.5%+2.5%)","NEW sai medicose","10","6 + {4}","20.50","94.29","99.00","04/2027"
"2019.","MECONERV FORTE CAP","CAPs","MVCS0053","30045039 (2.5%+2.5%)","BAJAJ MEDICAL AGENCY","15","3 + {12}","245.00","306.25","321.56","08/2026"
"2020.","MECONERV FORTE INJ","INJ","MECP054","30049099 (2.5%+2.5%)","HEMANT MEDICAL AGENCIES","1","36","88.76","132.10","138.70","09/2027"
"2021.","MEDLAR","TAB","Kji","3004 (2.5%+2.5%)","gupta medical","10","11 + {10}","35.00","53.33","56.00","02/2026"
"2022.","MEFTAGESIC - DS","SYRUP","ZQL2575","3004 (2.5%+2.5%)","NEW sai medicose","1","3","42.47","58.93","61.88","06/2027"
"2023.","MEFTAGESIC - DS","SYRUP","ZQL25113","3004 (2.5%+2.5%)","NEW sai medicose","1","0","42.77","58.92","61.87","08/2027"
"2024.","MEFTAGESIC - DS","SYRUP","ZQL2639","3004 (2.5%+2.5%)","SHREE GOPAL  PHARMACEUTICALS","1","3","46.63","64.76","68.00","03/2028"
"2025.","MEFTAL - P SYP","SYRUP","PZ25133","30049066 (2.5%+2.5%)","millennium medisolutions pvt ltd.","1","2","26.42","33.03","34.68","09/2027"
"2026.","MEFTAL - P TAB","TAB","5D10137","3004 (2.5%+2.5%)","NEW sai medicose","10","9 + {4}","24.00","33.92","35.62","09/2027"
"2027.","MEFTAL 500 MG","TAB","HK2556","3004 (2.5%+2.5%)","millennium medisolutions pvt ltd.","10","0 + {8}","24.28","30.35","31.87","09/2028"
"2028.","MEFTAL 500 MG","TAB","HK2552","30049066 (2.5%+2.5%)","millennium medisolutions pvt ltd.","10","0 + {8}","24.28","33.49","35.16","09/2028"
"2029.","MEFTAL 500 MG","TAB","HK2530","3004 (2.5%+2.5%)","NEW sai medicose","10","0","24.29","30.32","31.84","07/2028"
"2030.","MEFTAL FORTE","TAB","ZAGQ25173","30049061 (2.5%+2.5%)","millennium medisolutions pvt ltd.","10","0","29.50","41.07","43.12","09/2028"
"2031.","MEFTAL FORTE","TAB","ZAGQ25131","3004 (2.5%+2.5%)","NEW sai medicose","10","0","29.57","43.81","46.00","08/2028"
"2032.","MEFTAL FORTE","TAB","2580","3004 (2.5%+2.5%)","millennium medisolutions pvt ltd.","10","0","29.50","41.08","43.13","03/2028"
"2033.","MEFTAL FORTE","TAB","ZAGQ2624","3004 (2.5%+2.5%)","SHREE GOPAL  PHARMACEUTICALS","10","3 + {3}","32.85","41.07","43.12","01/2029"
"2034.","MEFTAL FORTE","TAB","ZAGQ25187","3004 (2.5%+2.5%)","NEW sai medicose","10","0","29.57","43.81","46.00","09/2028"
"2035.","MEFTAL FORTE","TAB","ZAGQ2605","30049061 (2.5%+2.5%)","millennium medisolutions pvt ltd.","10","0","29.49","41.07","43.12","12/2028"
"2036.","MEFTAL FORTE","TAB","ZAGQ25192","3004 (2.5%+2.5%)","millennium medisolutions pvt ltd.","10","0","29.50","41.10","43.16","09/2028"
"2037.","MEFTAL FORTE","TAB","ZAGQ25214","30049061 (2.5%+2.5%)","millennium medisolutions pvt ltd.","10","0","29.49","41.07","43.12","11/2028"
"2038.","MEFTAL FORTE","TAB","ZAGQ2687","3004 (2.5%+2.5%)","millennium medisolutions pvt ltd.","10","10","35.81","44.76","47.00","04/2029"
"2039.","MEFTAL SPAS","TAB","YMS2684","3004 (2.5%+2.5%)","PRAKASH MEDICOS","10","5","39.28","49.10","51.56","10/2028"
"2040.","MEFTAL SPAS","TAB","YMS2587","3004 (2.5%+2.5%)","NEW sai medicose","10","0","33.45","49.52","52.00","03/2027"
"2041.","MEFTAL SPAS","TAB","YMS25216","30049099 (2.5%+2.5%)","millennium medisolutions pvt ltd.","10","0","35.27","49.10","51.56","10/2028"
"2042.","MEFTAL SPAS","TAB","YMS25217","3004 (2.5%+2.5%)","NEW sai medicose","10","1 + {3}","31.42","49.10","51.56","10/2028"
"2043.","MEFTAL SPAS DS","TAB","HMD2603","30049066 (2.5%+2.5%)","millennium medisolutions pvt ltd.","10","7 + {6}","48.38","60.48","63.50","03/2029"
"2044.","MEFTAL SPAS SYP","SYRUP","ZACO2611","3004 (2.5%+2.5%)","SHREE GOPAL  PHARMACEUTICALS","1","3","62.78","98.10","103.00","05/2028"
"2045.","MEFTAMIST SPAS","TAB","25RT1163A","300490 (2.5%+2.5%)","PRAKASH PHARMA","10","150","4.15","40.18","42.19","09/2027"
"2046.","MEGACECLO 200 SR","TAB","ACBT26002","3004 (2.5%+2.5%)","SHREE GOPAL  PHARMACEUTICALS","10","5","13.32","87.94","92.34","01/2028"
"2047.","MEGACECLO TH4","TAB","ACET26001","3004 (2.5%+2.5%)","SHREE GOPAL  PHARMACEUTICALS","10","3 + {6}","72.80","214.29","225.00","01/2028"
"2048.","MEGAHEAL GEL","OINTMENT","VAB2605","30059090 (2.5%+2.5%)","millennium medisolutions pvt ltd.","1","1","92.98","129.46","135.93","12/2027"
"2049.","MEGAHEAL GEL","OINTMENT","VAB25126","30059090 (2.5%+2.5%)","millennium medisolutions pvt ltd.","1","0","93.53","129.46","135.93","07/2027"
"2050.","MEGAHEAL GEL","OINTMENT","VAB25149","30059090 (2.5%+2.5%)","millennium medisolutions pvt ltd.","1","0","94.70","129.46","135.93","09/2027"
"2051.","MEGAHEAL GEL","OINTMENT","VAA2612","30059090 (2.5%+2.5%)","millennium medisolutions pvt ltd.","1","0","285.71","357.14","375.00","12/2027"
"2052.","MEGAHEAL GEL","OINTMENT","VAB2622","30059090 (2.5%+2.5%)","OM MEDICAL HALL","1","10","103.57","129.46","135.93","01/2028"
"2053.","MEGAHEAL GEL","OINTMENT","VAB25187","30059090 (2.5%+2.5%)","millennium medisolutions pvt ltd.","1","0","92.98","129.46","135.93","11/2027"
"2054.","MEGAHEAL GEL","OINTMENT","VAA2612","30059090 (2.5%+2.5%)","OM MEDICAL HALL","1","3","259.20","357.14","375.00","12/2027"
"2055.","MEGANEURN OD PLUS","CAPs","SPM251710","30045090 (2.5%+2.5%)","millennium medisolutions pvt ltd.","10","4 + {2}","125.00","156.25","164.06","11/2027"
"2056.","MEGANEURN OD PLUS","CAPs","SPF250729","30045090 (2.5%+2.5%)","","10","0","125.00","156.25","164.06","05/2027"
"2057.","MEGANEURN OD PLUS","CAPs","SPC260474","30045090 (2.5%+2.5%)","millennium medisolutions pvt ltd.","10","3","136.38","170.48","179.00","02/2028"
"2058.","MEGANEURN OD PLUS","CAPs","SPF250680","30045090 (2.5%+2.5%)","millennium medisolutions pvt ltd.","10","0","125.00","156.25","164.06","05/2027"
"2059.","MEGANEURN OD PLUS","CAPs","SPF250729","30045090 (2.5%+2.5%)","millennium medisolutions pvt ltd.","10","0","125.00","156.25","164.06","05/2027"
"2060.","MEGANEURN OD PLUS","CAPs","SPJ251322","30045090 (2.5%+2.5%)","millennium medisolutions pvt ltd.","10","0","125.00","156.25","164.06","08/2027"
"2061.","MEGANEURN PG","TAB","MPL254363","300490 (2.5%+2.5%)","millennium medisolutions pvt ltd.","10","3","128.92","161.15","169.21","04/2027"
"2062.","MEGHAHEAL GEL","OINTMENT","VBA25149","30045090 (2.5%+2.5%)","millennium medisolutions pvt ltd.","1","4","92.98","129.46","135.93","09/2027"
"2063.","MELAQUICK - 3","TAB","EKT1084","3004 (2.5%+2.5%)","SHREE GOPAL  PHARMACEUTICALS","10","6 + {4}","8.00","52.38","55.00","10/2027"
"2064.","MEPHENTERMINE SULPHA","INJ","2CX25008","30049099 (2.5%+2.5%)","BAJAJ MEDICAL AGENCY","1","5","231.62","289.53","304.01","06/2028"
"2065.","MERBROMIN SOLUTION","Solution","946","30049011 (2.5%+2.5%)","a and a hygien and surgical cre","1","5","12.08","23.81","25.00","05/2029"
"2066.","MEROPROTECT INJ 1 GM","INJ","ZEL0055","30042019 (2.5%+2.5%)","PRAKASH PHARMA","1","1","133.84","238.10","250.00","01/2027"
"2067.","MEROWIN 1 GM","INJ","A062522504","30042099 (2.5%+2.5%)","SAI BABA SURGICAL","1","25","128.00","571.43","600.00","05/2027"
"2068.","MESACOL TAB","TAB","GKG1200A","30049099 (2.5%+2.5%)","millennium medisolutions pvt ltd.","15","0","96.69","120.86","126.90","06/2029"
"2069.","MESACOL TAB","TAB","GKG2031A","30049099 (2.5%+2.5%)","millennium medisolutions pvt ltd.","15","3 + {4}","96.69","120.86","126.90","10/2029"
"2070.","METACARB  INJ","INJ","AB-373","3004 (2.5%+2.5%)","SHREE GOPAL  PHARMACEUTICALS","1","26","5.50","10.85","11.39","07/2027"
"2071.","METASPRAY AQ NASAL","SUSP","6SA0439","30049099 (2.5%+2.5%)","millennium medisolutions pvt ltd.","1","0","454.72","568.40","596.82","02/2029"
"2072.","METASPRAY AQ NASAL","SUSP","5SA1064","30049099 (2.5%+2.5%)","GUPTA MEDICAL HALL","1","0","413.40","551.19","578.75","04/2028"
"2073.","METHERGIN","TAB","605CPAK5","30049099 (2.5%+2.5%)","millennium medisolutions pvt ltd.","10","2","72.67","90.84","95.38","05/2028"
"2074.","METHIMEZ 10 MG","TAB","SIG2692A","30043190 (2.5%+2.5%)","millennium medisolutions pvt ltd.","30","0 + {6}","273.57","341.96","359.06","11/2027"
"2075.","METHIMEZ 10 MG","TAB","SIG2472A","30043190 (2.5%+2.5%)","millennium medisolutions pvt ltd.","30","0 + {1}","273.57","341.96","359.06","05/2027"
"2076.","METHIMEZ 10 MG","TAB","SIH0346A","30043190 (2.5%+2.5%)","millennium medisolutions pvt ltd.","30","0 + {10}","297.14","371.43","390.00","01/2028"
"2077.","METHNIPRED 1000 MG","INJ","D25H-05B","3004 (2.5%+2.5%)","SHREE GOPAL  PHARMACEUTICALS","1","2","490.00","809.52","850.00","07/2027"
"2078.","METOLAR  INJ","INJ","5L60263","30049074 (2.5%+2.5%)","millennium medisolutions pvt ltd.","1","4","13.83","17.29","18.15","08/2028"
"2079.","METOVENT XL 25","TAB","IB375002","3004 (2.5%+2.5%)","NEW sai medicose","10","2 + {4}","12.30","44.76","47.00","07/2027"
"2080.","METOVENT XL 50","TAB","IC624003","3004 (2.5%+2.5%)","NEW sai medicose","10","0 + {5}","17.00","53.33","56.00","07/2026"
"2081.","METROGYL  I.V","INJ","M2FAY197","300490 (2.5%+2.5%)","SHREE GOPAL  PHARMACEUTICALS","1","0","9.00","22.00","23.10","05/2028"
"2082.","METROGYL  I.V","INJ","F25N1057","300490 (2.5%+2.5%)","nath medicose","1","0","12.50","20.98","22.03","08/2028"
"2083.","METROGYL  I.V","INJ","F25N1117","300490 (2.5%+2.5%)","nath medicose","1","0","12.50","20.98","22.03","11/2028"
"2084.","METROGYL  I.V","INJ","F25N1090","300490 (2.5%+2.5%)","nath medicose","1","32","12.50","20.98","22.03","08/2028"
"2085.","METROGYL  I.V","INJ","YIIW25012","300490 (2.5%+2.5%)","gandhi medical hall","1","0","15.56","21.90","23.52","04/2028"
"2086.","METROGYL  I.V","INJ","F26N1015","300490 (2.5%+2.5%)","nath medicose","1","15","12.50","20.98","22.03","12/2028"
"2087.","METROGYL  I.V","INJ","M2FAY200","300490 (2.5%+2.5%)","SHREE GOPAL  PHARMACEUTICALS","1","0","9.00","22.00","23.10","05/2028"
"2088.","METROGYL 200 MG","TAB","TM225029","30049022 (2.5%+2.5%)","millennium medisolutions pvt ltd.","20","0 + {9}","14.29","16.58","17.41","06/2029"
"2089.","METROGYL 200 MG","TAB","TM226001","30049022 (2.5%+2.5%)","millennium medisolutions pvt ltd.","20","4","14.30","16.59","17.42","01/2029"
"2090.","METROGYL 400 MG","TAB","BM826057","30049022 (2.5%+2.5%)","millennium medisolutions pvt ltd.","20","1 + {14}","26.72","31.00","32.55","01/2029"
"2091.","METROGYL 400 MG","TAB","BM826009","30049022 (2.5%+2.5%)","millennium medisolutions pvt ltd.","20","0","26.72","31.00","32.55","12/2029"
"2092.","METROGYL 400 MG","TAB","TM825179","30049022 (2.5%+2.5%)","millennium medisolutions pvt ltd.","20","0","26.73","31.00","32.55","07/2029"
"2093.","METROGYL 400 MG","TAB","BM826060","30049022 (2.5%+2.5%)","millennium medisolutions pvt ltd.","20","4","26.90","31.20","32.76","03/2029"
"2094.","METROGYL 400 MG","TAB","BM825243","30049022 (2.5%+2.5%)","NEW sai medicose","20","2 + {10}","26.73","30.95","32.55","08/2029"
"2095.","METROGYL 400 MG","TAB","BM825242","30049022 (2.5%+2.5%)","millennium medisolutions pvt ltd.","20","0","26.73","31.00","32.55","08/2029"
"2096.","METROGYL P 2% OIN","OINTMENT","XOJM25022","30049022 (2.5%+2.5%)","millennium medisolutions pvt ltd.","1","4","130.24","181.35","190.42","08/2027"
"2097.","METROKEM IV INJ.","AMP","MKM23070AM","3004 (2.5%+2.5%)","SHREE GOPAL  PHARMACEUTICALS","1","27","11.99","53.33","56.00","10/2026"
"2098.","METRON 400","TAB","MET25041SR","300490 (2.5%+2.5%)","PRAKASH PHARMA","15","45 + {12}","11.90","24.32","25.54","06/2028"
"2099.","MEU ORA GEL","GEL","AP6031","30049099 (2.5%+2.5%)","GUPTA MEDICAL HALL","1","1","83.81","104.76","110.00","02/2028"
"2100.","MICRO D3 TAB","TAB","76725071","30045036 (2.5%+2.5%)","BAJAJ MEDICAL AGENCY","8","6","144.00","180.00","189.00","12/2026"
"2101.","MICRO OMEGA 3","CAPs","MMA260302","3004 (2.5%+2.5%)","NEW sai medicose","1","3","270.00","476.19","500.00","08/2027"
"2102.","MICRO TAPE 3 INCH","General","5048134S","3005 (2.5%+2.5%)","nath medicose","1","0","25.00","62.86","66.00","03/2028"
"2103.","MICRO TAPE 3 INCH","General","4027162H","3005 (2.5%+2.5%)","nath medicose","1","3","25.00","62.86","66.00","11/2027"
"2104.","MICROLIFE KNEE","TAB","FNHT25236","3004 (2.5%+2.5%)","NEW sai medicose","10","1","45.94","323.81","340.00","07/2027"
"2105.","MICROLIFE KNEE","TAB","FNHT25393","3004 (2.5%+2.5%)","NEW sai medicose","10","0","45.94","179.05","188.00","10/2027"
"2106.","MICRONASE - AF","Solution","MAFS005","30049099 (2.5%+2.5%)","ANAND MEDICOS","1","6","293.37","436.57","458.40","10/2027"
"2107.","MICRONASE - AF","Solution","MFNS001","30049099 (2.5%+2.5%)","SAI BABA SURGICAL","1","0","285.08","456.19","479.00","06/2027"
"2108.","MICRONASE - AF","Solution","MAFS001","30049099 (2.5%+2.5%)","SAI BABA SURGICAL","1","0","349.26","465.71","489.00","07/2027"
"2109.","MICRONASE - AF","Solution","MAFS004","30049099 (2.5%+2.5%)","SAI BABA SURGICAL","1","0","349.26","436.57","458.40","10/2027"
"2110.","MICRONASE - AF","Solution","MAFS001","30049099 (2.5%+2.5%)","ANAND MEDICOS","1","9","349.26","436.57","458.40","07/2027"
"2111.","MICROVENT LC SYP","SYRUP","DL511006","3004 (2.5%+2.5%)","NEW sai medicose","1","1","23.00","79.05","83.00","10/2027"
"2112.","MIGRAFIN 10 MG","TAB","142625023","3004 (2.5%+2.5%)","SHREE GOPAL  PHARMACEUTICALS","10","0","10.50","47.62","50.00","04/2028"
"2113.","MIGRAFIN 10 MG","TAB","142626001","3004 (2.5%+2.5%)","SHREE GOPAL  PHARMACEUTICALS","10","14 + {4}","10.50","47.62","50.00","03/2028"
"2114.","MIKACIN 500 INJ","INJ","BLH50322","3004 (2.5%+2.5%)","NEW sai medicose","1","0","35.46","63.81","67.00","07/2028"
"2115.","MIKACIN 500 INJ","INJ","BLH250352","3004 (2.5%+2.5%)","NEW sai medicose","1","1","35.29","109.52","115.00","07/2028"
"2116.","MIKIN- 500 INJ","INJ","L-2509046","3004 (2.5%+2.5%)","SHREE GOPAL  PHARMACEUTICALS","1","21","24.19","63.81","67.00","08/2027"
"2117.","MIOCOL 8 MG CAP","CAPs","YC320A","3004 (2.5%+2.5%)","NEW sai medicose","10","3 + {6}","78.30","159.05","167.00","06/2027"
"2118.","MIRASMART - 25","TAB","RPG2528","30049099 (2.5%+2.5%)","R.K. MEDICINE TRADERS","10","14","228.30","285.38","299.65","04/2027"
"2119.","MIRASMART - S 25","TAB","RPG2559","30049099 (2.5%+2.5%)","R.K. MEDICINE TRADERS","10","11 + {7}","304.20","380.25","399.26","06/2027"
"2120.","MOBICAM DT","TAB","4BA2855","3004 (2.5%+2.5%)","NEW sai medicose","10","0","7.19","23.81","25.00","11/2027"
"2121.","MOBICAM DT","TAB","4BA3071","3004 (2.5%+2.5%)","GUPTA MEDICAL HALL","10","0","8.42","31.43","33.00","11/2027"
"2122.","MOBICAM DT","TAB","5BA1798","3004 (2.5%+2.5%)","NEW sai medicose","10","0 + {8}","7.95","24.76","26.00","06/2028"
"2123.","MOBICAM DT","TAB","6BA0111","3004 (2.5%+2.5%)","NEW sai medicose","10","2","7.90","20.95","22.00","12/2028"
"2124.","MOBICAM DT","TAB","5BA2890","3004 (2.5%+2.5%)","SHREE GOPAL  PHARMACEUTICALS","10","10","8.71","33.33","35.00","10/2028"
"2125.","MODAFIL MD 100","TAB","K2600396","30049099 (2.5%+2.5%)","HEMANT MEDICAL AGENCIES","10","3","139.00","172.75","181.39","01/2028"
"2126.","MOKCAN 250 DT","TAB","AF25037","3004 (2.5%+2.5%)","PRAKASH MEDICOS","10","53","13.50","47.62","50.00","09/2027"
"2127.","MONACILIN -500 INJ","INJ","325-1382","3004 (2.5%+2.5%)","OM MEDICAL HALL","1","24","8.00","13.10","13.76","10/2027"
"2128.","MONOCEFF - 500","INJ","GB17H095","3004 (2.5%+2.5%)","NEW sai medicose","1","7","15.53","28.82","30.26","01/2028"
"2129.","MONOCEFF - SB","INJ","DJL240313","3004 (2.5%+2.5%)","NEW sai medicose","1","5","64.25","190.48","200.00","08/2027"
"2130.","MONTAIR FX","TAB","ATS13ABA","300490 (2.5%+2.5%)","gandhi medical hall","15","0 + {1}","270.00","396.67","416.50","07/2027"
"2131.","MONTAIR LC","TAB","5SN2063","3004 (2.5%+2.5%)","OM MEDICAL HALL","15","3","323.04","399.80","419.79","08/2027"
"2132.","MONTECIP FX","TAB","AMQ02AHA","300490 (2.5%+2.5%)","gandhi medical hall","10","1 + {1}","38.00","106.67","112.00","12/2026"
"2133.","MONTEK LC TAB","TAB","GTG2585A","30049099 (2.5%+2.5%)","","15","1 + {4}","280.72","534.70","561.44","02/2028"
"2134.","MONTEK LC TAB","TAB","GTG2585A","30049099 (2.5%+2.5%)","millennium medisolutions pvt ltd.","15","0","280.72","350.90","368.44","02/2028"
"2135.","MONTEK LC TAB","TAB","GTG3242A","30049099 (2.5%+2.5%)","millennium medisolutions pvt ltd.","15","2","280.72","350.90","368.44","03/2028"
"2136.","MONTEMAC- FX","TAB","18254903A","30049099 (2.5%+2.5%)","GOEL MEDICOS","10","14 + {5}","139.38","207.41","217.78","11/2028"
"2137.","MONTEMOST LC KID","TAB","T012609","3004 (2.5%+2.5%)","OM MEDICAL HALL","10","10 + {1}","10.94","87.62","92.00","12/2027"
"2138.","MONTESEC - L","TAB","KT25K009","30049069 (2.5%+2.5%)","PRAKASH PHARMA","10","88 + {5}","8.00","95.24","100.00","10/2027"
"2139.","MONTESEC - L","TAB","KT26A014","30049069 (2.5%+2.5%)","PRAKASH PHARMA","10","120","8.00","23.81","25.00","12/2027"
"2140.","MOVEXX - SP","TAB","AMQ82AKA","3004 (2.5%+2.5%)","gandhi medical hall","10","0","24.50","73.33","77.00","09/2027"
"2141.","MOVEXX MR","TAB","CPLAI25037","3004 (2.5%+2.5%)","NEW sai medicose","10","0 + {2}","22.85","62.86","66.00","06/2027"
"2142.","MOVEXX MR","TAB","CPLA125041","3004 (2.5%+2.5%)","gandhi medical hall","10","6 + {7}","21.00","73.33","77.00","07/2027"
"2143.","MOVEXX MR","TAB","CPLA125027","3004 (2.5%+2.5%)","NEW sai medicose","10","0 + {4}","22.85","57.14","60.00","02/2027"
"2144.","MOXATRIS CV- 375","TAB","MM225001","3004 (2.5%+2.5%)","NEW sai medicose","10","1 + {6}","56.53","201.90","212.00","04/2027"
"2145.","MOXCED 500 CAPS","CAPs","DBC260001","30049099 (2.5%+2.5%)","PRAKASH MEDICOS","10","59","18.95","38.10","40.00","12/2027"
"2146.","MOXCED 500 CAPS","CAPs","DBC250064","30049099 (2.5%+2.5%)","PRAKASH PHARMA","10","98 + {4}","15.65","70.53","74.06","09/2027"
"2147.","MOXIFLOX 400 TAB","TAB","5SA1793","30042039 (2.5%+2.5%)","millennium medisolutions pvt ltd.","5","5","105.07","131.34","137.91","07/2028"
"2148.","MOXIVITIS KT EYE DROP","DROP","MKD25003ES","3004 (2.5%+2.5%)","NEW sai medicose","1","4","15.68","53.33","56.00","05/2027"
"2149.","MUCAINE  GEL","SYRUP","2520409E","3004 (2.5%+2.5%)","NEW sai medicose","1","0","173.70","231.59","243.17","04/2028"
"2150.","MUCAINE  GEL (MINT)","SYRUP","2520179E","3004 (2.5%+2.5%)","NEW sai medicose","1","0","178.55","238.70","250.64","07/2028"
"2151.","MUCAINE  GEL (MINT)","SYRUP","2620078E","30049039 (2.5%+2.5%)","millennium medisolutions pvt ltd.","1","1","210.04","262.55","275.68","01/2029"
"2152.","MUCICUT INJ 2ML","AMP","IG25K011C","30049099 (2.5%+2.5%)","LIVEALL LIFE SCIENCE PVT . LTD","1","102","14.88","48.10","50.50","10/2027"
"2153.","MUCICUT INJ 2ML","AMP","IG26F-032B","30049099 (2.5%+2.5%)","LIVEALL LIFE SCIENCE PVT . LTD","1","100","14.88","48.42","50.84","05/2028"
"2154.","MUCINAC INJ","INJ","5R30112","300490 (2.5%+2.5%)","OM MEDICAL HALL","1","0","38.86","48.10","50.50","08/2027"
"2155.","MUCINAC INJ","INJ","5R30112","300490 (2.5%+2.5%)","gandhi medical hall","1","0","38.48","48.10","50.50","08/2027"
"2156.","MUCINAC INJ","INJ","5R30110","300490 (2.5%+2.5%)","gandhi medical hall","1","0","38.48","48.10","50.50","08/2027"
"2157.","MUCINAC INJ","INJ","6R30007","300490 (2.5%+2.5%)","gandhi medical hall","1","9","38.48","48.10","50.50","12/2027"
"2158.","MUCINAC INJ","INJ","5R30156","300490 (2.5%+2.5%)","GUPTA MEDICAL HALL","1","0","38.48","48.10","50.50","11/2027"
"2159.","MUCINAC INJ","INJ","5R30110","300490 (2.5%+2.5%)","millennium medisolutions pvt ltd.","1","0","38.48","48.10","50.50","08/2027"
"2160.","MUCINAC INJ","INJ","5R30112","300490 (2.5%+2.5%)","GUPTA MEDICAL HALL","1","0","38.48","48.10","50.50","08/2027"
"2161.","MUCINAC INJ","INJ","5R30131","300490 (2.5%+2.5%)","GUPTA MEDICAL HALL","1","0","38.48","48.10","50.50","10/2027"
"2162.","MUCINAC INJ","INJ","5R30130","300490 (2.5%+2.5%)","gandhi medical hall","1","0","38.48","48.10","50.50","10/2027"
"2163.","MUCINAC INJ","INJ","5R30111","30049096 (2.5%+2.5%)","millennium medisolutions pvt ltd.","1","0","38.48","48.10","50.50","08/2027"
"2164.","MUCINAC INJ","INJ","4R30211","300490 (2.5%+2.5%)","GUPTA MEDICAL HALL","1","3","37.82","47.28","49.64","10/2026"
"2165.","MUCINAC INJ 5 ML","INJ","5R30031","30049099 (2.5%+2.5%)","GUPTA MEDICAL HALL","1","0","96.20","120.25","126.26","03/2027"
"2166.","MUCINAC INJ 5 ML","INJ","5R30127","30049099 (2.5%+2.5%)","gandhi medical hall","1","8","96.20","120.25","126.26","10/2027"
"2167.","MUCINAC INJ 5 ML","INJ","5R30127","30049099 (2.5%+2.5%)","GUPTA MEDICAL HALL","1","8","96.20","120.25","126.26","10/2027"
"2168.","MUCOEND - 600 MG","TAB","SGZ0150","3004 (2.5%+2.5%)","SHREE GOPAL  PHARMACEUTICALS","10","0 + {5}","105.00","211.43","222.00","03/2028"
"2169.","MUCOEND - 600 MG","TAB","SGZ0255","3004 (2.5%+2.5%)","SHREE GOPAL  PHARMACEUTICALS","10","10","105.00","238.10","250.00","05/2028"
"2170.","MUCOEND - 600 MG","TAB","SGY0758","3004 (2.5%+2.5%)","SHREE GOPAL  PHARMACEUTICALS","10","0","99.00","219.05","230.00","10/2027"
"2171.","MUCOEND - 600 MG","TAB","SGZ0057","3004 (2.5%+2.5%)","SHREE GOPAL  PHARMACEUTICALS","10","1 + {7}","105.00","209.52","220.00","12/2027"
"2172.","MUCOXIT - AB","TAB","IE385055","3004 (2.5%+2.5%)","NEW sai medicose","10","0","49.08","109.52","115.00","08/2027"
"2173.","MUCUC EXTRACTOR","General","G24D010839","9018 (2.5%+2.5%)","nath medicose","1","1","17.67","81.90","86.00","03/2029"
"2174.","MULTIJECT INJ","INJ","MJK-340","3004 (2.5%+2.5%)","OM MEDICAL HALL","1","0","5.25","31.43","33.00","08/2026"
"2175.","MULTIJECT INJ","INJ","MJK-374","3004 (2.5%+2.5%)","OM MEDICAL HALL","1","0","5.30","33.33","35.00","11/2027"
"2176.","MULTIREGAIN  -R","INJ","MA26E65","3004 (2.5%+2.5%)","NEW sai medicose","1","8","5.75","31.25","32.81","10/2027"
"2177.","MULTIREGAIN  -R","INJ","IMJRJ538","3004 (2.5%+2.5%)","NEW sai medicose","1","0","5.20","27.62","29.00","12/2026"
"2178.","MULTIREGAIN  -R","INJ","IMRJ538","3004 (2.5%+2.5%)","NEW sai medicose","1","0","5.20","26.67","28.00","12/2026"
"2179.","MUPICIP OINTMENT","OINTMENT","N0350153","21069099 (2.5%+2.5%)","gandhi medical hall","1","1","28.50","103.19","108.35","05/2027"
"2180.","MUPICIP OINTMENT 10 GM","Tube","O26M4005","3004 (2.5%+2.5%)","OM MEDICAL HALL","1","9","53.00","193.33","203.00","03/2028"
"2181.","MUPICIP OINTMENT 10 GM","Tube","O26M4008","3004 (2.5%+2.5%)","OM MEDICAL HALL","1","10","53.00","194.29","204.00","04/2028"
"2182.","MUVIT INJ","INJ","MVI-2509","3004 (2.5%+2.5%)","OM MEDICAL HALL","1","0","5.56","33.33","35.00","10/2027"
"2183.","MYLABIOIN PLUS","CAPs","I5435001","3004 (2.5%+2.5%)","NEW sai medicose","10","0 + {4}","76.80","188.57","198.00","02/2027"
"2184.","MYORIL 4 MG","CAPs","02250881","30049099 (2.5%+2.5%)","millennium medisolutions pvt ltd.","10","2 + {9}","228.00","285.00","299.25","07/2027"
"2185.","MYORIL 4 MG INJ","INJ","SH25098A","30049099 (2.5%+2.5%)","millennium medisolutions pvt ltd.","1","13","52.75","65.93","69.23","09/2028"
"2186.","NACPHIN 10 MG INJ","INJ","1238078","30049099 (2.5%+2.5%)","SAI BABA SURGICAL","1","5","43.30","61.43","64.50","02/2027"
"2187.","NAID ET","TAB","MLT5450","3004 (2.5%+2.5%)","S.P . MEDICAL AGENCIES","10","0","142.14","177.14","186.00","07/2027"
"2188.","NAPROTAG 500","TAB","GT26274D","300490 (2.5%+2.5%)","GUPTA MEDICAL HALL","10","5 + {6}","125.25","149.10","156.56","03/2028"
"2189.","NASAL DROP (A)","Solution","EL0272","3004 (2.5%+2.5%)","SHREE GOPAL  PHARMACEUTICALS","1","0","14.40","41.89","43.98","11/2027"
"2190.","NASAL DROP (A)","Solution","ELO272","3004 (2.5%+2.5%)","SHREE GOPAL  PHARMACEUTICALS","1","0","14.40","52.10","54.70","11/2027"
"2191.","NASAL DROP (A)","Solution","EDO078","3004 (2.5%+2.5%)","OM MEDICAL HALL","1","0","13.33","52.38","55.00","03/2027"
"2192.","NASAL DROP (A)","Solution","RRAO009","3004 (2.5%+2.5%)","SHREE GOPAL  PHARMACEUTICALS","1","4","15.60","41.89","43.98","12/2027"
"2193.","NASAL DROP (PAED)","Solution","ELO262","3004 (2.5%+2.5%)","SHREE GOPAL  PHARMACEUTICALS","1","4","13.50","41.43","43.50","11/2027"
"2194.","NASAL DROP (PAED)","Solution","EKO258","3004 (2.5%+2.5%)","SHREE GOPAL  PHARMACEUTICALS","1","0","13.50","41.89","43.98","10/2027"
"2195.","NASAL PAACK S-A  8 CM","General","G25I010228","90189099 (2.5%+2.5%)","MAHADEV ENTERPRISES","1","10","230.00","606.67","637.00","08/2030"
"2196.","NASAL PACK S-A 10 CM","General","2510BI01","90189099 (2.5%+2.5%)","MAHADEV ENTERPRISES","1","8","240.00","742.86","780.00","04/2028"
"2197.","NASAL PROBE  (ADULT)","MASK","G26A040035","9019 (2.5%+2.5%)","nath medicose","1","0","35.89","106.67","112.00","12/2030"
"2198.","NASAL PROBE  (ADULT)","MASK","G221140676","90192010 (2.5%+2.5%)","a and a hygien and surgical cre","1","0","40.00","75.24","79.00","10/2030"
"2199.","NASAL PROBE  (ADULT)","MASK","G25J040084","90192010 (2.5%+2.5%)","nath medicose","1","9","35.89","106.67","112.00","09/2030"
"2200.","NASAL PROBE  (ADULT)","MASK","2401087","90192010 (2.5%+2.5%)","nath medicose","1","0","35.00","106.67","112.00","12/2028"
"2201.","NASAL PROBE  (PEDIA)","MASK","GRM21L076","90192010 (2.5%+2.5%)","a and a hygien and surgical cre","1","0","40.00","75.24","79.00","10/2030"
"2202.","NASOCLEAR NASAL SPRAY","Solution","DBB1076","30049069 (2.5%+2.5%)","HEMANT MEDICAL AGENCIES","1","1","45.86","63.20","66.36","11/2028"
"2203.","NASOCLEAR NASAL SPRAY","Solution","DBB1014","30049069 (2.5%+2.5%)","millennium medisolutions pvt ltd.","1","0","50.56","63.20","66.36","07/2028"
"2204.","NASOWASH STARTER KIT","General","5T70092","30049099 (2.5%+2.5%)","GUPTA MEDICAL HALL","1","0","418.84","523.54","549.72","08/2027"
"2205.","NASOWASH STARTER KIT","General","6T70028","30049099 (2.5%+2.5%)","GUPTA MEDICAL HALL","1","0","460.72","575.90","604.69","08/2028"
"2206.","NASOWASH STARTER KIT","General","6T70009","30049099 (2.5%+2.5%)","GUPTA MEDICAL HALL","1","0","418.84","523.54","549.72","06/2028"
"2207.","NAXDOM 250","TAB","FHC1147","30049099 (2.5%+2.5%)","millennium medisolutions pvt ltd.","15","3 + {7}","89.29","111.43","117.00","11/2028"
"2208.","NAXDOM 250","TAB","FHC0687","30049099 (2.5%+2.5%)","millennium medisolutions pvt ltd.","15","0","89.29","111.61","117.19","06/2028"
"2209.","NAXDOM 500","TAB","FHC1136","30049099 (2.5%+2.5%)","millennium medisolutions pvt ltd.","15","0","134.29","167.86","176.25","11/2028"
"2210.","NAXDOM 500","TAB","FHD0131","30049099 (2.5%+2.5%)","OM MEDICAL HALL","15","0","135.63","167.86","176.25","01/2029"
"2211.","NAXDOM 500","TAB","FHC0687","30049099 (2.5%+2.5%)","millennium medisolutions pvt ltd.","15","0","134.29","167.86","176.25","06/2028"
"2212.","NAXDOM 500","TAB","FHD0396","30049099 (2.5%+2.5%)","PRAKASH MEDICOS","15","0 + {6}","147.05","183.81","193.00","05/2029"
"2213.","NAXDOM 500","TAB","FHC1052","30049099 (2.5%+2.5%)","millennium medisolutions pvt ltd.","15","0","134.29","167.86","176.25","10/2028"
"2214.","NAXDOM 500","TAB","EHC1052","30049099 (2.5%+2.5%)","millennium medisolutions pvt ltd.","15","0","134.29","167.86","176.25","10/2028"
"2215.","NAXDOM 500","TAB","FHD0095","30049099 (2.5%+2.5%)","PRAKASH MEDICOS","15","0","134.29","167.86","176.25","01/2029"
"2216.","NAXDOM 500","TAB","FHD0248","30049099 (2.5%+2.5%)","OM MEDICAL HALL","15","8","134.29","167.86","176.25","02/2029"
"2217.","NAXDOM 500","TAB","FHC1006","30049099 (2.5%+2.5%)","BHARAT MEDICAL HALL","15","0","134.28","167.86","176.25","10/2028"
"2218.","NAXDOM 500","TAB","FHC0872","30049099 (2.5%+2.5%)","millennium medisolutions pvt ltd.","15","0","134.29","167.86","176.25","08/2028"
"2219.","NAXDOM 500","TAB","FHC1054","30049099 (2.5%+2.5%)","millennium medisolutions pvt ltd.","15","0 + {21}","134.29","167.86","176.25","10/2028"
"2220.","NAXDOM 500","TAB","FHC0819","30049099 (2.5%+2.5%)","millennium medisolutions pvt ltd.","15","0","134.29","167.86","176.25","07/2028"
"2221.","NAXER-SP","TAB","TG25F120","30042034 (2.5%+2.5%)","ALISIER DRUGS PVT . LTD","10","0","13.54","85.71","90.00","05/2027"
"2222.","NAXER-SP","TAB","ST-260606","30042034 (2.5%+2.5%)","ALISIER DRUGS PVT . LTD","10","116 + {7}","14.00","53.33","56.00","04/2028"
"2223.","NAXER-SP","TAB","ST2555566","30042034 (2.5%+2.5%)","ALISIER DRUGS PVT . LTD","10","0","14.00","53.33","56.00","01/2028"
"2224.","NAZOMAC - OX","SUSP","2601256","30049099 (2.5%+2.5%)","GOEL MEDICOS","1","3","275.78","344.72","361.96","12/2027"
"2225.","NAZOMAC - OX","SUSP","2510087","30049099 (2.5%+2.5%)","millennium medisolutions pvt ltd.","1","0","275.78","344.72","361.96","09/2027"
"2226.","NAZOMAC - OX","SUSP","2601256","30049099 (2.5%+2.5%)","ROHIT PHARMA","1","0","275.78","344.72","361.96","12/2027"
"2227.","NAZOMAC - OX","SUSP","2511185","30049099 (2.5%+2.5%)","GOEL MEDICOS","1","5","275.78","344.72","361.96","10/2027"
"2228.","NAZOMAC- F","SUSP","NND0149A","30043200 (2.5%+2.5%)","GOEL MEDICOS","1","1","238.86","298.57","313.50","04/2027"
"2229.","NEB MASK ADULT","MASK","1254KLJ","90192090 (2.5%+2.5%)","nath medicose","1","2","40.00","106.67","112.00","10/2028"
"2230.","NEB MASK ADULT","MASK","L2606013","90192090 (2.5%+2.5%)","nath medicose","1","25","40.00","106.67","112.00","10/2030"
"2231.","NEB MASK ADULT","MASK","G221160633","90192090 (2.5%+2.5%)","a and a hygien and surgical cre","1","7","52.00","106.67","112.00","10/2027"
"2232.","NEB MASK ADULT","MASK","2406125","9018 (2.5%+2.5%)","nath medicose","1","0","38.00","106.67","112.00","05/2029"
"2233.","NEB MASK ADULT","MASK","NEB250201","90192090 (2.5%+2.5%)","nath medicose","1","0","40.00","106.67","112.00","01/2028"
"2234.","NEB MASK AERO MIST  ADULT","MASK","G24J040628","90191090 (2.5%+2.5%)","SAI BABA SURGICAL","1","0","49.08","106.67","112.00","09/2029"
"2235.","NEB MASK AERO MIST  ADULT","MASK","25I040198","90191090 (2.5%+2.5%)","a and a hygien and surgical cre","1","0","55.00","106.67","112.00","10/2028"
"2236.","NEB MASK PEDIA","General","2507127","9018 (2.5%+2.5%)","nath medicose","1","5","38.00","106.67","112.00","06/2030"
"2237.","NEFROSAVE","TAB","P0207","30049099 (2.5%+2.5%)","millennium medisolutions pvt ltd.","15","2 + {11}","197.34","246.67","259.00","04/2028"
"2238.","NEO MERCAZOLE 5 MG","TAB","SSL0141","30049099 (2.5%+2.5%)","millennium medisolutions pvt ltd.","1","1","231.34","289.18","303.64","08/2027"
"2239.","NEO MERCAZOLE 5 MG","TAB","SSL0099","3004 (2.5%+2.5%)","NEW sai medicose","1","0","231.35","308.46","323.88","06/2027"
"2240.","NEO-MARCAZOLE 10 MG","TAB","NZF25021","30049099 (2.5%+2.5%)","millennium medisolutions pvt ltd.","1","0","450.32","562.90","591.04","07/2027"
"2241.","NEO-MARCAZOLE 10 MG","TAB","SSL0178","30049099 (2.5%+2.5%)","HEMANT MEDICAL AGENCIES","1","1","450.32","562.90","591.04","10/2027"
"2242.","NEO-MARCAZOLE 20 MG","TAB","NFZ25005","30049099 (2.5%+2.5%)","millennium medisolutions pvt ltd.","1","1","1,467.44","1,834.30","1,926.01","08/2027"
"2243.","NEO-MARCAZOLE 5 MG","TAB","SSL0099","3004 (2.5%+2.5%)","NEW sai medicose","1","1","231.35","308.46","323.88","06/2027"
"2244.","NEOGADINE ELIXIR","SYRUP","B02K26024","30049099 (2.5%+2.5%)","millennium medisolutions pvt ltd.","1","0","197.60","235.24","247.00","08/2027"
"2245.","NEOGADINE ELIXIR","SYRUP","SB02K26030","30049099 (2.5%+2.5%)","OM MEDICAL HALL","1","4","197.60","235.24","247.00","09/2027"
"2246.","NEOGADINE ELIXIR","SYRUP","SB02K25115","30049099 (2.5%+2.5%)","OM MEDICAL HALL","1","0","189.01","222.77","233.91","05/2027"
"2247.","NEOGADINE ELIXIR","SYRUP","B02K25115","30049099 (2.5%+2.5%)","millennium medisolutions pvt ltd.","1","0","186.80","222.38","233.50","05/2027"
"2248.","NEOGADINE ELIXIR","SYRUP","B02K26030","30049099 (2.5%+2.5%)","millennium medisolutions pvt ltd.","1","0","197.60","235.24","247.00","09/2027"
"2249.","NEOGADINE ELIXIR","SYRUP","B02K26003","30049099 (2.5%+2.5%)","millennium medisolutions pvt ltd.","1","0","186.80","222.38","233.50","06/2027"
"2250.","NEOGADINE ELIXIR","SYRUP","SB02K25109","30049099 (2.5%+2.5%)","OM MEDICAL HALL","1","0","188.62","222.77","233.91","04/2027"
"2251.","NEOLON - 40 INJ","INJ","LV24ML-1107","3004 (2.5%+2.5%)","NEW sai medicose","1","0","19.58","63.81","67.00","08/2028"
"2252.","NEOPAM 1GM  INJ","INJ","IAV25004","30049099 (2.5%+2.5%)","BAJAJ MEDICAL AGENCY","1","4","150.00","474.10","497.81","02/2027"
"2253.","NEOPRIDE 25 MG TAB","TAB","K2600651","30049099 (2.5%+2.5%)","HEMANT MEDICAL AGENCIES","10","9 + {6}","85.41","106.76","112.10","02/2029"
"2254.","NEOPRIDE INJ","INJ","2N25002","30049099 (2.5%+2.5%)","HEMANT MEDICAL AGENCIES","1","0","66.07","82.59","86.72","06/2027"
"2255.","NEOPRIDE TOTAL CAP","CAPs","K2501447","30049099 (2.5%+2.5%)","HEMANT MEDICAL AGENCIES","15","0","384.46","480.58","504.61","05/2027"
"2256.","NEOPRIDE TOTAL CAP","CAPs","K2502957","30049099 (2.5%+2.5%)","millennium medisolutions pvt ltd.","15","1 + {11}","384.46","480.61","504.64","10/2027"
"2257.","NEOSPORIN OIN .","OINTMENT","R309","30042099 (2.5%+2.5%)","OM MEDICAL HALL","1","2","104.43","129.24","135.70","10/2027"
"2258.","NEOSPORIN OIN .","OINTMENT","R310","30042099 (2.5%+2.5%)","SHIV PHARMA TRADERS","1","2","95.54","129.24","135.70","10/2027"
"2259.","NEOSPORIN POWDER 10 GM","Powder","R919","30042099 (2.5%+2.5%)","millennium medisolutions pvt ltd.","1","0","73.29","102.05","107.15","06/2027"
"2260.","NEOSPORIN POWDER 10 GM","Powder","RA154","30042099 (2.5%+2.5%)","millennium medisolutions pvt ltd.","1","0","74.65","102.05","107.15","11/2027"
"2261.","NEOSPORIN POWDER 10 GM","Powder","R997","30042099 (2.5%+2.5%)","SHIV PHARMA TRADERS","1","4","74.06","102.05","107.15","08/2027"
"2262.","NEOVEC 10MG INJ","INJ","386133","30049099 (2.5%+2.5%)","mohinder pharma","1","7","87.00","118.90","124.85","08/2027"
"2263.","NERVIDAY TAB","TAB","NVD26001","30045020 (2.5%+2.5%)","BAJAJ MEDICAL AGENCY","10","24","154.68","185.62","194.90","08/2027"
"2264.","NERVITE XT","TAB","NRXT2505","21069099 (2.5%+2.5%)","millennium medisolutions pvt ltd.","10","0","223.73","279.66","293.64","06/2027"
"2265.","NERVITE XT","TAB","NRXT2604","21069099 (2.5%+2.5%)","ROHIT PHARMA","10","7 + {4}","246.48","308.10","323.50","03/2028"
"2266.","NEU - LS SYP","SYRUP","AL25-0491","30049099 (2.5%+2.5%)","GUPTA MEDICAL HALL","1","13","62.03","100.00","105.00","10/2027"
"2267.","NEU ORA GEL","GEL","AP6031","30049099 (2.5%+2.5%)","GUPTA MEDICAL HALL","1","13","83.81","104.76","110.00","02/2028"
"2268.","NEU- ENTEQNOL","TAB","NQI-25006","3004 (2.5%+2.5%)","SELF","20","0","10.00","45.71","48.00","01/2029"
"2269.","NEUROBEE FORTE","TAB","SFL2602008","3004 (2.5%+2.5%)","NEW sai medicose","30","10","11.28","28.57","30.00","01/2028"
"2270.","NEUROBION FORTE","TAB","6001C84301","3004 (2.5%+2.5%)","NEW sai medicose","30","0 + {6}","36.27","45.27","47.53","05/2027"
"2271.","NEUROBION FORTE","TAB","5325C84301","3004 (2.5%+2.5%)","NEW sai medicose","30","0","36.60","45.27","47.53","04/2027"
"2272.","NEUROBION FORTE","TAB","6052C83904","3004 (2.5%+2.5%)","SHIV PHARMA TRADERS","30","3 + {23}","38.03","45.27","47.53","07/2027"
"2273.","NEUROCETAM SYP","SYRUP","NULL292","30049066 (2.5%+2.5%)","HEMANT MEDICAL AGENCIES","1","0","292.80","366.00","384.30","05/2028"
"2274.","NEUROCETAM SYP","SYRUP","NULL293","30049066 (2.5%+2.5%)","HEMANT MEDICAL AGENCIES","1","4","292.80","366.00","384.30","05/2028"
"2275.","NEUROFOL FORTE TAB","TAB","FKH-183","3004 (2.5%+2.5%)","NEW sai medicose","30","10","13.50","33.33","35.00","04/2027"
"2276.","NEUROLAB FORTE TAB","TAB","TAG-096","3004 (2.5%+2.5%)","NEW sai medicose","30","5","12.66","30.48","32.00","07/2027"
"2277.","NEUROTOL INJ 100 ML","INJ","25F02010D","30049099 (2.5%+2.5%)","SAI BABA SURGICAL","1","18","194.29","242.86","255.00","05/2028"
"2278.","NEUROWIC - DP 75/20","TAB","LGP12/335","3004 (2.5%+2.5%)","GUPTA MEDICAL HALL","10","36 + {8}","172.48","205.33","215.60","11/2027"
"2279.","NEUROWIC FORTE INJ","INJ","BA2508-69","30043919 (2.5%+2.5%)","GUPTA MEDICAL HALL","1","2","72.20","84.82","89.06","01/2027"
"2280.","NEW LIGNOCAD GEL","Jelly","BP26016","30049034 (2.5%+2.5%)","BHARAT MEDICAL HALL","1","12","23.80","33.90","35.60","03/2029"
"2281.","NEW LIGNOCAD GEL","Jelly","BP25003","30049034 (2.5%+2.5%)","PRAKASH PHARMA","1","0","17.85","33.90","35.60","04/2028"
"2282.","NEW NUSAM 200 TAB","TAB","CPC0032","3004 (2.5%+2.5%)","SHREE GOPAL  PHARMACEUTICALS","10","1 + {5}","346.43","433.04","454.69","09/2026"
"2283.","NEW PROTINUTS POWD","General","PNCP25034C","17049090 (2.5%+2.5%)","NEW sai medicose","1","0","60.43","238.10","250.00","07/2027"
"2284.","NEW TOSSEX XP","SYRUP","HMK0188","3004 (2.5%+2.5%)","NEW sai medicose","1","0","27.40","101.90","107.00","11/2026"
"2285.","NEWKETOKEM SHAMPOO","Solution","75.60","3004 (2.5%+2.5%)","NEW sai medicose","1","0","75.60","126.67","133.00","06/2027"
"2286.","NEWKETOKEM SHAMPOO","Solution","N25135","3004 (2.5%+2.5%)","NEW sai medicose","1","1","75.60","160.00","168.00","06/2027"
"2287.","NEX 400 MG INJ","INJ","122937","30049099 (2.5%+2.5%)","SAI BABA SURGICAL","1","5","77.50","94.27","98.98","06/2027"
"2288.","NEXITO PLUS","TAB","SIGI1876A","30049079 (2.5%+2.5%)","millennium medisolutions pvt ltd.","10","0","97.14","121.43","127.50","08/2027"
"2289.","NEXITO PLUS","TAB","SIG2474A","30049079 (2.5%+2.5%)","millennium medisolutions pvt ltd.","10","0 + {2}","97.14","121.43","127.50","10/2027"
"2290.","NEXOM - LS CAP","CAPs","N25V9079","3004 (2.5%+2.5%)","SHREE GOPAL  PHARMACEUTICALS","10","0","35.10","123.81","130.00","11/2027"
"2291.","NEXOM - LS CAP","CAPs","GC260031","3004 (2.5%+2.5%)","SHREE GOPAL  PHARMACEUTICALS","10","8 + {7}","35.10","133.33","140.00","12/2027"
"2292.","NEXTIO 10 MG","TAB","SIG2488A","30049079 (2.5%+2.5%)","SHREE GOPAL  PHARMACEUTICALS","15","0 + {13}","109.88","137.35","144.22","10/2028"
"2293.","NEXTIO 10 MG","TAB","SIG22488A","30049079 (2.5%+2.5%)","SHREE GOPAL  PHARMACEUTICALS","15","2","109.88","137.35","144.22","10/2028"
"2294.","NEXTIO 10 MG","TAB","SIG2052A","30049079 (2.5%+2.5%)","ANAND MEDICOS","15","0 + {6}","109.88","137.35","144.22","08/2028"
"2295.","NEXTIO 15 MG","TAB","SIH0348A","3004 (2.5%+2.5%)","SHREE GOPAL  PHARMACEUTICALS","10","0","119.62","149.52","157.00","01/2028"
"2296.","NEXTIO 15 MG","TAB","SIH1051C","3004 (2.5%+2.5%)","SHREE GOPAL  PHARMACEUTICALS","10","10","119.62","149.52","157.00","04/2028"
"2297.","NEXTIO 5 MG","TAB","SIG2736B","30049079 (2.5%+2.5%)","SHREE GOPAL  PHARMACEUTICALS","15","0 + {1}","61.28","76.60","80.43","11/2027"
"2298.","NEXTIO 5 MG","TAB","SIH0348A","30049079 (2.5%+2.5%)","SHREE GOPAL  PHARMACEUTICALS","15","4 + {3}","61.28","76.60","80.43","01/2028"
"2299.","NEXTIO 5 MG","TAB","SIG2736B","30049079 (2.5%+2.5%)","millennium medisolutions pvt ltd.","15","0","61.28","76.60","80.43","11/2027"
"2300.","NEXTIO PLUS","TAB","SIH0447A","30049079 (2.5%+2.5%)","SHREE GOPAL  PHARMACEUTICALS","10","12 + {7}","97.14","121.43","127.50","01/2028"
"2301.","NEXTIO PLUS","TAB","SIH0109A","30049079 (2.5%+2.5%)","millennium medisolutions pvt ltd.","10","0","97.14","121.43","127.50","12/2027"
"2302.","NEXTIO PLUS","TAB","SIG2239A","30049079 (2.5%+2.5%)","millennium medisolutions pvt ltd.","10","0","97.14","121.43","127.50","09/2027"
"2303.","NEXTIO PLUS","TAB","SIH0300A","30049079 (2.5%+2.5%)","millennium medisolutions pvt ltd.","10","0 + {1}","97.14","121.43","127.50","01/2028"
"2304.","NEXTIO PLUS","TAB","SIH0634A","30049079 (2.5%+2.5%)","millennium medisolutions pvt ltd.","10","0 + {5}","97.14","121.43","127.50","02/2028"
"2305.","NEXTIO PLUS","TAB","SIG2474A","30049079 (2.5%+2.5%)","millennium medisolutions pvt ltd.","10","0","97.14","121.43","127.50","10/2027"
"2306.","NEXTIO PLUS","TAB","SIH0818A","30049079 (2.5%+2.5%)","millennium medisolutions pvt ltd.","10","3 + {5}","97.14","121.43","127.50","03/2028"
"2307.","NEXTIO PLUS","TAB","SIG1876A","30049079 (2.5%+2.5%)","millennium medisolutions pvt ltd.","10","0","97.14","121.43","127.50","08/2027"
"2308.","NEXTIO PLUS","TAB","SIH0023A","30049079 (2.5%+2.5%)","millennium medisolutions pvt ltd.","10","7","97.14","121.43","127.50","12/2027"
"2309.","NICE GLUCOSE VIIT - C","Powder","4168","1702 (2.5%+2.5%)","SHREE GOPAL  PHARMACEUTICALS","1","2","38.75","71.43","75.00","07/2027"
"2310.","NIMCETA GOLD","TAB","NGT25004SL","3004 (2.5%+2.5%)","NEW sai medicose","10","19 + {4}","5.83","11.43","12.00","12/2027"
"2311.","NIMUCET ASP","TAB","IPL26124","3004 (2.5%+2.5%)","NEW sai medicose","10","0 + {4}","15.98","53.33","56.00","01/2028"
"2312.","NIMUMIC PLUS GOLDE","TAB","TGH-250672","30049069 (2.5%+2.5%)","PRAKASH PHARMA","10","28","3.05","11.43","12.00","02/2028"
"2313.","NINTIB 150 MG","CAPs","JNIAX0325","30049099 (2.5%+2.5%)","millennium medisolutions pvt ltd.","10","1 + {6}","808.11","1,010.13","1,060.64","09/2027"
"2314.","NIPPRO 10 ML","Syringe","1025251S3","9018 (2.5%+2.5%)","SHREE GOPAL  PHARMACEUTICALS","1","0","4.50","10.48","11.00","09/2030"
"2315.","NIPPRO 10 ML","Syringe","1026005S3","9018 (2.5%+2.5%)","SHREE GOPAL  PHARMACEUTICALS","1","0","4.50","10.48","11.00","12/2030"
"2316.","NITROCIN  INJ","INJ","1601","30049079 (2.5%+2.5%)","BAJAJ MEDICAL AGENCY","1","20","27.50","31.42","32.99","12/2027"
"2317.","NITROCIN  INJ","INJ","INGLA517","30049079 (2.5%+2.5%)","BAJAJ MEDICAL AGENCY","1","6","27.00","31.42","32.99","09/2027"
"2318.","NKACIN - 500","INJ","NCL0130","3004 (2.5%+2.5%)","NEW sai medicose","1","10","18.00","75.24","79.00","05/2027"
"2319.","NOGACID - D CAP","CAPs","SP254713","3004 (2.5%+2.5%)","NEW sai medicose","15","3 + {3}","13.75","42.86","45.00","07/2027"
"2320.","NOMUCO - T","TAB","T253079","3004 (2.5%+2.5%)","NEW sai medicose","10","5","33.00","84.76","89.00","09/2027"
"2321.","NOOTROPIL SYP","SYRUP","D260157","30049099 (2.5%+2.5%)","millennium medisolutions pvt ltd.","1","0","352.98","441.22","463.28","01/2029"
"2322.","NOOTROPIL SYP","SYRUP","DV26006","30049099 (2.5%+2.5%)","millennium medisolutions pvt ltd.","1","0","352.98","441.22","463.28","12/2028"
"2323.","NOOTROPIL SYP","SYRUP","DV25153","30049099 (2.5%+2.5%)","millennium medisolutions pvt ltd.","1","0","352.98","441.22","463.28","08/2028"
"2324.","NOOTROPIL SYP","SYRUP","DV25154","30049099 (2.5%+2.5%)","millennium medisolutions pvt ltd.","1","0","352.98","441.22","463.28","08/2028"
"2325.","NORAD","AMP","KP247494","30049079 (2.5%+2.5%)","mohinder pharma","1","10","60.47","215.30","215.30","05/2028"
"2326.","NORFLOX - 400 TAB","TAB","AT-016125","3004 (2.5%+2.5%)","NEW sai medicose","10","1 + {5}","56.66","84.32","88.54","05/2027"
"2327.","NORMABEAT - 50","TAB","TMT-0514","3004 (2.5%+2.5%)","gandhi medical hall","10","6","135.71","169.65","178.13","09/2026"
"2328.","NORMALIP - 10 MG","TAB","TMT-1363","3004 (2.5%+2.5%)","gandhi medical hall","10","0 + {2}","51.38","64.23","67.44","09/2027"
"2329.","NORMALIP - 10 MG","TAB","TMT-1793","3004 (2.5%+2.5%)","gandhi medical hall","10","5 + {5}","42.26","64.23","67.44","02/2028"
"2330.","NORMALIP - 20 MG","TAB","TMT-1169","3004 (2.5%+2.5%)","gandhi medical hall","10","2 + {1}","103.63","129.53","136.01","06/2027"
"2331.","NORMAXIN TAB","TAB","HNX2581225","3004 (2.5%+2.5%)","SHREE GOPAL  PHARMACEUTICALS","20","3","42.86","53.57","56.25","11/2028"
"2332.","NORMAXIN TAB","TAB","HNX012624","3004 (2.5%+2.5%)","millennium medisolutions pvt ltd.","20","0 + {13}","45.71","57.14","60.00","12/2028"
"2333.","NOVORAPID FLEXPEN 3 ML","INJ","RR738P7","30043110 (2.5%+2.5%)","HEMANT MEDICAL AGENCIES","1","1","926.38","1,102.83","1,157.97","10/2027"
"2334.","NOZCALM NASAL DROP","DROP","DLSZ5004","3004 (2.5%+2.5%)","SHREE GOPAL  PHARMACEUTICALS","1","4","16.20","43.81","46.00","03/2027"
"2335.","NS 10 ML DEXT","IV","S508019","30049099 (2.5%+2.5%)","a and a hygien and surgical cre","1","0","8.30","21.90","23.00","08/2027"
"2336.","NS 100 ML 0.45","Bottle","52950868","3004 (2.5%+2.5%)","nath medicose","1","36","26.50","53.36","56.03","08/2028"
"2337.","NS 100 ML DEXT","IV","S508019","30049099 (2.5%+2.5%)","a and a hygien and surgical cre","1","0","8.30","41.90","44.00","08/2027"
"2338.","NS 100 ML DUAL PORT","IV","3PD26E1002","3004 (2.5%+2.5%)","nath medicose","1","180","19.00","43.07","45.22","06/2029"
"2339.","NS 100 ML DUAL PORT","IV","FEDP100","3004 (2.5%+2.5%)","nath medicose","1","0","19.00","42.77","44.91","11/2028"
"2340.","NS 100 ML DUAL PORT","IV","D25F1232","3004 (2.5%+2.5%)","nath medicose","1","0","18.00","42.77","44.91","11/2028"
"2341.","NS 100 ML DUAL PORT","IV","D26E1067","3004 (2.5%+2.5%)","nath medicose","1","18","19.00","42.77","44.91","02/2027"
"2342.","NS 100 ML DUAL PORT","IV","D26E1031","3004 (2.5%+2.5%)","nath medicose","1","0","18.00","42.77","44.91","01/2029"
"2343.","NS 3 % 100 ML","INJ","NTH5003","3004 (2.5%+2.5%)","nath medicose","1","3","18.00","53.33","56.00","05/2028"
"2344.","NS 3 % 100 ML","INJ","DE10155","3004 (2.5%+2.5%)","a and a hygien and surgical cre","1","8","23.00","128.57","135.00","02/2028"
"2345.","NS 500 ML  DUAL PORT","Bottle","D25E2110","3004 (2.5%+2.5%)","nath medicose","1","8","28.00","53.33","56.00","09/2028"
"2346.","NS 500 ML  DUAL PORT","Bottle","D25E2125","3004 (2.5%+2.5%)","nath medicose","1","0","28.00","62.86","66.00","10/2028"
"2347.","NS 500 ML  DUAL PORT","Bottle","D25E2139","3004 (2.5%+2.5%)","nath medicose","1","0","29.80","62.86","66.00","11/2028"
"2348.","NS 500 ML  DUAL PORT","Bottle","FEDP500","3004 (2.5%+2.5%)","nath medicose","1","0","29.80","65.71","69.00","04/2028"
"2349.","NS 500 ML  DUAL PORT","Bottle","D26E2021","3004 (2.5%+2.5%)","nath medicose","1","32","29.80","62.86","66.00","04/2029"
"2350.","NS 500 ML 0.45","Bottle","52930403","3004 (2.5%+2.5%)","nath medicose","1","20","34.80","106.67","112.00","05/2028"
"2351.","NS 500 ML DEXT","IV","P5031119","30049099 (2.5%+2.5%)","a and a hygien and surgical cre","1","0","16.50","33.18","34.84","08/2027"
"2352.","NUCORT -M8","TAB","P25Z001","30049099 (2.5%+2.5%)","millennium medisolutions pvt ltd.","10","0","58.94","73.68","77.36","01/2028"
"2353.","NUCORT M8","TAB","P25Z001","30043200 (2.5%+2.5%)","GUPTA MEDICAL HALL","10","6 + {9}","58.94","73.68","77.36","01/2028"
"2354.","NUCOXIA  MR","TAB","IB00393A","30049069 (2.5%+2.5%)","HEMANT MEDICAL AGENCIES","10","0","263.40","356.44","374.26","01/2028"
"2355.","NUCOXIA  MR","TAB","IB00020A","30049069 (2.5%+2.5%)","ROHIT PHARMA","10","0","261.40","356.44","374.26","12/2027"
"2356.","NUCOXIA  MR","TAB","IA01382B","30049069 (2.5%+2.5%)","millennium medisolutions pvt ltd.","10","0","241.55","328.82","345.26","08/2027"
"2357.","NUCOXIA  MR","TAB","IB00020A","30049069 (2.5%+2.5%)","millennium medisolutions pvt ltd.","10","0 + {10}","260.74","356.53","374.36","12/2027"
"2358.","NUCOXIA  MR","TAB","IA01413A","30049069 (2.5%+2.5%)","millennium medisolutions pvt ltd.","10","0","263.06","328.82","345.26","08/2027"
"2359.","NUCOXIA  MR","TAB","IB00458A","30049069 (2.5%+2.5%)","millennium medisolutions pvt ltd.","10","0 + {4}","285.16","356.44","374.26","03/2028"
"2360.","NUCOXIA MR 8 MG","TAB","IB00500A`","30049069 (2.5%+2.5%)","millennium medisolutions pvt ltd.","10","0","358.00","447.50","469.88","02/2028"
"2361.","NUCOXIA MR 8 MG","TAB","IA01463A","30049069 (2.5%+2.5%)","millennium medisolutions pvt ltd.","10","0","358.00","447.50","469.88","09/2027"
"2362.","NUCOXIA MR 8 MG","TAB","IB00500A","30049069 (2.5%+2.5%)","millennium medisolutions pvt ltd.","10","8 + {4}","358.00","447.50","469.88","02/2028"
"2363.","NUDAY","TAB","189825034","30049099 (2.5%+2.5%)","GUPTA MEDICAL HALL","10","0 + {1}","53.57","66.96","70.31","08/2027"
"2364.","NUDAY","TAB","189825035","30049099 (2.5%+2.5%)","GUPTA MEDICAL HALL","10","3 + {6}","53.57","66.96","70.31","11/2027"
"2365.","NUDAY","TAB","18982034","30049099 (2.5%+2.5%)","GUPTA MEDICAL HALL","10","6","53.57","66.96","70.31","08/2027"
"2366.","NUDAY","TAB","I89825034","30049099 (2.5%+2.5%)","GUPTA MEDICAL HALL","10","0","44.99","66.96","70.31","06/2026"
"2367.","NUFORCE - GM","OINTMENT","B4AIZ010","30049099 (2.5%+2.5%)","GUPTA MEDICAL HALL","1","13","40.68","75.69","79.47","03/2028"
"2368.","NUFORCE - GM","OINTMENT","B4AIY032","30049099 (2.5%+2.5%)","millennium medisolutions pvt ltd.","1","0","55.05","68.81","72.25","11/2027"
"2369.","NUFORCE - GM","OINTMENT","B4AIY030","30049099 (2.5%+2.5%)","millennium medisolutions pvt ltd.","1","0","55.05","68.81","72.25","09/2027"
"2370.","NUFORCE - GM","OINTMENT","B4AIY027","30049099 (2.5%+2.5%)","millennium medisolutions pvt ltd.","1","0","55.05","68.81","72.25","08/2027"
"2371.","NUFORCE - GM","OINTMENT","B4AIZ008","30049099 (2.5%+2.5%)","millennium medisolutions pvt ltd.","1","0","60.55","75.69","79.47","02/2028"
"2372.","NUFORCE - GM","OINTMENT","B4AIZ005","30049099 (2.5%+2.5%)","millennium medisolutions pvt ltd.","1","4","60.55","75.69","79.47","01/2028"
"2373.","NULONG - 10","TAB","NLBS0072","30049079 (2.5%+2.5%)","HEMANT MEDICAL AGENCIES","15","4 + {10}","147.05","183.81","193.00","03/2028"
"2374.","NULONG - 10","TAB","NLBS0070","30049079 (2.5%+2.5%)","HEMANT MEDICAL AGENCIES","15","0","134.75","183.81","193.00","11/2027"
"2375.","NULONG - 10","TAB","NLBS0071","30049079 (2.5%+2.5%)","HEMANT MEDICAL AGENCIES","15","6 + {7}","147.05","183.81","193.00","02/2028"
"2376.","NULONG - 10","TAB","NLBS0068","30049079 (2.5%+2.5%)","HEMANT MEDICAL AGENCIES","15","0 + {13}","123.02","167.81","176.20","08/2027"
"2377.","NULONG TRIO (20)","TAB","NLHS0025","30049079 (2.5%+2.5%)","millennium medisolutions pvt ltd.","10","0","131.43","164.29","172.50","08/2027"
"2378.","NULONG TRIO (20)","TAB","NLHS0026","30049079 (2.5%+2.5%)","HEMANT MEDICAL AGENCIES","10","6","131.43","164.29","172.50","02/2028"
"2379.","NULONG TRIO (20)","TAB","NLHS0023","30049079 (2.5%+2.5%)","HEMANT MEDICAL AGENCIES","10","0 + {7}","131.43","164.29","172.50","07/2027"
"2380.","NULONG TRIO (20)","TAB","NLHS0021","30049079 (2.5%+2.5%)","millennium medisolutions pvt ltd.","10","0","120.69","150.86","158.40","10/2026"
"2381.","NULONG TRIO (20)","TAB","NLHS0021","30049079 (2.5%+2.5%)","HEMANT MEDICAL AGENCIES","10","0","110.36","150.86","158.40","10/2026"
"2382.","NULONG TRIO (40)","TAB","NLTS019","30049079 (2.5%+2.5%)","HEMANT MEDICAL AGENCIES","10","1","185.45","253.52","266.20","05/2027"
"2383.","NULONG TRIO (40)","TAB","NLTS020","30049079 (2.5%+2.5%)","HEMANT MEDICAL AGENCIES","10","10 + {1}","202.82","253.52","266.20","06/2027"
"2384.","NULONG TRIO (40)","TAB","NLTS020","30049079 (2.5%+2.5%)","HEMANT MEDICAL AGENCIES","10","0","187.41","253.52","266.20","06/2027"
"2385.","NULONG-T TAB","TAB","NLKS0010","30049079 (2.5%+2.5%)","millennium medisolutions pvt ltd.","15","0","132.11","165.14","173.40","04/2027"
"2386.","NULONG-T TAB","TAB","NLKS0014","30049079 (2.5%+2.5%)","HEMANT MEDICAL AGENCIES","15","0","132.11","165.14","173.40","11/2027"
"2387.","NULONG-T TAB","TAB","NLKS0015","30049079 (2.5%+2.5%)","SAI BABA SURGICAL","15","0 + {4}","132.11","165.14","173.40","02/2028"
"2388.","NULONG-T TAB","TAB","NLKS0011","30049079 (2.5%+2.5%)","SAI BABA SURGICAL","15","0 + {13}","120.10","165.14","173.40","06/2027"
"2389.","NULONG-T TAB","TAB","NLKS0015","30049079 (2.5%+2.5%)","SAI BABA SURGICAL","15","9","120.10","176.19","185.00","02/2028"
"2390.","NULONG-T TAB","TAB","NLKS0012","30049079 (2.5%+2.5%)","HEMANT MEDICAL AGENCIES","15","5 + {8}","121.06","165.14","173.40","07/2027"
"2391.","NULONG-T TAB","TAB","NLKS0010","30049079 (2.5%+2.5%)","HEMANT MEDICAL AGENCIES","15","0","132.11","165.14","173.40","04/2027"
"2392.","NULONG-T TAB","TAB","NLKS0011","30049079 (2.5%+2.5%)","SAI BABA SURGICAL","15","0","121.06","165.14","173.40","06/2027"
"2393.","NUMOCO - T","TAB","T251726","3004 (2.5%+2.5%)","NEW sai medicose","10","0","33.00","106.67","112.00","05/2027"
"2394.","NUMUCO - T","TAB","T253079","3004 (2.5%+2.5%)","NEW sai medicose","10","4","33.00","106.67","112.00","09/2027"
"2395.","NUMUCO TAB","TAB","SGY0648","3004 (2.5%+2.5%)","NEW sai medicose","10","0 + {3}","91.12","212.38","223.00","08/2027"
"2396.","NUPENTA I.V 40","INJ","C032490B","30049039 (2.5%+2.5%)","ROHIT PHARMA","1","0","13.28","50.45","52.97","11/2026"
"2397.","NUPENTA I.V 40","INJ","C032505","30049039 (2.5%+2.5%)","ROHIT PHARMA","1","0","13.28","50.45","52.97","12/2026"
"2398.","NUPENTA I.V 40","INJ","C032631","30049039 (2.5%+2.5%)","ROHIT PHARMA","1","99","13.59","51.64","54.22","05/2028"
"2399.","NUPENTA I.V 40","INJ","C032550","30049039 (2.5%+2.5%)","ROHIT PHARMA","1","0","13.51","51.31","53.88","06/2027"
"2400.","NUPENTA I.V 40","INJ","12252854A","30049039 (2.5%+2.5%)","ROHIT PHARMA","1","0","12.07","51.31","53.88","11/2027"
"2401.","NUPENTA I.V 40","INJ","C032575","30049039 (2.5%+2.5%)","ROHIT PHARMA","1","0","13.29","51.31","53.88","09/2027"
"2402.","NUPENTA I.V 40","INJ","C032580","30049039 (2.5%+2.5%)","ROHIT PHARMA","1","0","13.51","51.31","53.88","09/2027"
"2403.","NUPENTA I.V 40","INJ","C032621","30049039 (2.5%+2.5%)","ROHIT PHARMA","1","0","12.14","51.64","54.22","03/2028"
"2404.","NUPENTA I.V 40","INJ","C032630","30049039 (2.5%+2.5%)","ROHIT PHARMA","1","10","13.59","51.64","54.22","05/2028"
"2405.","NUROKID FAST STRIP","STRIPS","4B2Y022","30045039 (2.5%+2.5%)","millennium medisolutions pvt ltd.","1","10","17.26","21.57","22.65","03/2027"
"2406.","NUROKIND - G 100","TAB","L95Z001","30049099 (2.5%+2.5%)","ROHIT PHARMA","10","8","78.32","97.90","102.80","12/2027"
"2407.","NUROKIND FORTE","TAB","K8AGY007","3004 (2.5%+2.5%)","NEW sai medicose","15","1 + {6}","83.16","133.10","139.75","12/2026"
"2408.","NUROKIND GOLD CAP","CAPs","B12Z036","30049099 (2.5%+2.5%)","OM MEDICAL HALL","10","1 + {4}","66.06","98.10","103.01","07/2027"
"2409.","NUROKIND GOLD CAP","CAPs","B12Z005","30049099 (2.5%+2.5%)","GUPTA MEDICAL HALL","10","0 + {8}","78.49","98.10","103.01","06/2027"
"2410.","NUROKIND GOLD CAP","CAPs","B12Z043","30049099 (2.5%+2.5%)","millennium medisolutions pvt ltd.","10","6","78.48","98.10","103.01","08/2027"
"2411.","NUROKIND GOLD SACHET","Sachet","B5EKY077","30049099 (2.5%+2.5%)","GUPTA MEDICAL HALL","1","0","36.29","49.10","51.55","01/2027"
"2412.","NUROKIND GOLD SACHET","Sachet","B5EKY077","30049099 (2.5%+2.5%)","HEMANT MEDICAL AGENCIES","1","0","36.29","49.10","51.55","01/2027"
"2413.","NUROKIND GOLD SACHET","Sachet","B5EKY050","30049099 (2.5%+2.5%)","millennium medisolutions pvt ltd.","1","0","35.93","49.10","51.56","11/2026"
"2414.","NUROKIND GOLD SACHET","Sachet","B5EKZ046","30049099 (2.5%+2.5%)","GUPTA MEDICAL HALL","1","1","41.90","52.38","55.00","09/2027"
"2415.","NUROKIND GOLD SACHET","Sachet","B5EKY068","30049099 (2.5%+2.5%)","GUPTA MEDICAL HALL","1","0","39.28","49.10","51.55","12/2026"
"2416.","NUROKIND GOLD SACHET","Sachet","B5EKY102","30049099 (2.5%+2.5%)","GUPTA MEDICAL HALL","1","0","39.28","49.10","51.55","05/2027"
"2417.","NUROKIND GOLD SACHET","Sachet","B5EKZ022","30049099 (2.5%+2.5%)","millennium medisolutions pvt ltd.","1","1","41.90","52.38","55.00","08/2027"
"2418.","NUROKIND GOLD SACHET","Sachet","B5EKY076","30049099 (2.5%+2.5%)","millennium medisolutions pvt ltd.","1","0","35.91","49.10","51.55","01/2027"
"2419.","NUROKIND GOLD SACHET","Sachet","B5EKZ022","30049099 (2.5%+2.5%)","GUPTA MEDICAL HALL","1","14","41.90","52.38","55.00","08/2027"
"2420.","NUROKIND GOLD SACHET","Sachet","B5EKY067","30049099 (2.5%+2.5%)","millennium medisolutions pvt ltd.","1","0","39.28","49.10","51.55","12/2026"
"2421.","NUROKIND HS PREFIELD","INJ","B3EEZ015","30045090 (2.5%+2.5%)","millennium medisolutions pvt ltd.","1","12","98.19","122.73","128.87","03/2028"
"2422.","NUROKIND HS PREFIELD","INJ","B3EEY001","30045090 (2.5%+2.5%)","GUPTA MEDICAL HALL","1","0","74.40","111.60","117.18","12/2026"
"2423.","NUROKIND HS PREFIELD","INJ","B3EEY025","30045090 (2.5%+2.5%)","GUPTA MEDICAL HALL","1","0","89.28","111.60","117.18","09/2027"
"2424.","NUROKIND INJ","INJ","D31Y012","3004 (2.5%+2.5%)","NEW sai medicose","1","0","15.82","25.31","26.58","04/2027"
"2425.","NUROKIND LC","TAB","B95Y152","30049099 (2.5%+2.5%)","millennium medisolutions pvt ltd.","10","0 + {8}","166.44","227.53","238.91","11/2027"
"2426.","NUROKIND NEXT","TAB","H52Z003","30049099 (2.5%+2.5%)","ROHIT PHARMA","10","6","102.64","154.35","162.07","02/2028"
"2427.","NUROKIND PLUS INJ","INJ","L41Y042","3004 (2.5%+2.5%)","NEW sai medicose","1","0","20.58","30.86","32.40","05/2027"
"2428.","NUROKIND PLUS INJ","INJ","L41Y051","30059090 (2.5%+2.5%)","GUPTA MEDICAL HALL","1","0","24.69","30.87","32.41","07/2027"
"2429.","NUROKIND PLUS INJ","INJ","L41Y069","3004 (2.5%+2.5%)","GUPTA MEDICAL HALL","1","0","24.69","30.87","32.41","11/2027"
"2430.","NUROKIND PLUS INJ","INJ","L41Y067","3004 (2.5%+2.5%)","NEW sai medicose","1","0","20.62","30.86","32.40","11/2027"
"2431.","NUROKIND PLUS INJ","INJ","L41Z004","3004 (2.5%+2.5%)","GUPTA MEDICAL HALL","1","0","24.69","30.87","32.41","12/2027"
"2432.","NUROKIND PLUS INJ","INJ","L41Y062","3004 (2.5%+2.5%)","millennium medisolutions pvt ltd.","1","0","24.69","30.86","32.40","10/2027"
"2433.","NUROKIND PLUS RF","CAPs","D15W068","3004 (2.5%+2.5%)","NEW sai medicose","10","0","71.41","104.67","109.90","05/2026"
"2434.","NUROKIND PLUS RF","CAPs","D15Y055","3004 (2.5%+2.5%)","millennium medisolutions pvt ltd.","10","0","92.78","115.97","121.77","05/2027"
"2435.","NUROKIND PLUS RF","CAPs","D15X040","3004 (2.5%+2.5%)","NEW sai medicose","10","0","71.41","113.33","119.00","12/2026"
"2436.","NUROKIND PLUS RF","CAPs","D15Y043","30049099 (2.5%+2.5%)","HEMANT MEDICAL AGENCIES","10","0","77.93","115.97","121.77","02/2027"
"2437.","NUROKIND PLUS RF","CAPs","D15Z004","3004 (2.5%+2.5%)","millennium medisolutions pvt ltd.","10","0","92.78","115.97","121.77","06/2027"
"2438.","NUROKIND PLUS RF","CAPs","D15Z001","3004 (2.5%+2.5%)","NEW sai medicose","10","0","77.41","115.97","121.77","06/2027"
"2439.","NUROKIND PLUS RF","CAPs","D15Z005","3004 (2.5%+2.5%)","GUPTA MEDICAL HALL","10","4 + {6}","92.78","115.97","121.77","06/2027"
"2440.","NUROKIND PLUS RF","CAPs","D15Y049","3004 (2.5%+2.5%)","GUPTA MEDICAL HALL","10","0 + {6}","77.93","115.97","121.77","02/2027"
"2441.","NUROKIND PLUS RF","CAPs","D15Y040","30049099 (2.5%+2.5%)","GUPTA MEDICAL HALL","10","0","77.94","115.97","121.77","01/2027"
"2442.","NUROKIND PLUS RF","CAPs","D15Z006","3004 (2.5%+2.5%)","millennium medisolutions pvt ltd.","10","6","92.78","115.97","121.77","06/2027"
"2443.","NUROLEX TAB","TAB","EGN01AAA","30049099 (2.5%+2.5%)","gandhi medical hall","10","14","114.34","142.86","150.00","04/2027"
"2444.","NUROLEX TAB","TAB","EGN01AAA","30049099 (2.5%+2.5%)","DEEP SHREE PHARMACEUTICALS","10","5 + {6}","95.96","142.86","150.00","04/2027"
"2445.","NUROLIP OD FORTE","CAPs","G6556005","3004 (2.5%+2.5%)","PRAKASH MEDICOS","10","30","32.80","47.62","50.00","07/2027"
"2446.","NUROLKIND - G 100","TAB","L95Z003","30049099 (2.5%+2.5%)","ROHIT PHARMA","10","4","78.32","97.90","102.80","04/2028"
"2447.","NVM-LC TAB","TAB","NLC25016","30045090 (2.5%+2.5%)","GUPTA MEDICAL HALL","10","2 + {9}","118.80","176.79","185.63","02/2027"
"2448.","NVM-LC TAB","TAB","NLC26004","30045090 (2.5%+2.5%)","GUPTA MEDICAL HALL","10","11","152.38","190.47","199.99","07/2027"
"2449.","OCID 20 MG","CAPs","IB00106A","30049034 (2.5%+2.5%)","BHARAT MEDICAL HALL","15","29 + {8}","46.71","58.38","61.30","09/2027"
"2450.","OCID 20 MG","CAPs","IA01750A","30049034 (2.5%+2.5%)","SARASWATI MEDICAL AGENCY","15","3 + {13}","40.47","58.38","61.30","06/2027"
"2451.","OCID 20 MG CAP","CAPs","IA01750A","3003 (2.5%+2.5%)","BHARAT MEDICAL HALL","20","0 + {4}","45.91","57.39","60.26","06/2027"
"2452.","OCID 20 MG CAP","CAPs","IB00105A","3003 (2.5%+2.5%)","millennium medisolutions pvt ltd.","20","0 + {8}","46.70","58.38","61.30","09/2027"
"2453.","OCTAMOL SUSP . SYP . 60 ML","SYRUP","LV25HL-093","UR04 (2.5%+2.5%)","NEW sai medicose","1","0","15.53","40.18","42.19","07/2027"
"2454.","OCTRIDE 100","INJ","GTH0024A","30049049 (2.5%+2.5%)","ANAND MEDICOS","1","4","419.05","523.81","550.00","12/2028"
"2455.","OFLIC - OZ","TAB","BCT25-0198","300420 (2.5%+2.5%)","DEEP SHREE PHARMACEUTICALS","10","11 + {8}","85.74","107.14","112.50","04/2027"
"2456.","OFLOCHEM 200","TAB","SPA243131","30049066 (2.5%+2.5%)","PRAKASH PHARMA","10","98","5.55","53.33","56.00","09/2026"
"2457.","OKAMET 500 MG","TAB","O330500","3004 (2.5%+2.5%)","NEW sai medicose","20","0 + {6}","10.50","26.29","27.60","10/2026"
"2458.","OKAMET 500 MG","TAB","CPLAL25182","30049099 (2.5%+2.5%)","PRAKASH PHARMA","20","24 + {13}","9.75","24.65","25.88","06/2028"
"2459.","OKAMET 500 MG","TAB","5KG0244","3004 (2.5%+2.5%)","PRAKASH PHARMA","20","30","9.75","20.95","22.00","05/2028"
"2460.","OLADIO NASAL SPRAY","Solution","OPG596","3004 (2.5%+2.5%)","BAJAJ MEDICAL AGENCY","1","8","228.60","304.76","320.00","05/2028"
"2461.","OLEANZ 2.5 MG","TAB","GTG2615A","30049099 (2.5%+2.5%)","millennium medisolutions pvt ltd.","10","0 + {4}","40.00","50.00","52.50","07/2027"
"2462.","OLEANZ 2.5 MG","TAB","SIH0686A","30049099 (2.5%+2.5%)","SHREE GOPAL  PHARMACEUTICALS","10","4","40.00","50.00","52.50","02/2028"
"2463.","OLEANZ 5 MG","TAB","SIH0687A","30049099 (2.5%+2.5%)","millennium medisolutions pvt ltd.","10","4 + {6}","45.71","57.14","60.00","02/2029"
"2464.","OLIMELT 10 MG","TAB","K2600939","30049099 (2.5%+2.5%)","millennium medisolutions pvt ltd.","10","0","87.54","109.43","114.90","03/2029"
"2465.","OLIMELT 10 MG","TAB","K2502466","30049099 (2.5%+2.5%)","HEMANT MEDICAL AGENCIES","10","4 + {1}","79.64","99.55","104.53","09/2028"
"2466.","OLIMELT 10 MG","TAB","K2502215","30049099 (2.5%+2.5%)","HEMANT MEDICAL AGENCIES","10","0 + {9}","79.64","99.55","104.53","08/2028"
"2467.","OLIMELT 10 MG","TAB","K2400727","30049099 (2.5%+2.5%)","HEMANT MEDICAL AGENCIES","10","0","72.50","90.63","95.16","03/2027"
"2468.","OLIMELT 5 MG","TAB","K2502913","30049099 (2.5%+2.5%)","HEMANT MEDICAL AGENCIES","10","0","43.22","54.02","56.72","11/2028"
"2469.","OLIMELT 5 MG","TAB","K2600082","30049099 (2.5%+2.5%)","millennium medisolutions pvt ltd.","10","1","47.47","59.33","62.30","12/2028"
"2470.","OLIMELT 5 MG","TAB","K2502128","30049099 (2.5%+2.5%)","HEMANT MEDICAL AGENCIES","10","0","43.21","54.02","56.72","08/2028"
"2471.","OLIMELT 5 MG","TAB","K2600938","30049099 (2.5%+2.5%)","millennium medisolutions pvt ltd.","10","7 + {4}","47.47","59.33","62.30","03/2029"
"2472.","OLMARK 10 MG","TAB","N2600664","30049079 (2.5%+2.5%)","HEMANT MEDICAL AGENCIES","10","3","91.89","114.86","120.60","02/2029"
"2473.","OLMEBLU 40","TAB","ZAAH2602","3004 (2.5%+2.5%)","NEW sai medicose","15","2","74.99","93.74","98.43","02/2028"
"2474.","OLMEZEST - 20 TAB","TAB","SIH0585A","3004 (2.5%+2.5%)","SHREE GOPAL  PHARMACEUTICALS","10","2","124.95","156.19","164.00","08/2028"
"2475.","OLMIGHTY 20","TAB","M11FB26002","30049079 (2.5%+2.5%)","SHIV PHARMA TRADERS","10","12","56.08","70.10","73.61","12/2027"
"2476.","OLMIZEST - 40","TAB","SIH0355A","3004 (2.5%+2.5%)","SHREE GOPAL  PHARMACEUTICALS","10","4","211.05","263.81","277.00","07/2028"
"2477.","OLMO - 20 MG","TAB","OLA25007","3004 (2.5%+2.5%)","gandhi medical hall","10","0 + {17}","24.00","98.57","103.50","06/2027"
"2478.","OLOX OZ","TAB","STC24231","3004 (2.5%+2.5%)","gandhi medical hall","10","0","28.00","62.86","66.00","09/2026"
"2479.","OLOX OZ","TAB","STC25162","3004 (2.5%+2.5%)","NEW sai medicose","10","0","30.04","63.81","67.00","04/2027"
"2480.","OLOX OZ","TAB","STC25162","3004 (2.5%+2.5%)","GUPTA MEDICAL HALL","10","1 + {6}","29.28","49.10","51.55","04/2027"
"2481.","OMEE- DSR","CAPs","OMD25002TR","3004 (2.5%+2.5%)","gandhi medical hall","15","10","38.00","10.48","112.00","11/2027"
"2482.","OMNACORTIL 10 MG","TAB","13251794A","30043912 (2.5%+2.5%)","ROHIT PHARMA","10","0","10.24","12.19","12.80","11/2029"
"2483.","OMNACORTIL 10 MG","TAB","13251795A","30043912 (2.5%+2.5%)","millennium medisolutions pvt ltd.","10","0","10.24","12.19","12.80","11/2029"
"2484.","OMNACORTIL 10 MG","TAB","13251904A","30043912 (2.5%+2.5%)","millennium medisolutions pvt ltd.","10","0","10.24","12.19","12.80","11/2029"
"2485.","OMNACORTIL 10 MG","TAB","13251179A","30043912 (2.5%+2.5%)","NEW sai medicose","10","0","10.24","12.19","12.80","07/2029"
"2486.","OMNACORTIL 10 MG","TAB","13260717A","30043912 (2.5%+2.5%)","ROHIT PHARMA","10","10","10.31","12.27","12.88","04/2030"
"2487.","OMNACORTIL 10 MG","TAB","13260208A","30043912 (2.5%+2.5%)","ROHIT PHARMA","10","0 + {2}","10.24","12.19","12.80","01/2030"
"2488.","OMNACORTIL 10 MG","TAB","13251394A","30043912 (2.5%+2.5%)","millennium medisolutions pvt ltd.","10","0","10.54","12.19","12.80","08/2029"
"2489.","OMNACORTIL 10 MG","TAB","13260346A","30043912 (2.5%+2.5%)","ROHIT PHARMA","10","2 + {9}","10.24","12.19","12.80","02/2030"
"2490.","OMNACORTIL 10 MG","TAB","13251394A","30043912 (2.5%+2.5%)","ROHIT PHARMA","10","0","10.24","12.19","12.80","08/2029"
"2491.","OMNACORTIL 2.5 MG","TAB","13251327A","30043912 (2.5%+2.5%)","ROHIT PHARMA","10","0","7.09","9.87","10.36","08/2029"
"2492.","OMNACORTIL 2.5 MG","TAB","13251787A","30043912 (2.5%+2.5%)","ROHIT PHARMA","10","12 + {5}","8.68","10.85","11.39","11/2029"
"2493.","OMNACORTIL 20 MG","TAB","13250880A","30043912 (2.5%+2.5%)","millennium medisolutions pvt ltd.","10","0","20.49","24.39","25.61","05/2029"
"2494.","OMNACORTIL 20 MG","TAB","13251543A","30043912 (2.5%+2.5%)","ROHIT PHARMA","10","21","20.49","24.39","25.61","09/2029"
"2495.","OMNACORTIL 20 MG","TAB","13251416A","30043912 (2.5%+2.5%)","ROHIT PHARMA","10","0","20.49","24.39","25.61","08/2029"
"2496.","OMNACORTIL 20 MG","TAB","13251578A","30043912 (2.5%+2.5%)","millennium medisolutions pvt ltd.","10","0","20.49","24.39","25.61","10/2029"
"2497.","OMNACORTIL 20 MG","TAB","13251751A","30043912 (2.5%+2.5%)","millennium medisolutions pvt ltd.","10","9 + {2}","20.49","24.39","25.61","11/2029"
"2498.","OMNACORTIL 5 MG","TAB","13250962A","30043912 (2.5%+2.5%)","NEW sai medicose","10","0","5.93","6.89","7.23","05/2029"
"2499.","OMNACORTIL 5 MG","TAB","13260447A","30043912 (2.5%+2.5%)","NEW sai medicose","10","3 + {4}","5.79","6.89","7.23","02/2030"
"2500.","OMNACORTIL 5 MG","TAB","13251683A","30043912 (2.5%+2.5%)","millennium medisolutions pvt ltd.","10","0","5.79","6.89","7.23","10/2029"
"2501.","OMNACORTIL 5 MG","TAB","13260182A","30043912 (2.5%+2.5%)","millennium medisolutions pvt ltd.","10","0","5.79","6.89","7.23","01/2029"
"2502.","OMNACORTIL 5 MG","TAB","13251506A","30043912 (2.5%+2.5%)","NEW sai medicose","10","0","5.79","6.89","7.23","09/2029"
"2503.","OMNACORTIL 5 MG","TAB","13251278A","30043912 (2.5%+2.5%)","NEW sai medicose","10","0","5.93","6.89","7.23","08/2029"
"2504.","OMNACORTIL 5 MG","TAB","13251683A","30043912 (2.5%+2.5%)","NEW sai medicose","10","0","5.79","6.89","7.23","10/2029"
"2505.","OMNACORTIL 5 MG","TAB","13260447A","30043912 (2.5%+2.5%)","ROHIT PHARMA","10","10","5.79","6.89","7.23","02/2030"
"2506.","OMNACORTIL 5 MG","TAB","13251278A","30043912 (2.5%+2.5%)","millennium medisolutions pvt ltd.","10","0","2.97","6.89","7.23","08/2029"
"2507.","OMNACORTIL 5 MG","TAB","13260367A","30043912 (2.5%+2.5%)","ROHIT PHARMA","10","0 + {2}","5.79","6.89","7.23","02/2030"
"2508.","OMNACORTIL 5 MG","TAB","13251412A","30043912 (2.5%+2.5%)","ROHIT PHARMA","10","0","5.79","6.89","7.23","08/2029"
"2509.","OMNACORTIL 5 MG","TAB","13260182A","30043912 (2.5%+2.5%)","NEW sai medicose","10","0","5.79","6.89","7.23","01/2030"
"2510.","OMNACORTIL 5 MG","TAB","13260445A","30043912 (2.5%+2.5%)","ROHIT PHARMA","10","4 + {5}","5.79","6.89","7.23","02/2030"
"2511.","OMNAFOS SACHET","Sachet","AFMNF-2502","30049099 (2.5%+2.5%)","ROHIT PHARMA","1","0","275.65","375.90","394.69","12/2026"
"2512.","OMNAFOS SACHET","Sachet","AFMNF-2507","30049099 (2.5%+2.5%)","ROHIT PHARMA","1","6","300.71","375.90","394.69","07/2027"
"2513.","OMNATOX - O 200","TAB","ZJM0110","3004 (2.5%+2.5%)","NEW sai medicose","10","2","30.00","100.00","105.00","03/2028"
"2514.","OMNICEF - O 200","TAB","BPE250912","30042019 (2.5%+2.5%)","AMIT MEDICOSE","10","0 + {10}","61.72","99.50","104.47","04/2027"
"2515.","OMNICEF - O 200","TAB","BPA250265","30042019 (2.5%+2.5%)","GUPTA MEDICAL HALL","10","0","60.67","97.80","102.69","12/2026"
"2516.","OMNICEF - O 400","TAB","BDP240930","3822 (2.5%+2.5%)","AMIT MEDICOSE","10","1 + {6}","160.72","200.90","210.94","03/2026"
"2517.","OMNIKACIN 250 INJ","INJ","NPB00118","3004 (2.5%+2.5%)","gandhi medical hall","1","15","23.00","58.19","61.10","02/2027"
"2518.","OMNIKACIN 500 INJ","INJ","NPA00070","3004 (2.5%+2.5%)","gandhi medical hall","1","0","25.00","108.33","113.75","06/2026"
"2519.","OMNIKACIN 500 INJ","INJ","NPB00212","3004 (2.5%+2.5%)","gandhi medical hall","1","16","25.00","62.86","66.00","05/2027"
"2520.","OMNIKACIN 500 INJ","INJ","NPB00106","3004 (2.5%+2.5%)","HEMANT MEDICAL AGENCIES","1","0","26.00","53.33","56.00","02/2027"
"2521.","OMNIX - 100 MG","SYRUP","6EA0013","30042019 (2.5%+2.5%)","HEMANT MEDICAL AGENCIES","1","0","48.98","72.89","76.53","07/2027"
"2522.","OMNIX 50 MG","SYRUP","5EA0165","30042019 (2.5%+2.5%)","HEMANT MEDICAL AGENCIES","1","1","36.80","50.46","52.98","12/2026"
"2523.","ONDEROMET 2.5/500","TAB","UB02880","30049099 (2.5%+2.5%)","sanghi pharma","10","0","117.98","140.43","147.45","11/2027"
"2524.","ONDEROMET 2.5/500","TAB","UB02881","30049099 (2.5%+2.5%)","millennium medisolutions pvt ltd.","10","0","117.96","140.43","147.45","11/2027"
"2525.","ONETRELA 100 MG","TAB","ONT25004PH","30049099 (2.5%+2.5%)","ANAND MEDICOS","4","3","300.00","375.00","393.75","08/2027"
"2526.","OPTIBEX TEAR  DROP","DROP","OTD26009","3004 (2.5%+2.5%)","OM MEDICAL HALL","1","1","10.10","52.38","55.00","12/2027"
"2527.","ORASORE GEL","OINTMENT","ORE-949","300490 (2.5%+2.5%)","millennium medisolutions pvt ltd.","1","3","63.24","75.90","79.69","09/2027"
"2528.","ORAVENT PLUS GEL","OINTMENT","025H4003","3004 (2.5%+2.5%)","NEW sai medicose","1","0","18.00","80.95","85.00","07/2027"
"2529.","ORCERIN - GM","TAB","18254356A","30049069 (2.5%+2.5%)","ROHIT PHARMA","15","0","308.56","385.70","404.99","10/2028"
"2530.","ORCERIN - GM","TAB","18262089A","30049069 (2.5%+2.5%)","ROHIT PHARMA","15","3 + {13}","339.42","424.27","445.48","04/2029"
"2531.","ORCERIN - GM","TAB","18260531A","30049069 (2.5%+2.5%)","ROHIT PHARMA","15","0","339.42","424.27","445.48","01/2029"
"2532.","ORCERIN - GM","TAB","18254195A","30049069 (2.5%+2.5%)","ROHIT PHARMA","15","0","308.56","385.70","404.99","09/2028"
"2533.","ORCERIN - GM","TAB","18255237A","30049069 (2.5%+2.5%)","ROHIT PHARMA","15","0","308.56","385.70","404.99","11/2028"
"2534.","ORCERIN - GM","TAB","18260736A","30049069 (2.5%+2.5%)","ROHIT PHARMA","15","0 + {6}","339.42","424.27","445.48","01/2029"
"2535.","ORECURE E/D","DROP","24NI134A","3004 (2.5%+2.5%)","NEW sai medicose","1","0","67.50","85.71","90.00","08/2026"
"2536.","ORECURE E/D","DROP","4621","3004 (2.5%+2.5%)","NEW sai medicose","1","0","67.50","85.71","90.00","11/2026"
"2537.","OROFER - XT","TAB","E16GL25116","30045020 (2.5%+2.5%)","millennium medisolutions pvt ltd.","15","0","242.14","302.68","317.81","04/2027"
"2538.","OROFER - XT","TAB","E16GL25249","30045020 (2.5%+2.5%)","millennium medisolutions pvt ltd.","15","0 + {4}","266.10","332.62","349.25","10/2027"
"2539.","OROFER FCM INJ","INJ","ELF8BB4006","30066010 (2.5%+2.5%)","millennium medisolutions pvt ltd.","1","0","2,714.00","3,392.38","3,562.00","11/2027"
"2540.","OROFER FCM INJ","INJ","EM260198","30066010 (2.5%+2.5%)","millennium medisolutions pvt ltd.","1","1","1,357.15","1,904.76","2,000.00","03/2029"
"2541.","OROFER FCM INJ","INJ","EM250709","30066010 (2.5%+2.5%)","millennium medisolutions pvt ltd.","1","0","1,357.15","3,392.38","3,562.00","08/2028"
"2542.","OROFER FCM INJ","INJ","ELF8BB4005","30066010 (2.5%+2.5%)","millennium medisolutions pvt ltd.","1","0","1,357.15","3,392.86","3,562.50","09/2027"
"2543.","OROGARD M. WASH","Solution","NOB25020ED","3004 (2.5%+2.5%)","NEW sai medicose","1","2","34.50","83.81","88.00","07/2027"
"2544.","OROGARD MOUTH PAINT","Solution","OMP25013NP","3004 (2.5%+2.5%)","NEW sai medicose","1","1","22.54","63.81","67.00","03/2028"
"2545.","OROGARD MOUTH TAB","TAB","RFLT25007","3004 (2.5%+2.5%)","NEW sai medicose","10","0","12.08","53.33","56.00","07/2027"
"2546.","OROGARD MOUTH TAB","TAB","RFLT25013","3004 (2.5%+2.5%)","NEW sai medicose","10","2 + {4}","12.94","62.48","65.60","11/2027"
"2547.","ORPENEM ER 300","TAB","ATFS2-2508","30041090 (2.5%+2.5%)","ROHIT PHARMA","10","5","748.32","1,217.86","1,278.75","08/2027"
"2548.","ORS LIQUID 100 ML","General","INN6012","3004 (2.5%+2.5%)","NEW sai medicose","1","12","14.12","29.15","30.61","06/2027"
"2549.","ORS LIQUID 100 ML","General","MAD0132","3004 (2.5%+2.5%)","NEW sai medicose","1","0","13.00","29.14","30.60","08/2027"
"2550.","ORS LIQUID 100 ML","General","GVD0114","3004 (2.5%+2.5%)","NEW sai medicose","1","30","13.50","31.43","33.00","10/2027"
"2551.","ORTHOPEDIC CAST 4 INCH","PSC","123654","3005 (2.5%+2.5%)","a and a hygien and surgical cre","1","6","200.00","422.86","444.00","10/2030"
"2552.","ORTHOPEDIC CAST 5 INCH","PSC","123564","30059040 (2.5%+2.5%)","a and a hygien and surgical cre","1","3","210.00","422.86","444.00","10/2030"
"2553.","OSIL CREAM","OINTMENT","GO090310","30045090 (2.5%+2.5%)","millennium medisolutions pvt ltd.","1","0","114.75","143.44","150.61","12/2027"
"2554.","OSIL CREAM","OINTMENT","GO090306","30045090 (2.5%+2.5%)","millennium medisolutions pvt ltd.","1","1","114.75","143.44","150.61","11/2027"
"2555.","OSIL CREAM","OINTMENT","YO7A25038","30045090 (2.5%+2.5%)","millennium medisolutions pvt ltd.","1","0","114.75","143.44","150.61","08/2027"
"2556.","OSTOCALCIUM B12 SYP","SYRUP","NB25064","30045090 (2.5%+2.5%)","millennium medisolutions pvt ltd.","1","0","165.11","198.42","208.34","05/2027"
"2557.","OSTOCALCIUM B12 SYP","SYRUP","NB26012","30045090 (2.5%+2.5%)","millennium medisolutions pvt ltd.","1","2","165.11","198.13","208.04","08/2027"
"2558.","OTIMAC - AC 2%","DROP","OFLE03","30049099 (2.5%+2.5%)","millennium medisolutions pvt ltd.","1","3","76.03","95.04","99.79","10/2027"
"2559.","OTRIVIN FAST RELIFE 10 ML","DROP","PX25073","30049099 (2.5%+2.5%)","millennium medisolutions pvt ltd.","1","0","95.86","115.04","120.79","09/2028"
"2560.","OTRIVIN FAST RELIFE 10 ML","DROP","VX25071","30049099 (2.5%+2.5%)","millennium medisolutions pvt ltd.","1","0","95.86","115.04","120.79","08/2028"
"2561.","OTRIVIN FAST RELIFE 10 ML","DROP","PX25100","30049099 (2.5%+2.5%)","millennium medisolutions pvt ltd.","1","0","95.87","115.04","120.79","10/2028"
"2562.","OTRIVIN FAST RELIFE 10 ML","DROP","PX25088","30049099 (2.5%+2.5%)","millennium medisolutions pvt ltd.","1","0","98.10","115.04","120.79","09/2028"
"2563.","OTRIVIN REDIA NASAL SPARY","SUSP","PJ25019","30049039 (2.5%+2.5%)","millennium medisolutions pvt ltd.","1","0","66.22","79.47","83.44","09/2027"
"2564.","OTRIVIN REDIA NASAL SPARY","SUSP","PP25052","30049039 (2.5%+2.5%)","millennium medisolutions pvt ltd.","1","2","35.50","42.60","44.73","11/2028"
"2565.","OXEREL SYP","SYRUP","L25L117A","30049099 (2.5%+2.5%)","GUPTA MEDICAL HALL","1","0","121.90","152.38","160.00","11/2027"
"2566.","OXEREL SYP","SYRUP","L26F080A","30049099 (2.5%+2.5%)","GUPTA MEDICAL HALL","1","11","121.90","152.38","160.00","05/2028"
"2567.","OXYSET  ADULT","MASK","G25G040045","9019 (2.5%+2.5%)","a and a hygien and surgical cre","1","0","35.00","73.33","77.00","06/2030"
"2568.","OXYSET  ADULT","MASK","G25K04020","9019 (2.5%+2.5%)","nath medicose","1","0","22.70","106.67","112.00","10/2030"
"2569.","OXYSET  ADULT","MASK","S26C040340","9019 (2.5%+2.5%)","nath medicose","1","0","23.10","106.67","112.00","02/2031"
"2570.","OXYSET  ADULT","MASK","G26B040312","9019 (2.5%+2.5%)","nath medicose","1","18","23.10","106.67","112.00","01/2031"
"2571.","OXYSET  CHILD","MASK","25897G25","9019 (2.5%+2.5%)","a and a hygien and surgical cre","1","3","35.00","73.33","77.00","10/2030"
"2572.","P-PPI INJ","INJ","ZJN2558","33049990 (2.5%+2.5%)","SHREE GOPAL  PHARMACEUTICALS","1","0","13.50","51.23","53.79","10/2027"
"2573.","P-PPI INJ","INJ","ZJN2514","33049990 (2.5%+2.5%)","GUPTA MEDICAL HALL","1","0","13.50","50.36","52.88","02/2027"
"2574.","P-PPI INJ","INJ","ZJN2533","33049990 (2.5%+2.5%)","NEW sai medicose","1","0","13.50","54.65","57.38","05/2027"
"2575.","P-PPI INJ","INJ","ZJN2605","33049990 (2.5%+2.5%)","NEW sai medicose","1","8","13.50","51.23","53.79","01/2028"
"2576.","P-PPI INJ","INJ","ZJN2549","33049990 (2.5%+2.5%)","NEW sai medicose","1","0","13.50","51.23","53.79","08/2027"
"2577.","P.T.U. TAB","TAB","17251030A","30049099 (2.5%+2.5%)","millennium medisolutions pvt ltd.","100","1","683.57","854.46","897.18","10/2029"
"2578.","PAINBYE RED GEL","GEL","5515","3004 (2.5%+2.5%)","SHREE GOPAL  PHARMACEUTICALS","1","0","16.40","81.90","86.00","11/2027"
"2579.","PAINBYE RELIFE GEL","OINTMENT","6003","3004 (2.5%+2.5%)","SHREE GOPAL  PHARMACEUTICALS","1","0","13.80","73.33","77.00","12/2027"
"2580.","PAN - 20 MG TAB","TAB","25444198","30049039 (2.5%+2.5%)","millennium medisolutions pvt ltd.","15","1 + {2}","98.55","123.19","129.35","04/2028"
"2581.","PAN - 20 MG TAB","TAB","24440819","30049039 (2.5%+2.5%)","millennium medisolutions pvt ltd.","15","0 + {1}","82.14","109.52","115.00","08/2026"
"2582.","PANSEC I.V","INJ","NPA00272","300490 (2.5%+2.5%)","gandhi medical hall","1","3","15.04","53.81","56.50","11/2026"
"2583.","PANTAGON INJ","INJ","AQM0044","3004 (2.5%+2.5%)","NEW sai medicose","1","1","12.50","51.32","53.89","03/2028"
"2584.","PANTANOVA -40 INJ","INJ","25GG141","30049099 (2.5%+2.5%)","GOEL MEDICOS","1","7","9.50","51.31","53.88","06/2027"
"2585.","PANTANOVA -40 INJ","INJ","25GG14I","30049099 (2.5%+2.5%)","GOEL MEDICOS","1","0","9.50","51.31","53.88","06/2027"
"2586.","PANTIN IV INJ","INJ","D25JR121","3004 (2.5%+2.5%)","S.P . MEDICAL AGENCIES","1","0","11.91","51.14","53.70","10/2027"
"2587.","PANTOCID 20","TAB","GTG2643A","30049039 (2.5%+2.5%)","millennium medisolutions pvt ltd.","15","0 + {2}","98.58","123.22","129.38","01/2028"
"2588.","PANTOCID 20","TAB","SIG1012C","3004 (2.5%+2.5%)","SHREE GOPAL  PHARMACEUTICALS","15","0 + {4}","98.58","123.14","129.38","10/2027"
"2589.","PANTOCID 20","TAB","GTG3914A","3004 (2.5%+2.5%)","millennium medisolutions pvt ltd.","15","4 + {5}","98.58","123.22","129.38","02/2029"
"2590.","PANTOCID 80 MG","TAB","GKG2050A","30049039 (2.5%+2.5%)","millennium medisolutions pvt ltd.","15","0","257.86","322.32","338.44","11/2027"
"2591.","PANTOCID 80 MG","TAB","GKH0530A","30049039 (2.5%+2.5%)","millennium medisolutions pvt ltd.","15","3","257.86","322.32","338.44","02/2028"
"2592.","PANTOCID 80 MG","TAB","GKG0941A","30049039 (2.5%+2.5%)","ANAND MEDICOS","15","0","235.51","293.75","308.44","04/2027"
"2593.","PANTOCID 80 MG","TAB","GKH0458A","30049039 (2.5%+2.5%)","millennium medisolutions pvt ltd.","15","1","257.86","322.32","338.44","02/2028"
"2594.","PANTOCID 80 MG","TAB","GKG1753A","30049039 (2.5%+2.5%)","millennium medisolutions pvt ltd.","15","0 + {5}","257.86","322.32","338.44","09/2027"
"2595.","PANTOLEV - D CAP","CAPs","CHC-26002","300490 (2.5%+2.5%)","CAMBIOR PHARMACEUTICALS","10","7 + {7}","11.00","85.71","90.00","01/2028"
"2596.","PANTOLEV - D CAP","CAPs","CHC-25025","300490 (2.5%+2.5%)","CAMBIOR PHARMACEUTICALS","10","0 + {1}","65.38","118.10","124.00","09/2027"
"2597.","PANTOSEC - D","TAB","AMQ23ACA","3004 (2.5%+2.5%)","PRAKASH PHARMA","10","64 + {11}","20.90","57.14","60.00","02/2027"
"2598.","PANTOSEC TAB","TAB","PNS260204","30049039 (2.5%+2.5%)","NEW sai medicose","10","3 + {8}","20.00","42.86","45.00","01/2028"
"2599.","PANTOSEC TAB","TAB","AMQ02CSA","30049039 (2.5%+2.5%)","millennium medisolutions pvt ltd.","10","0","20.67","53.33","56.00","07/2027"
"2600.","PANZOMIC 40","TAB","250321","30049099 (2.5%+2.5%)","PRAKASH MEDICOS","10","98","6.10","41.90","44.00","06/2027"
"2601.","PANZOMIC 40","TAB","250321","30049099 (2.5%+2.5%)","PRAKASH PHARMA","10","1 + {2}","5.80","53.33","56.00","06/2027"
"2602.","PANZOMIC D","TAB","250320","30049099 (2.5%+2.5%)","PRAKASH MEDICOS","10","7 + {8}","6.60","53.33","56.00","06/2027"
"2603.","PANZOMIC D","TAB","250320","30049099 (2.5%+2.5%)","PRAKASH PHARMA","10","119","6.55","53.33","56.00","06/2027"
"2604.","PAPER TAPE - 3","General","MST40","3005 (2.5%+2.5%)","nath medicose","1","8","32.50","73.33","77.00","06/2028"
"2605.","PAPER TAPE - 3","General","26EHC-03D","3005 (2.5%+2.5%)","nath medicose","1","8","25.00","66.67","70.00","02/2029"
"2606.","PAPER TAPE - 3","General","PT-148","3005 (2.5%+2.5%)","nath medicose","1","18","25.00","62.86","66.00","10/2030"
"2607.","PARABOOST SYP 250","SYRUP","26860392","3004 (2.5%+2.5%)","NEW sai medicose","1","2","16.54","40.80","42.84","01/2028"
"2608.","PARACIP 500","TAB","CH50281","30049069 (2.5%+2.5%)","PRAKASH PHARMA","10","13 + {8}","4.86","11.43","12.00","07/2028"
"2609.","PARACIP I.V","INJ","AC545528","3004 (2.5%+2.5%)","gandhi medical hall","1","0","30.00","106.67","112.00","10/2027"
"2610.","PARACIP I.V","INJ","BFY24ABA","3004 (2.5%+2.5%)","gandhi medical hall","1","0","30.00","106.67","112.00","09/2027"
"2611.","PARACIP I.V","INJ","BFY04ABB","300490 (2.5%+2.5%)","gandhi medical hall","1","29","30.00","106.67","112.00","03/2028"
"2612.","PARACIP I.V","INJ","AFR24103","300490 (2.5%+2.5%)","gandhi medical hall","1","0","30.12","169.52","178.00","10/2026"
"2613.","PARACIP I.V","INJ","BFY01ABB","300490 (2.5%+2.5%)","GUPTA MEDICAL HALL","1","35","30.00","106.67","112.00","03/2028"
"2614.","PARAMET M","TAB","PTR015F","30049099 (2.5%+2.5%)","millennium medisolutions pvt ltd.","10","0","29.43","39.05","41.00","06/2028"
"2615.","PARAMET M","TAB","PTR018E","30049099 (2.5%+2.5%)","millennium medisolutions pvt ltd.","10","8 + {6}","26.78","33.49","35.16","09/2027"
"2616.","PARAMET M","TAB","PTR014E","30049099 (2.5%+2.5%)","millennium medisolutions pvt ltd.","10","0","26.78","33.49","35.16","07/2027"
"2617.","PARAMET M","TAB","PTR01BE","30049099 (2.5%+2.5%)","millennium medisolutions pvt ltd.","10","0","26.78","33.49","35.16","09/2027"
"2618.","PARAMET M","TAB","PTR001G","30049099 (2.5%+2.5%)","millennium medisolutions pvt ltd.","10","7","29.43","36.79","38.63","12/2028"
"2619.","PARANORM","TAB","4C11335","3004 (2.5%+2.5%)","NEW sai medicose","10","0","7.50","20.90","21.95","10/2026"
"2620.","PARIMIST - 500","TAB","TWH-252804","300490 (2.5%+2.5%)","PRAKASH PHARMA","10","250","3.10","9.00","9.45","10/2028"
"2621.","PARKIDIN","TAB","GTH0737A","30049099 (2.5%+2.5%)","millennium medisolutions pvt ltd.","10","0","137.14","171.43","180.00","02/2028"
"2622.","PARKIDIN","TAB","GTG0900A","30049099 (2.5%+2.5%)","millennium medisolutions pvt ltd.","10","0","125.51","156.25","164.06","07/2027"
"2623.","PARKIDINE","TAB","GTH0737A","30049099 (2.5%+2.5%)","PRAKASH MEDICOS","10","0","137.14","171.43","180.00","02/2028"
"2624.","PARKITIDIN","TAB","GTH14178","30049099 (2.5%+2.5%)","millennium medisolutions pvt ltd.","10","3","137.00","171.43","180.00","03/2028"
"2625.","PARKITIDIN","TAB","GTH1418A","30049099 (2.5%+2.5%)","millennium medisolutions pvt ltd.","10","4","137.14","171.43","180.00","04/2028"
"2626.","PARKITIDIN","TAB","GTH0737A","30049099 (2.5%+2.5%)","SHIV PHARMA TRADERS","10","3","137.14","171.43","180.00","02/2028"
"2627.","PAROGEN CR PLUS 12.5","TAB","GENT11528C","3004 (2.5%+2.5%)","THE MOLEKULE DISTRIBUTORS","10","3 + {6}","89.97","156.19","164.00","08/2027"
"2628.","PAXIDEP CR. 12.5","TAB","GKG2067A","30049099 (2.5%+2.5%)","millennium medisolutions pvt ltd.","10","5","153.57","191.96","201.56","10/2028"
"2629.","PEDIA DRIP PLUS","General","G25L020001","9018 (2.5%+2.5%)","nath medicose","1","10","48.57","106.67","112.00","11/2030"
"2630.","PEN NEEDLE DISPOVAN","Needle","612K","3004 (2.5%+2.5%)","nath medicose","1","45","4.76","10.48","11.00","02/2031"
"2631.","PEN NEEDLE DISPOVAN","Needle","604C","3004 (2.5%+2.5%)","a and a hygien and surgical cre","1","30","4.50","10.48","11.00","12/2030"
"2632.","PENCLAV 1.2 INJ","INJ","DA00128A","30041090 (2.5%+2.5%)","GUPTA MEDICAL HALL","1","4","50.00","160.00","168.00","07/2027"
"2633.","PENCLAV 1.2 INJ","INJ","DB00006B","30041090 (2.5%+2.5%)","GUPTA MEDICAL HALL","1","0","50.00","144.10","151.31","01/2028"
"2634.","PERINORM INJ 2 ML","INJ","G2525071","30049035 (2.5%+2.5%)","OM MEDICAL HALL","1","10","4.35","5.44","5.71","10/2028"
"2635.","PERINORM INJ 2 ML","INJ","GE2525047D","30049035 (2.5%+2.5%)","millennium medisolutions pvt ltd.","1","3","4.34","5.43","5.70","08/2028"
"2636.","PETRIL 0.25 MG","TAB","PEDS0171","30049079 (2.5%+2.5%)","millennium medisolutions pvt ltd.","15","0 + {9}","24.69","30.86","32.40","07/2028"
"2637.","PETRIL 0.25 MG","TAB","PEBS0168","30049079 (2.5%+2.5%)","millennium medisolutions pvt ltd.","15","0 + {11}","24.69","30.86","32.40","04/2028"
"2638.","PETRIL 0.5 MG","TAB","PEAS0038","30049079 (2.5%+2.5%)","millennium medisolutions pvt ltd.","15","0","42.06","52.57","55.20","06/2028"
"2639.","PETRIL 1 MG","TAB","PTOY0028","30042064 (2.5%+2.5%)","millennium medisolutions pvt ltd.","15","7 + {2}","57.22","71.52","75.10","03/2028"
"2640.","PETRIL MD 0.25","TAB","PEBS0173","30049079 (2.5%+2.5%)","millennium medisolutions pvt ltd.","15","0","24.69","30.86","32.40","08/2028"
"2641.","PETRIL MD 0.25","TAB","PEBS0176","30049079 (2.5%+2.5%)","millennium medisolutions pvt ltd.","15","-1 + {15}","24.69","30.86","32.40","11/2028"
"2642.","PETRIL MD 0.25","TAB","PEBS0180","30049079 (2.5%+2.5%)","millennium medisolutions pvt ltd.","15","7 + {14}","24.69","30.86","32.40","02/2029"
"2643.","PETRIL MD 0.5 MG","TAB","PECS0140","30049079 (2.5%+2.5%)","millennium medisolutions pvt ltd.","15","0","42.06","52.57","55.20","11/2028"
"2644.","PETRIL MD 0.5 MG","TAB","30049079","30049079 (2.5%+2.5%)","millennium medisolutions pvt ltd.","15","0","42.06","52.57","55.20","09/2028"
"2645.","PETRIL MD 0.5 MG","TAB","PECS0143","30049079 (2.5%+2.5%)","HEMANT MEDICAL AGENCIES","15","10","42.06","52.57","55.20","02/2029"
"2646.","PETRIL MD 0.5 MG","TAB","PECS0135","30049079 (2.5%+2.5%)","millennium medisolutions pvt ltd.","15","0","42.06","52.57","55.20","07/2028"
"2647.","PETRIL MD 0.5 MG","TAB","PECS0136","30049079 (2.5%+2.5%)","millennium medisolutions pvt ltd.","15","0","42.06","52.57","55.20","07/2028"
"2648.","PETRIL MD 0.5 MG","TAB","PECS0137","30049079 (2.5%+2.5%)","millennium medisolutions pvt ltd.","15","0","42.06","52.57","55.20","09/2028"
"2649.","PETRIL MD 0.5 MG","TAB","PECS0143","30049079 (2.5%+2.5%)","millennium medisolutions pvt ltd.","15","2 + {1}","42.06","52.57","55.20","02/2029"
"2650.","PETRIL MD 0.5 MG","TAB","PECS0134","30049079 (2.5%+2.5%)","millennium medisolutions pvt ltd.","15","0","42.06","52.57","55.20","07/2028"
"2651.","PEXEP CR 12.5","TAB","K2600334","30049099 (2.5%+2.5%)","millennium medisolutions pvt ltd.","15","0 + {8}","283.73","354.67","372.40","01/2029"
"2652.","PEXEP CR 12.5","TAB","K2502631","30049099 (2.5%+2.5%)","HEMANT MEDICAL AGENCIES","15","0","258.00","322.50","338.63","10/2028"
"2653.","PEXEP CR 12.5","TAB","K2600855","30049099 (2.5%+2.5%)","PNACO PHARMA PVT.LTD","15","11","259.99","354.67","372.40","03/2029"
"2654.","PEXEP CR 12.5","TAB","K2501862","30049099 (2.5%+2.5%)","millennium medisolutions pvt ltd.","15","0","258.00","322.50","338.63","07/2028"
"2655.","PEXEP CR 12.5","TAB","K2600855","30049099 (2.5%+2.5%)","HEMANT MEDICAL AGENCIES","15","0","283.73","354.67","372.40","03/2029"
"2656.","PEXEP CR 12.5","TAB","K2502630","30049099 (2.5%+2.5%)","HEMANT MEDICAL AGENCIES","15","0","258.00","322.50","338.63","10/2028"
"2657.","PEXEP CR 12.5","TAB","K2502630","30049099 (2.5%+2.5%)","millennium medisolutions pvt ltd.","15","0","258.00","322.50","338.63","10/2028"
"2658.","PEXEP CR 12.5","TAB","K2600596","30049099 (2.5%+2.5%)","HEMANT MEDICAL AGENCIES","15","0","283.73","354.67","372.40","02/2029"
"2659.","PEXEP CR 12.5","TAB","K2600596","30049099 (2.5%+2.5%)","millennium medisolutions pvt ltd.","15","0","283.73","354.67","372.40","02/2029"
"2660.","PEXEP CR 25 MG","TAB","K2600856","30049099 (2.5%+2.5%)","HEMANT MEDICAL AGENCIES","15","1","375.00","468.75","492.19","03/2029"
"2661.","PEXEP CR 25 MG","TAB","K2502391","30049099 (2.5%+2.5%)","millennium medisolutions pvt ltd.","15","1","375.75","468.75","492.19","09/2028"
"2662.","PEXEP CR 25 MG","TAB","K2502391","30049099 (2.5%+2.5%)","HEMANT MEDICAL AGENCIES","15","1","375.00","468.75","492.19","09/2028"
"2663.","PEXEP PLUS 12.5","TAB","K2501854","30049082 (2.5%+2.5%)","millennium medisolutions pvt ltd.","15","0","223.93","298.10","313.00","07/2027"
"2664.","PEXEP PLUS 12.5","TAB","K2502882","30049082 (2.5%+2.5%)","millennium medisolutions pvt ltd.","15","0 + {1}","223.96","279.91","293.91","11/2027"
"2665.","PEXEP PLUS 12.5","TAB","K2502882","30049082 (2.5%+2.5%)","HEMANT MEDICAL AGENCIES","15","0","223.93","279.91","293.91","11/2027"
"2666.","PEXEP PLUS 12.5","TAB","K2501855","30049082 (2.5%+2.5%)","millennium medisolutions pvt ltd.","15","0","223.93","279.91","293.91","07/2027"
"2667.","PEXEP PLUS 12.5","TAB","K2600599","30049082 (2.5%+2.5%)","PNACO PHARMA PVT.LTD","15","37 + {1}","223.93","279.91","293.91","02/2028"
"2668.","PEXEP PLUS 12.5","TAB","K2502882","30049082 (2.5%+2.5%)","PNACO PHARMA PVT.LTD","15","0 + {11}","223.93","279.91","293.91","11/2027"
"2669.","PEXEP PLUS 12.5","TAB","K2501854","30049082 (2.5%+2.5%)","HEMANT MEDICAL AGENCIES","15","0","223.93","279.91","293.91","07/2027"
"2670.","PEXEP PLUS 25 MG","TAB","K2501368","30049081 (2.5%+2.5%)","millennium medisolutions pvt ltd.","15","0","250.71","313.39","329.06","05/2027"
"2671.","PEXEP PLUS 25 MG","TAB","K2502885","30049081 (2.5%+2.5%)","millennium medisolutions pvt ltd.","15","0 + {2}","250.71","313.39","329.06","11/2027"
"2672.","PEXEP PLUS 25 MG","TAB","K2401388","30049081 (2.5%+2.5%)","HEMANT MEDICAL AGENCIES","15","0","250.71","313.39","329.06","06/2026"
"2673.","PHENERGAN  INJ","INJ","AHL0024","30049031 (2.5%+2.5%)","millennium medisolutions pvt ltd.","1","16","11.58","14.48","15.20","02/2028"
"2674.","PHENERGAN  INJ","INJ","AHL0122","30049031 (2.5%+2.5%)","millennium medisolutions pvt ltd.","1","0","12.74","15.92","16.72","07/2028"
"2675.","PHOSPHATE ENEMA","Solution","S2858","30049099 (2.5%+2.5%)","a and a hygien and surgical cre","1","0","12.00","32.38","34.00","02/2027"
"2676.","PHOSPHATE ENEMA","Solution","125478SS","30049099 (2.5%+2.5%)","a and a hygien and surgical cre","1","16","11.00","31.43","33.00","10/2028"
"2677.","PHYLOBRON - XT","SYRUP","L1636003","3004 (2.5%+2.5%)","NEW sai medicose","1","2","40.80","119.05","125.00","06/2027"
"2678.","PHYLOBRON - XT","SYRUP","L1635006","3004 (2.5%+2.5%)","NEW sai medicose","1","0","38.64","119.05","125.00","03/2027"
"2679.","PHYLOBRON 200 MG","TAB","IF975001","3004 (2.5%+2.5%)","NEW sai medicose","10","0 + {5}","29.40","84.76","89.00","05/2027"
"2680.","PICOLEX SYP","SYRUP","EFLH25046","3004 (2.5%+2.5%)","NEW sai medicose","1","4","26.69","42.86","45.00","08/2027"
"2681.","PIMAVANTREL CAP","CAPs","ATS04BCA","30049099 (2.5%+2.5%)","millennium medisolutions pvt ltd.","10","0","128.75","160.71","168.75","07/2027"
"2682.","PIRANULIN","TAB","FHC0293","30049099 (2.5%+2.5%)","millennium medisolutions pvt ltd.","10","0","514.29","642.86","675.00","02/2027"
"2683.","PIRANULIN","TAB","FHD0157","30049099 (2.5%+2.5%)","millennium medisolutions pvt ltd.","10","0 + {6}","564.57","705.71","741.00","01/2028"
"2684.","PIRANULIN","TAB","FHD0236","30049099 (2.5%+2.5%)","millennium medisolutions pvt ltd.","10","2","564.57","705.71","741.00","03/2028"
"2685.","PIROX - DT","TAB","4N40488","3004 (2.5%+2.5%)","NEW sai medicose","10","0","7.97","33.33","35.00","09/2027"
"2686.","PLACENTRAX - CREAM","General","26H007","30045090 (2.5%+2.5%)","millennium medisolutions pvt ltd.","1","5","131.43","164.29","172.50","02/2028"
"2687.","PLACENTRAX - CREAM","General","26D039","30045090 (2.5%+2.5%)","millennium medisolutions pvt ltd.","1","0","144.44","180.55","189.58","01/2028"
"2688.","PLACENTRAX - CREAM","General","25H020","30045090 (2.5%+2.5%)","ADITI PHARMA","1","0","131.43","164.29","172.50","04/2027"
"2689.","PLACENTRAX - CREAM","General","26D027","30045090 (2.5%+2.5%)","millennium medisolutions pvt ltd.","1","3","144.44","180.55","189.58","01/2028"
"2690.","PLATAGROW CAP","CAPs","ET01221","3004 (2.5%+2.5%)","gandhi medical hall","10","11 + {2}","160.00","333.33","350.00","05/2029"
"2691.","PLATIGEN CAP","CAPs","PLC25001","3004 (2.5%+2.5%)","SHREE GOPAL  PHARMACEUTICALS","10","0","72.00","261.90","275.00","05/2027"
"2692.","PLATIMAX TAB","TAB","PXT25016","21069099 (2.5%+2.5%)","millennium medisolutions pvt ltd.","15","0","347.53","434.41","456.13","01/2027"
"2693.","PLATIMAX TAB","TAB","PXT25008","21069099 (2.5%+2.5%)","millennium medisolutions pvt ltd.","15","0","347.53","434.41","456.13","11/2026"
"2694.","PLATIMAX TAB","TAB","PXT25019","21069099 (2.5%+2.5%)","millennium medisolutions pvt ltd.","15","0","347.53","434.41","456.13","02/2027"
"2695.","PMO LINE 200 CM","Tube","G251010858","9018 (2.5%+2.5%)","nath medicose","1","0","24.90","84.76","89.00","08/2030"
"2696.","PMO LINE 200 CM","Tube","G25K010497","9018 (2.5%+2.5%)","nath medicose","1","0","24.90","106.67","112.00","10/2030"
"2697.","PMO LINE 200 CM","Tube","G220410562","9018 (2.5%+2.5%)","a and a hygien and surgical cre","1","23","25.00","106.67","112.00","10/2027"
"2698.","PODOCIP 200","TAB","CPC25065","3004 (2.5%+2.5%)","gandhi medical hall","10","0","80.00","158.10","166.00","03/2027"
"2699.","PODOCIP 200","TAB","CPC25084","3004 (2.5%+2.5%)","gandhi medical hall","10","2 + {7}","80.00","133.33","140.00","11/2027"
"2700.","PODOCIP CV","TAB","GLT25118","300490 (2.5%+2.5%)","gandhi medical hall","10","11 + {29}","115.00","209.52","220.00","01/2027"
"2701.","PODOCIP CV","TAB","GET25118","300490 (2.5%+2.5%)","gandhi medical hall","10","0","80.00","167.62","176.00","01/2027"
"2702.","PODOCIP CV","TAB","PDP260302","300490 (2.5%+2.5%)","gandhi medical hall","10","20","135.00","209.52","220.00","08/2027"
"2703.","PODOCIP CV","TAB","GLT25100","300490 (2.5%+2.5%)","NEW sai medicose","10","0","116.67","190.48","200.00","10/2026"
"2704.","PODOCIP CV","TAB","PDP241207","300490 (2.5%+2.5%)","gandhi medical hall","10","0","115.30","190.48","200.00","05/2026"
"2705.","POLMAFORCE- 2 CAP","CAPs","A0PJY007","30049069 (2.5%+2.5%)","HEMANT MEDICAL AGENCIES","10","6","79.13","107.05","112.40","10/2027"
"2706.","POLMAFORCE- 2 CAP","CAPs","A0PJY006","30049069 (2.5%+2.5%)","GUPTA MEDICAL HALL","10","3","79.13","107.05","112.40","09/2027"
"2707.","POLYCLAV 625","TAB","17250886A","30041090 (2.5%+2.5%)","ROHIT PHARMA","10","4 + {3}","105.82","171.79","180.38","08/2027"
"2708.","POP CAST 4 INCH","PSC","270","3005 (2.5%+2.5%)","a and a hygien and surgical cre","1","7","32.00","73.33","77.00","08/2027"
"2709.","POP CAST 6 INCH","PSC","3227","3005 (2.5%+2.5%)","a and a hygien and surgical cre","1","6","40.00","84.76","89.00","08/2027"
"2710.","POTAMIN INJ","INJ","BQ-283","3004 (2.5%+2.5%)","SHREE GOPAL  PHARMACEUTICALS","1","10","4.50","25.92","27.22","05/2027"
"2711.","POTAVAC- SYP","SYRUP","PTV-023","3004 (2.5%+2.5%)","SHREE GOPAL  PHARMACEUTICALS","1","4","34.00","60.00","63.00","12/2027"
"2712.","POTCL INJ 10 ML","INJ","KP1307710","30045090 (2.5%+2.5%)","SAI BABA SURGICAL","1","2","11.50","24.25","25.46","11/2027"
"2713.","POTCL INJ 10 ML","INJ","1307034","30045090 (2.5%+2.5%)","SAI BABA SURGICAL","1","0","11.50","24.25","25.46","06/2027"
"2714.","POTKLOR 200 ML","SYRUP","LPR-1810","30049099 (2.5%+2.5%)","millennium medisolutions pvt ltd.","1","0","51.28","61.05","64.10","02/2028"
"2715.","POTRON MB6","SYRUP","18254911A","30045090 (2.5%+2.5%)","ROHIT PHARMA","1","0","147.22","219.64","230.62","05/2027"
"2716.","POVIKEM SOLUTION","Solution","PKL25018NP","3004 (2.5%+2.5%)","NEW sai medicose","1","1","111.64","200.19","210.20","11/2027"
"2717.","POWERDEW EYE DROP","DROP","CME092501","3004 (2.5%+2.5%)","NEW sai medicose","1","1","13.20","53.33","56.00","08/2027"
"2718.","POWERFLAM MR","TAB","PMT25077PK","30049069 (2.5%+2.5%)","PRAKASH PHARMA","10","481","12.70","53.33","56.00","08/2027"
"2719.","PP WOW","CAPs","NC2849","3004 (2.5%+2.5%)","SKL PHARMA","10","7 + {8}","71.25","89.29","93.75","11/2027"
"2720.","PRAMIPEX 0.125","TAB","SIG1700A","30049099 (2.5%+2.5%)","millennium medisolutions pvt ltd.","10","2","46.55","58.04","60.94","07/2027"
"2721.","PRAMIPEX 1 MG","TAB","SIH0225A","30049099 (2.5%+2.5%)","millennium medisolutions pvt ltd.","10","2","184.57","230.71","242.25","12/2027"
"2722.","PRAMIPEX ER 0.375","TAB","GKH0053A","30049099 (2.5%+2.5%)","millennium medisolutions pvt ltd.","10","0","89.14","111.43","117.00","01/2028"
"2723.","PRAMIPEX ER 0.375","TAB","2E10N001","30049099 (2.5%+2.5%)","millennium medisolutions pvt ltd.","10","0","89.14","111.43","117.00","12/2028"
"2724.","PRAMIPEX ER 0.375","TAB","GKH0053A","30049099 (2.5%+2.5%)","SHREE GOPAL  PHARMACEUTICALS","10","0","89.14","111.43","117.00","01/2028"
"2725.","PRAMIPEX ER 1.5","TAB","GKH0055A","30049099 (2.5%+2.5%)","millennium medisolutions pvt ltd.","10","2","230.10","287.62","302.00","01/2028"
"2726.","PREBGENE - M","TAB","MP835001","3004 (2.5%+2.5%)","NEW sai medicose","10","1 + {6}","26.00","84.76","89.00","08/2027"
"2727.","PRECAM - NT","TAB","CHT-25140","300490 (2.5%+2.5%)","CAMBIOR PHARMACEUTICALS","10","34 + {2}","113.73","204.76","215.00","07/2027"
"2728.","PRECAM - SR","TAB","CHT25135","3004 (2.5%+2.5%)","CAMBIOR PHARMACEUTICALS","10","26 + {9}","22.00","169.64","178.12","07/2027"
"2729.","PREDMET 4 MG","TAB","SIG1607A","30043919 (2.5%+2.5%)","millennium medisolutions pvt ltd.","15","0 + {12}","68.57","85.71","90.00","06/2028"
"2730.","PREDMET 4 MG","TAB","SIG1940A","30043919 (2.5%+2.5%)","millennium medisolutions pvt ltd.","15","4","68.57","85.71","90.00","08/2028"
"2731.","PREDMET 8 MG","TAB","SIG2756C","30049099 (2.5%+2.5%)","millennium medisolutions pvt ltd.","15","3 + {8}","81.43","101.79","106.88","11/2028"
"2732.","PREDMET 8 MG","TAB","SIG2132A","30049099 (2.5%+2.5%)","millennium medisolutions pvt ltd.","15","0","81.43","101.79","106.88","09/2028"
"2733.","PREDMET 8 MG","TAB","SIG2133A","30049099 (2.5%+2.5%)","millennium medisolutions pvt ltd.","15","0","81.43","101.79","106.88","09/2028"
"2734.","PREDNIKEM 8 MG","TAB","PEK24007SD","3004 (2.5%+2.5%)","NEW sai medicose","10","1","26.40","64.76","68.00","11/2026"
"2735.","PREDNIWEL - A 40 INJ","INJ","L-2410072A","3004 (2.5%+2.5%)","SHREE GOPAL  PHARMACEUTICALS","1","8","24.00","45.53","47.81","09/2026"
"2736.","PREDNIWEL - A 40 INJ","INJ","L-2507009","3004 (2.5%+2.5%)","SHREE GOPAL  PHARMACEUTICALS","1","5","24.00","44.76","47.00","06/2027"
"2737.","PREDNIWEL - A 40 INJ","INJ","L-2502044","3004 (2.5%+2.5%)","SHREE GOPAL  PHARMACEUTICALS","1","1","24.00","45.53","47.81","01/2027"
"2738.","PREGAB 75 CAP","CAPs","CH26N001","30049082 (2.5%+2.5%)","millennium medisolutions pvt ltd.","15","1","252.00","315.00","330.75","12/2028"
"2739.","PREGABANYL - M 75 SR","TAB","8705003","3004 (2.5%+2.5%)","SHREE GOPAL  PHARMACEUTICALS","10","2 + {13}","36.00","94.29","99.00","06/2027"
"2740.","PREGABANYL - NT","TAB","PGL601A","3004 (2.5%+2.5%)","SHREE GOPAL  PHARMACEUTICALS","10","10","30.00","106.67","112.00","12/2027"
"2741.","PREGABBID - D 75/20","TAB","INP25DB12","30049099 (2.5%+2.5%)","SHIV PHARMA TRADERS","10","0","187.15","233.93","245.63","08/2027"
"2742.","PREGABBID - D 75/20","TAB","INP25DB11","30049099 (2.5%+2.5%)","HEMANT MEDICAL AGENCIES","10","0 + {5}","187.14","233.93","245.63","07/2027"
"2743.","PREGABBID - D 75/20","TAB","INP26DB01","30049099 (2.5%+2.5%)","HEMANT MEDICAL AGENCIES","10","16","187.14","233.94","245.64","12/2027"
"2744.","PREGABID CR 165","TAB","K2502683","30049082 (2.5%+2.5%)","millennium medisolutions pvt ltd.","10","0","282.32","352.90","370.55","10/2027"
"2745.","PREGABID CR 165","TAB","K2502683","30049082 (2.5%+2.5%)","millennium medisolutions pvt ltd.","10","1 + {2}","282.32","352.90","370.55","10/2027"
"2746.","PREGABID CR 165","TAB","K2601033","30049082 (2.5%+2.5%)","HEMANT MEDICAL AGENCIES","10","10 + {1}","284.57","388.19","407.60","03/2028"
"2747.","PREGABID CR 82.5","TAB","K2600024","30049082 (2.5%+2.5%)","HEMANT MEDICAL AGENCIES","10","0","181.43","226.79","238.13","12/2027"
"2748.","PREGABID CR 82.5","TAB","K2601032","30049082 (2.5%+2.5%)","HEMANT MEDICAL AGENCIES","10","7 + {16}","166.25","226.79","238.13","03/2028"
"2749.","PREGABID CR 82.5","TAB","K2600025","30049082 (2.5%+2.5%)","millennium medisolutions pvt ltd.","10","6","181.43","226.79","238.13","12/2027"
"2750.","PREGABID D 50/20 CAP","CAPs","INP25DA14","30049099 (2.5%+2.5%)","millennium medisolutions pvt ltd.","10","3 + {7}","130.71","163.39","171.56","10/2027"
"2751.","PREGABID D 50/20 CAP","CAPs","INP25DA11","30049099 (2.5%+2.5%)","millennium medisolutions pvt ltd.","10","0","130.71","163.39","171.56","07/2027"
"2752.","PREGABID D 50/20 CAP","CAPs","INP25DA14","30049099 (2.5%+2.5%)","SHIV PHARMA TRADERS","10","0 + {6}","130.71","163.39","171.56","10/2027"
"2753.","PREGABID D 50/20 CAP","CAPs","INP25DA15","30049099 (2.5%+2.5%)","HEMANT MEDICAL AGENCIES","10","10","130.71","163.39","171.56","11/2027"
"2754.","PREGABID D 50/20 CAP","CAPs","INP25DB14","30049099 (2.5%+2.5%)","millennium medisolutions pvt ltd.","10","5","187.14","233.93","245.63","11/2027"
"2755.","PREGABID D 50/20 CAP","CAPs","INP25DA14","30049099 (2.5%+2.5%)","HEMANT MEDICAL AGENCIES","10","1 + {4}","130.71","163.39","171.56","10/2027"
"2756.","PREGABID D 75/20","TAB","INP25DB12","30049099 (2.5%+2.5%)","SHIV PHARMA TRADERS","10","0 + {14}","187.15","233.93","245.63","08/2027"
"2757.","PREGABID D 75/30 CAP","CAPs","INP24PD03","30049099 (2.5%+2.5%)","HEMANT MEDICAL AGENCIES","10","0","205.00","256.25","269.06","08/2026"
"2758.","PREGABID D 75/30 CAP","CAPs","INP26PD01","30049099 (2.5%+2.5%)","HEMANT MEDICAL AGENCIES","10","7","225.36","281.70","295.78","03/2028"
"2759.","PREGABID D 75/30 CAP","CAPs","INP25DP04","30049099 (2.5%+2.5%)","SHIV PHARMA TRADERS","10","0 + {6}","225.36","281.70","295.78","10/2027"
"2760.","PREGABID D 75/30 CAP","CAPs","INP25PD02","30049099 (2.5%+2.5%)","millennium medisolutions pvt ltd.","10","0","205.00","256.25","269.06","03/2027"
"2761.","PREGABID D 75/30 CAP","CAPs","CMW7M001","30049099 (2.5%+2.5%)","millennium medisolutions pvt ltd.","10","0 + {7}","226.78","283.48","297.65","08/2027"
"2762.","PREGABID D 75/30 CAP","CAPs","INP25PD004","30049099 (2.5%+2.5%)","SHIV PHARMA TRADERS","10","0","225.36","281.70","295.78","10/2027"
"2763.","PREGABID D 75/30 CAP","CAPs","INP25PD04","30049099 (2.5%+2.5%)","millennium medisolutions pvt ltd.","10","4 + {4}","225.36","281.70","295.78","10/2027"
"2764.","PREGABID D 75/30 CAP","CAPs","INP25PD04","30049099 (2.5%+2.5%)","HEMANT MEDICAL AGENCIES","10","0 + {6}","225.36","281.62","295.78","10/2027"
"2765.","PREGABID D 75/30 CAP","CAPs","INP25D02","30049099 (2.5%+2.5%)","millennium medisolutions pvt ltd.","10","0","205.00","256.25","269.06","03/2027"
"2766.","PREGABID DM 75/20","TAB","365725002","30049099 (2.5%+2.5%)","millennium medisolutions pvt ltd.","10","0 + {4}","199.29","249.10","261.56","12/2026"
"2767.","PREGABID DM 75/20","TAB","365725004","30049099 (2.5%+2.5%)","millennium medisolutions pvt ltd.","10","3","199.29","249.10","261.56","02/2027"
"2768.","PREGABID DM 75/20","TAB","INP25DB11","30049099 (2.5%+2.5%)","HEMANT MEDICAL AGENCIES","10","2","187.14","233.93","245.63","07/2027"
"2769.","PREGABID DM 75/20","TAB","INP25DB14","30049099 (2.5%+2.5%)","HEMANT MEDICAL AGENCIES","10","2","187.14","233.93","245.63","11/2027"
"2770.","PREGABID DM 75/30","TAB","366325003","30049099 (2.5%+2.5%)","millennium medisolutions pvt ltd.","10","0 + {4}","235.00","293.75","308.44","02/2027"
"2771.","PREGABID DM 75/30","TAB","366325002","30049099 (2.5%+2.5%)","millennium medisolutions pvt ltd.","10","0 + {7}","235.00","293.33","308.00","12/2026"
"2772.","PREGABID DM 75/30","TAB","366325001","30049099 (2.5%+2.5%)","millennium medisolutions pvt ltd.","10","0 + {1}","235.00","293.71","308.44","12/2026"
"2773.","PREGACIP - M","CAPs","G6265005","3004 (2.5%+2.5%)","NEW sai medicose","10","0","38.00","84.76","89.00","07/2027"
"2774.","PREGACIP - M","CAPs","G6266003","3004 (2.5%+2.5%)","NEW sai medicose","10","0 + {6}","40.31","106.67","112.00","01/2028"
"2775.","PREGACIP - M","CAPs","G6265007","3004 (2.5%+2.5%)","NEW sai medicose","10","1 + {7}","38.00","86.67","91.00","09/2027"
"2776.","PREGAKEM CARD","General","PKK24013FP","3004 (2.5%+2.5%)","NEW sai medicose","1","1","15.60","43.81","46.00","10/2027"
"2777.","PREGAMET SR 10","TAB","PCL0865","3004 (2.5%+2.5%)","NEW sai medicose","10","5","42.00","106.67","112.00","11/2027"
"2778.","PREGAVENT - M","TAB","G5325007","3004 (2.5%+2.5%)","NEW sai medicose","10","0","28.68","74.19","77.90","03/2027"
"2779.","PREGAVENT - NT","TAB","GC526002","3004 (2.5%+2.5%)","NEW sai medicose","10","0","29.00","84.76","89.00","02/2028"
"2780.","PREGAVENT - NT","TAB","GC525013","3004 (2.5%+2.5%)","NEW sai medicose","10","0","27.60","84.76","89.00","07/2027"
"2781.","PREGAVENT - NT","TAB","GC525018","3004 (2.5%+2.5%)","NEW sai medicose","10","2 + {7}","27.60","84.76","89.00","11/2027"
"2782.","PREGAVENT -M","TAB","G5325007","3004 (2.5%+2.5%)","NEW sai medicose","10","0 + {4}","28.68","84.76","89.00","03/2027"
"2783.","PREGODD M CAP","CAPs","PC-50208","3004 (2.5%+2.5%)","PRAKASH MEDICOS","10","1 + {4}","24.75","76.19","80.00","04/2027"
"2784.","PRITEL -  C","TAB","PGT24-2422C","3004 (2.5%+2.5%)","NEW sai medicose","10","2 + {7}","17.55","84.76","89.00","08/2026"
"2785.","PRITEL - M 50/40","TAB","LGN09/066/10","3004 (2.5%+2.5%)","NEW sai medicose","10","0 + {1}","19.50","84.76","89.00","08/2026"
"2786.","PRITEL - M 50/40","TAB","LGP06/060/13","3004 (2.5%+2.5%)","NEW sai medicose","10","0","19.50","95.24","100.00","05/2027"
"2787.","PRITEL AM (40 5)","TAB","WPMA324004","3004 (2.5%+2.5%)","NEW sai medicose","15","1 + {7}","24.30","80.00","84.00","03/2027"
"2788.","PROCARE TAPE - 3","General","FGH1254","30059060 (2.5%+2.5%)","a and a hygien and surgical cre","1","7","25.00","66.67","70.00","10/2029"
"2789.","PROCARE TAPE - 3","General","1236547WEQ","30059060 (2.5%+2.5%)","a and a hygien and surgical cre","1","8","25.00","62.86","66.00","10/2028"
"2790.","PROCARE TAPE - 3","General","G25E060021","30059060 (2.5%+2.5%)","a and a hygien and surgical cre","1","8","46.25","106.67","112.00","10/2028"
"2791.","PROCARE TAPE 1","General","MST-24042","30059060 (2.5%+2.5%)","a and a hygien and surgical cre","1","10","8.30","21.90","23.00","10/2030"
"2792.","PROCARE TAPE 2","AMP","5048134S","3005 (2.5%+2.5%)","nath medicose","1","5","16.66","33.33","35.00","03/2028"
"2793.","PROCARE TAPE 2","General","MST-23069-1","30059060 (2.5%+2.5%)","a and a hygien and surgical cre","1","6","16.70","53.33","56.00","10/2030"
"2794.","PROCARE TAPE 3","General","MST-25648","30059060 (2.5%+2.5%)","a and a hygien and surgical cre","1","3","25.00","62.86","66.00","10/2030"
"2795.","PROCARE TAPE 3","PSC","1254","30059060 (2.5%+2.5%)","a and a hygien and surgical cre","1","4","25.00","53.33","56.00","01/2029"
"2796.","PROCARE TAPE HALF","General","MST-12365-4","30059060 (2.5%+2.5%)","a and a hygien and surgical cre","1","23","4.20","10.48","11.00","12/2029"
"2797.","PRODOTIL DRY SYP","SYRUP","44085014","3004 (2.5%+2.5%)","NEW sai medicose","1","3","33.24","95.24","100.00","07/2027"
"2798.","PROHANCE MOM CHOC P/D","Powder","ZRC0321","21069099 (2.5%+2.5%)","millennium medisolutions pvt ltd.","1","1","540.00","600.00","630.00","01/2027"
"2799.","PROLOMET R 25","TAB","GTH1458A","30049079 (2.5%+2.5%)","millennium medisolutions pvt ltd.","10","3","175.24","219.05","230.00","03/2028"
"2800.","PROLOMET R 25","TAB","GTG3348A","3004 (2.5%+2.5%)","SHREE GOPAL  PHARMACEUTICALS","10","0","160.00","200.00","210.00","11/2027"
"2801.","PROLOMET R 25","TAB","GTH0534A","3004 (2.5%+2.5%)","millennium medisolutions pvt ltd.","10","0","175.24","219.05","230.00","02/2028"
"2802.","PROLOMET XL","TAB","GTG3243A","30049079 (2.5%+2.5%)","millennium medisolutions pvt ltd.","1","0","41.43","51.79","54.38","09/2027"
"2803.","PROLOMET XL 12.5","TAB","GTH0111B","30049079 (2.5%+2.5%)","millennium medisolutions pvt ltd.","10","0","41.43","51.79","54.38","12/2027"
"2804.","PROLOMET XL 12.5","TAB","GTG3243A","30049079 (2.5%+2.5%)","millennium medisolutions pvt ltd.","10","0","41.43","51.79","54.38","09/2027"
"2805.","PROLOMET XL 12.5","TAB","GTG3728A","30049079 (2.5%+2.5%)","SHREE GOPAL  PHARMACEUTICALS","10","2 + {12}","41.43","51.79","54.38","10/2027"
"2806.","PROLOMET XL 12.5","TAB","GTH0508A","30049079 (2.5%+2.5%)","PRAKASH MEDICOS","10","2","41.43","51.79","54.38","01/2028"
"2807.","PROLOMET XL 12.5","TAB","GTG2753A","30049079 (2.5%+2.5%)","SHREE GOPAL  PHARMACEUTICALS","10","0","41.43","51.79","54.38","08/2027"
"2808.","PROLOMET XL 25","TAB","GTG1375A","30049079 (2.5%+2.5%)","ANAND MEDICOS","15","0 + {11}","51.99","64.79","68.03","03/2027"
"2809.","PROLOMET XL 50","TAB","GTG2750A","30049079 (2.5%+2.5%)","ANAND MEDICOS","15","2","71.60","89.10","93.55","09/2027"
"2810.","PROPIBET - 20","TAB","ALA03CEA","3004 (2.5%+2.5%)","SHREE GOPAL  PHARMACEUTICALS","10","1 + {6}","9.00","28.57","30.00","10/2027"
"2811.","PROSTGARD  D 8","CAPs","BYL40AAA","30043919 (2.5%+2.5%)","millennium medisolutions pvt ltd.","10","0","183.57","229.46","240.93","10/2027"
"2812.","PROSTGARD  D 8","CAPs","BYL05AAB","30043919 (2.5%+2.5%)","millennium medisolutions pvt ltd.","10","1 + {11}","194.29","242.86","255.00","01/2028"
"2813.","PROSTGARD  D 8","CAPs","BYL42AAA","30043919 (2.5%+2.5%)","millennium medisolutions pvt ltd.","10","0","183.57","229.46","240.93","11/2027"
"2814.","PROSTGARD  D 8","CAPs","BYL35AAA","30043919 (2.5%+2.5%)","millennium medisolutions pvt ltd.","10","0","183.57","229.46","240.93","08/2027"
"2815.","PROSTGARD  D 8","CAPs","BYL29AAA","30043919 (2.5%+2.5%)","millennium medisolutions pvt ltd.","10","0","183.57","229.46","240.93","06/2027"
"2816.","PROTA  INJ","INJ","IPTAA1602","30049099 (2.5%+2.5%)","BAJAJ MEDICAL AGENCY","1","5","43.20","49.69","52.17","12/2027"
"2817.","PRUWEL - 1","TAB","25S2GTB517","30049099 (2.5%+2.5%)","HEMANT MEDICAL AGENCIES","10","0","182.14","227.68","239.06","05/2027"
"2818.","PRUWEL - 1","TAB","25S2GTD119","30049099 (2.5%+2.5%)","HEMANT MEDICAL AGENCIES","10","4","182.14","227.68","239.06","11/2027"
"2819.","PRUWEL - 1","TAB","25S2GTC221","30049099 (2.5%+2.5%)","millennium medisolutions pvt ltd.","10","0 + {1}","182.14","227.68","239.06","08/2027"
"2820.","PRUWEL - 2","TAB","24S2GTC699","30049099 (2.5%+2.5%)","HEMANT MEDICAL AGENCIES","10","0 + {3}","287.50","359.37","377.34","09/2026"
"2821.","PRUWEL - 2","TAB","25S2GTB769","30049099 (2.5%+2.5%)","HEMANT MEDICAL AGENCIES","10","2 + {6}","316.07","421.43","442.50","06/2027"
"2822.","PRUWEL - 2","TAB","25S2GTC500","30049099 (2.5%+2.5%)","HEMANT MEDICAL AGENCIES","10","0 + {9}","316.07","395.09","414.84","09/2027"
"2823.","PRUWEL 2MG","TAB","25S2GTC500","30049099 (2.5%+2.5%)","millennium medisolutions pvt ltd.","10","3","316.07","395.09","414.84","09/2027"
"2824.","PULMOBUDY  RESP","RESPules","R046012A","3004 (2.5%+2.5%)","CAMBIOR PHARMACEUTICALS","1","142","5.00","24.76","26.00","01/2027"
"2825.","PULMOBUDY  RESP","RESPules","2582066CA","3004 (2.5%+2.5%)","CAMBIOR PHARMACEUTICALS","1","0","9.00","23.22","24.38","08/2027"
"2826.","PULMOBUDY  RESP","RESPules","2582082CA","3004 (2.5%+2.5%)","CAMBIOR PHARMACEUTICALS","1","0","5.00","23.22","24.38","10/2027"
"2827.","PULMOBUDY  RESP","RESPules","2682012CA","3004 (2.5%+2.5%)","CAMBIOR PHARMACEUTICALS","1","0","5.00","23.24","24.40","01/2028"
"2828.","PULMOSMART - G PULMICAPS","General","26720026","3004 (2.5%+2.5%)","gandhi medical hall","1","4","421.41","526.76","553.10","02/2028"
"2829.","PULMOSMART - G PULMICAPS","General","25720051","3004 (2.5%+2.5%)","gandhi medical hall","1","0","421.41","526.76","553.10","09/2027"
"2830.","PULMOSMART 200 INHALER","DROP","1405353","300490 (2.5%+2.5%)","gandhi medical hall","1","2","236.88","355.20","372.96","10/2026"
"2831.","PULMOSMART 400 RC","CAPs","25720033","300490 (2.5%+2.5%)","gandhi medical hall","1","6","162.96","203.70","213.89","07/2027"
"2832.","PULMOSMART PULMULES","RESPules","2649002B","300490 (2.5%+2.5%)","gandhi medical hall","1","0","39.74","70.95","74.50","06/2027"
"2833.","PULMOSMART PULMULES","RESPules","2649006B","300490 (2.5%+2.5%)","gandhi medical hall","1","80","46.83","78.05","81.95","08/2027"
"2834.","PULMOSMART PULMULES","RESPules","2549025B","300490 (2.5%+2.5%)","gandhi medical hall","1","2","39.74","70.95","74.50","03/2027"
"2835.","PULMUCUS - AB","TAB","PULS004","30049099 (2.5%+2.5%)","ANAND MEDICOS","10","4 + {7}","126.99","190.18","199.69","11/2026"
"2836.","PULMUCUS - AB","TAB","PULS001","30049099 (2.5%+2.5%)","ANAND MEDICOS","10","0 + {4}","139.55","190.18","199.69","09/2026"
"2837.","PYRICOOL INJ","INJ","PYL25005SR","3004 (2.5%+2.5%)","NEW sai medicose","1","15","5.46","8.08","8.48","06/2027"
"2838.","Q MAX I.V 100 ML","Bottle","ROF24014","3004 (2.5%+2.5%)","SHREE GOPAL  PHARMACEUTICALS","1","4","19.80","53.33","56.00","09/2026"
"2839.","QUADRIDREM - RF  10GM","Tube","Z070324","3004 (2.5%+2.5%)","NEW sai medicose","1","0","89.88","158.10","166.00","02/2027"
"2840.","QUADRIDREM RF - 5GM","Tube","Z311224","3004 (2.5%+2.5%)","NEW sai medicose","1","0","48.33","79.47","83.44","11/2026"
"2841.","QUCINAC  AB","TAB","S25109918J","300490 (2.5%+2.5%)","gandhi medical hall","10","0","127.12","158.90","166.85","03/2027"
"2842.","QUCINAC  AB","TAB","S26109903D","300490 (2.5%+2.5%)","gandhi medical hall","10","11 + {4}","114.99","174.76","183.50","09/2027"
"2843.","QUCINAC  AB","TAB","S25109914H","300490 (2.5%+2.5%)","gandhi medical hall","10","0","105.95","158.93","166.88","01/2027"
"2844.","QUCINAC  AB","TAB","S26109901B","300490 (2.5%+2.5%)","gandhi medical hall","10","3 + {2}","127.12","158.90","166.85","07/2027"
"2845.","QUCINAC - AB","TAB","S25109915H","300490 (2.5%+2.5%)","gandhi medical hall","10","0","127.14","158.93","166.88","01/2027"
"2846.","QUCINAC 600","TAB","Q0126003","300490 (2.5%+2.5%)","gandhi medical hall","10","13","160.07","260.71","273.75","12/2027"
"2847.","QUCINAC 600","TAB","Q0125007","300490 (2.5%+2.5%)","gandhi medical hall","10","0 + {5}","208.62","278.10","292.00","07/2027"
"2848.","QUTAN - 100","TAB","N2504088","30049089 (2.5%+2.5%)","HEMANT MEDICAL AGENCIES","10","2","103.57","129.47","135.94","11/2028"
"2849.","QUTAN - 100 SR","TAB","N2503704","30049089 (2.5%+2.5%)","HEMANT MEDICAL AGENCIES","10","3 + {5}","110.00","137.50","144.38","10/2028"
"2850.","QUTAN - 50","TAB","N2503675","30049089 (2.5%+2.5%)","HEMANT MEDICAL AGENCIES","10","0 + {7}","77.86","97.32","102.19","10/2028"
"2851.","QUTAN 25","TAB","N2504086","30049089 (2.5%+2.5%)","HEMANT MEDICAL AGENCIES","10","0","51.79","64.73","67.97","10/2028"
"2852.","QUTAN 25","TAB","N2600473","30049089 (2.5%+2.5%)","millennium medisolutions pvt ltd.","10","0 + {3}","56.91","71.14","74.70","01/2029"
"2853.","QUTAN 25","TAB","N2600103","30049089 (2.5%+2.5%)","HEMANT MEDICAL AGENCIES","10","0 + {1}","51.79","64.73","67.97","12/2028"
"2854.","QUTAN 25","TAB","N2504086","30049089 (2.5%+2.5%)","millennium medisolutions pvt ltd.","10","0","51.79","64.73","67.97","11/2028"
"2855.","QUTAN 25","TAB","N2600102","30049089 (2.5%+2.5%)","millennium medisolutions pvt ltd.","10","2","51.79","64.73","67.97","12/2028"
"2856.","QUTAN SR 200","TAB","N2503705","30049089 (2.5%+2.5%)","millennium medisolutions pvt ltd.","10","0","197.14","246.43","258.75","10/2028"
"2857.","QUTAN SR 200","TAB","N2502790","30049089 (2.5%+2.5%)","HEMANT MEDICAL AGENCIES","10","0","197.14","246.43","258.75","07/2028"
"2858.","QUTAN SR 200","TAB","N2600711","30049089 (2.5%+2.5%)","HEMANT MEDICAL AGENCIES","10","6","197.14","246.43","258.75","02/2029"
"2859.","QUTAN SR 200","TAB","N2503705","30049089 (2.5%+2.5%)","HEMANT MEDICAL AGENCIES","10","0","197.14","246.43","258.75","10/2028"
"2860.","QUTAN SR 200","TAB","N2600711","30049089 (2.5%+2.5%)","millennium medisolutions pvt ltd.","10","5 + {4}","197.14","246.43","258.75","02/2029"
"2861.","QUTAN SR 50","TAB","N501698","30049089 (2.5%+2.5%)","HEMANT MEDICAL AGENCIES","10","1","72.14","90.18","94.69","04/2028"
"2862.","QUTAN SR 50","TAB","N2600477","30049089 (2.5%+2.5%)","HEMANT MEDICAL AGENCIES","10","10","72.14","90.18","94.69","01/2029"
"2863.","QUTAN SR 50","TAB","N2501698","30049089 (2.5%+2.5%)","HEMANT MEDICAL AGENCIES","10","0 + {1}","72.14","90.18","94.69","04/2028"
"2864.","QUTAN SR 50","TAB","N2403067","30049089 (2.5%+2.5%)","HEMANT MEDICAL AGENCIES","10","0 + {4}","65.89","82.36","86.48","10/2027"
"2865.","R.L 500 ML DEXT","IV","P5050124","30049099 (2.5%+2.5%)","a and a hygien and surgical cre","1","0","17.50","53.75","56.44","03/2027"
"2866.","R.L 500 ML DUAL PORT","Bottle","D25F2055","3004 (2.5%+2.5%)","nath medicose","1","0","29.80","62.86","66.00","11/2028"
"2867.","R.L 500 ML DUAL PORT","Bottle","D25F2051","3004 (2.5%+2.5%)","nath medicose","1","0","29.80","66.07","69.37","11/2028"
"2868.","R.L 500 ML DUAL PORT","Bottle","D26F2013","3004 (2.5%+2.5%)","nath medicose","1","22","29.80","66.07","69.37","03/2029"
"2869.","R.L 500 ML DUAL PORT","Bottle","D25F2049","3004 (2.5%+2.5%)","nath medicose","1","0","29.80","66.07","69.37","10/2028"
"2870.","R.L 500 ML DUAL PORT","Bottle","D26F2003","3004 (2.5%+2.5%)","nath medicose","1","0","29.80","66.07","69.37","02/2029"
"2871.","RABEMAC OS SYP","SYRUP","ME-1114468","30049099 (2.5%+2.5%)","ROHIT PHARMA","1","0","90.10","134.55","141.28","07/2026"
"2872.","RABICAM - LS CAP","CAPs","CHC-25009A","300490 (2.5%+2.5%)","CAMBIOR PHARMACEUTICALS","10","0","79.13","142.86","150.00","03/2027"
"2873.","RABITOP LS","CAPs","ARLC25018","3004 (2.5%+2.5%)","SHREE GOPAL  PHARMACEUTICALS","10","0","29.65","106.67","112.00","11/2027"
"2874.","RACEDOT CAPS","CAPs","11250529A","30049099 (2.5%+2.5%)","ROHIT PHARMA","6","0","86.82","108.52","113.95","06/2028"
"2875.","RAJOTRAN 500 MG","TAB","12444006","3004 (2.5%+2.5%)","NEW sai medicose","10","0 + {6}","67.50","114.29","120.00","11/2027"
"2876.","RAMSONS FIXER","General","G25I060015","90183990 (2.5%+2.5%)","MAHADEV ENTERPRISES","1","0","4.50","20.95","22.00","08/2028"
"2877.","RANIDOM - O SYP","SYRUP","S9ALY038","30049039 (2.5%+2.5%)","GUPTA MEDICAL HALL","1","0","135.13","168.91","177.36","11/2027"
"2878.","RANIDOM - O SYP","SYRUP","S9ALZ026","30049039 (2.5%+2.5%)","GUPTA MEDICAL HALL","1","0","135.13","168.91","177.36","01/2028"
"2879.","RANIDOM - O SYP","SYRUP","S9ALZ026","30049039 (2.5%+2.5%)","NEW sai medicose","1","0","112.64","168.91","177.36","01/2028"
"2880.","RANIDOM - O SYP","SYRUP","S9ALZ034","30049039 (2.5%+2.5%)","GUPTA MEDICAL HALL","1","3","135.13","168.91","177.36","03/2028"
"2881.","RANIDOM - O SYP","SYRUP","S9ALY028","30049039 (2.5%+2.5%)","GUPTA MEDICAL HALL","1","0","135.13","168.91","177.36","10/2027"
"2882.","RANIDOM DSR","CAPs","F92Y019","30049039 (2.5%+2.5%)","ROHIT PHARMA","10","20 + {3}","65.72","91.50","96.07","09/2027"
"2883.","RANIDOM DSR","CAPs","F92Y016","30049039 (2.5%+2.5%)","SARASWATI MEDICAL AGENCY","10","0","73.20","91.50","96.07","08/2027"
"2884.","RANIDOM DSR","CAPs","F92Y014","30049039 (2.5%+2.5%)","ROHIT PHARMA","10","0","65.72","91.50","96.07","07/2027"
"2885.","RANIDOM DSR","CAPs","F92Y012","30049039 (2.5%+2.5%)","ROHIT PHARMA","10","0","73.20","91.50","96.07","06/2027"
"2886.","RANIDOM DSR","CAPs","F92Y015","30049039 (2.5%+2.5%)","ROHIT PHARMA","10","0","65.72","91.50","96.07","07/2027"
"2887.","RANIDOM DSR","CAPs","F92Z003","30049039 (2.5%+2.5%)","ROHIT PHARMA","10","10","72.27","100.64","105.67","12/2027"
"2888.","RANILIUM SPAS 30 ML","SYRUP","L1685003","3004 (2.5%+2.5%)","NEW sai medicose","1","4","20.40","73.68","77.36","07/2027"
"2889.","RANRAFT SYP 200","SYRUP","ZSRF25014","30049099 (2.5%+2.5%)","","1","0","180.00","225.77","237.06","03/2027"
"2890.","RANRAFT SYP 200","SYRUP","ZSRF25014","30049099 (2.5%+2.5%)","millennium medisolutions pvt ltd.","1","0","180.64","225.77","237.06","03/2027"
"2891.","RANRAFT SYP 200","SYRUP","ZSRRF25014","30049099 (2.5%+2.5%)","millennium medisolutions pvt ltd.","1","0","180.94","240.82","252.86","03/2027"
"2892.","RANRAFT SYP 200","SYRUP","ZSRF25039","30049099 (2.5%+2.5%)","millennium medisolutions pvt ltd.","1","0","180.63","225.78","237.07","10/2027"
"2893.","RANRAFT SYP 200","SYRUP","ZSRF25036","30049099 (2.5%+2.5%)","millennium medisolutions pvt ltd.","1","0","180.64","225.77","237.06","09/2027"
"2894.","RANTAC INJ","INJ","XIR225009","30049033 (2.5%+2.5%)","millennium medisolutions pvt ltd.","1","8","4.00","7.12","7.48","03/2027"
"2895.","RAPIDEM SOL. SPR","SRP","LEV25015","30049099 (2.5%+2.5%)","BAJAJ MEDICAL AGENCY","1","3","213.57","266.67","280.31","06/2027"
"2896.","RAPITATE 8 MG","CAPs","ADH25216B","3004 (2.5%+2.5%)","NEW sai medicose","10","1 + {7}","55.00","106.67","112.00","04/2027"
"2897.","RAPITATE 8 MG","CAPs","ADH25322A","3004 (2.5%+2.5%)","NEW sai medicose","10","0 + {2}","55.00","106.67","112.00","06/2027"
"2898.","RAPITATE PLUS","TAB","LGP07/160/10","3004 (2.5%+2.5%)","NEW sai medicose","10","1","65.50","159.05","167.00","06/2027"
"2899.","RAZEL 40 MG","TAB","A7R25012","3004 (2.5%+2.5%)","gandhi medical hall","15","0","275.13","387.15","406.51","10/2027"
"2900.","RE-BBIOTIC EAR DROP","DROP","OPF1171","3004 (2.5%+2.5%)","NEW sai medicose","1","10","13.50","38.10","40.00","11/2027"
"2901.","REBAGEN 100 MG","TAB","14254976A","30049039 (2.5%+2.5%)","ROHIT PHARMA","15","0 + {1}","161.78","202.23","212.34","10/2029"
"2902.","REBAGEN 100 MG","TAB","14260621A","30049039 (2.5%+2.5%)","GOEL MEDICOS","15","3 + {10}","161.78","202.23","212.34","12/2029"
"2903.","REBAGEN 100 MG","TAB","14253958A","30049039 (2.5%+2.5%)","millennium medisolutions pvt ltd.","15","0","161.78","202.23","212.34","08/2029"
"2904.","REBAGEN 100 MG","TAB","14254976A","30049039 (2.5%+2.5%)","millennium medisolutions pvt ltd.","15","0 + {9}","161.78","202.19","212.34","10/2029"
"2905.","REBAGEN 100 MG","TAB","14260621A","30049039 (2.5%+2.5%)","millennium medisolutions pvt ltd.","15","0","161.78","202.23","212.34","12/2029"
"2906.","REBAGEN 100 MG","TAB","14260621A","30049039 (2.5%+2.5%)","ROHIT PHARMA","15","0 + {11}","161.78","202.23","212.34","12/2029"
"2907.","REBAGEN 100 MG","TAB","14254850A","30049039 (2.5%+2.5%)","millennium medisolutions pvt ltd.","15","0","161.78","202.23","212.34","10/2029"
"2908.","REDOTIL CAP","CAPs","E2600097","30049099 (2.5%+2.5%)","millennium medisolutions pvt ltd.","15","0","369.08","461.35","484.42","12/2027"
"2909.","REHEPTIN-RF SUS","SYRUP","B4KOZ001","21069099 (2.5%+2.5%)","GUPTA MEDICAL HALL","1","1","124.61","168.57","177.00","03/2027"
"2910.","REHEPTIN-RF SUS","SYRUP","B4KOY023","21069099 (2.5%+2.5%)","GUPTA MEDICAL HALL","1","0","124.61","168.57","177.00","10/2026"
"2911.","REHEPTIN-RF SUS","SYRUP","B4KOY023","21069099 (2.5%+2.5%)","millennium medisolutions pvt ltd.","1","0","123.31","168.57","177.00","10/2026"
"2912.","REHEPTIN-RF SUS","SYRUP","B4KOY026","21069099 (2.5%+2.5%)","GUPTA MEDICAL HALL","1","4","124.61","168.57","177.00","11/2026"
"2913.","REJUNEX CD3 NF","TAB","K2600422","30045090 (2.5%+2.5%)","HEMANT MEDICAL AGENCIES","10","0","208.99","261.24","274.30","01/2028"
"2914.","REJUNEX CD3 NF","TAB","K2501711","30045090 (2.5%+2.5%)","millennium medisolutions pvt ltd.","10","0","190.50","237.50","249.38","06/2027"
"2915.","REJUNEX CD3 NF","TAB","K2502741","30045090 (2.5%+2.5%)","HEMANT MEDICAL AGENCIES","10","0","190.00","237.50","249.38","10/2027"
"2916.","REJUNEX CD3 NF","TAB","K2502747","30045090 (2.5%+2.5%)","HEMANT MEDICAL AGENCIES","10","0","190.00","237.50","249.38","10/2047"
"2917.","REJUNEX CD3 NF","TAB","K2502541","30045090 (2.5%+2.5%)","millennium medisolutions pvt ltd.","10","0","190.00","237.50","249.38","09/2027"
"2918.","REJUNEX CD3 NF","TAB","K2502289","30045090 (2.5%+2.5%)","ROHTAK MEDICAL AGENCIES","10","0","190.00","237.50","249.38","08/2027"
"2919.","REJUNEX CD3 NF","TAB","K2600561","30045090 (2.5%+2.5%)","HEMANT MEDICAL AGENCIES","10","0","208.99","261.24","274.30","02/2028"
"2920.","REJUNEX CD3 NF","TAB","K2502747","30045090 (2.5%+2.5%)","millennium medisolutions pvt ltd.","10","0","190.00","237.50","249.38","10/2027"
"2921.","REJUNEX CD3 NF","TAB","K2600405","30045090 (2.5%+2.5%)","HEMANT MEDICAL AGENCIES","10","0","208.99","261.24","274.30","01/2028"
"2922.","REJUNEX CD3 NF","TAB","K2600562","30045090 (2.5%+2.5%)","HEMANT MEDICAL AGENCIES","10","0","208.99","261.24","274.30","02/2028"
"2923.","REJUNEX CD3 NF","TAB","K2601132","30045090 (2.5%+2.5%)","HEMANT MEDICAL AGENCIES","10","6 + {8}","208.99","261.24","274.30","04/2028"
"2924.","RENAMSAFE","TAB","T-2507173","30049099 (2.5%+2.5%)","SAI BABA SURGICAL","10","9 + {4}","114.28","142.86","150.00","06/2027"
"2925.","RENERVE PLUS INJ 2 ML","INJ","AREB25075","30043919 (2.5%+2.5%)","millennium medisolutions pvt ltd.","1","0","101.26","126.59","132.92","02/2027"
"2926.","RENERVE PLUS INJ 2 ML","INJ","AREB25089","30043919 (2.5%+2.5%)","millennium medisolutions pvt ltd.","1","0","111.38","139.23","146.19","03/2027"
"2927.","RENERVE PLUS INJ 2 ML","INJ","AREB25069","30043919 (2.5%+2.5%)","millennium medisolutions pvt ltd.","1","1","101.26","126.57","132.90","12/2026"
"2928.","RENERVE PLUS INJ 2 ML","INJ","AREB25081","30043919 (2.5%+2.5%)","millennium medisolutions pvt ltd.","1","0","101.26","126.57","132.90","03/2027"
"2929.","REPVOG  0.3/1","TAB","HT250190","30041010 (2.5%+2.5%)","SHIV MEDICAL AGENCIES","10","5","125.00","156.25","164.06","08/2027"
"2930.","REPVOG 0.3/2","TAB","CCT250010","30049099 (2.5%+2.5%)","SHIV MEDICAL AGENCIES","10","6","141.42","176.79","185.63","07/2027"
"2931.","RESPICEF - 500","TAB","RA244","3004 (2.5%+2.5%)","NEW sai medicose","10","0 + {2}","72.00","314.29","330.00","09/2026"
"2932.","RESPIDON 1 MG","TAB","2E95M003","30049099 (2.5%+2.5%)","millennium medisolutions pvt ltd.","10","2","20.15","25.19","26.45","08/2028"
"2933.","RESTBRO D","TAB","AT2508232A","3307 (2.5%+2.5%)","THE MOLEKULE DISTRIBUTORS","10","0","189.19","236.49","248.31","07/2027"
"2934.","RESTBRO D","TAB","AT2512042E","30049099 (2.5%+2.5%)","GUPTA MEDICAL HALL","10","0","189.19","236.49","248.31","11/2027"
"2935.","RESTBRO D","TAB","AT2603097A","3307 (2.5%+2.5%)","GUPTA MEDICAL HALL","10","9","205.74","257.14","270.00","02/2028"
"2936.","REVLAMER 800","TAB","GKH0730A","30049099 (2.5%+2.5%)","millennium medisolutions pvt ltd.","10","1 + {8}","191.24","239.05","251.00","03/2028"
"2937.","REXIGUT 400 MG","TAB","C12509","3004 (2.5%+2.5%)","SHREE GOPAL  PHARMACEUTICALS","10","7 + {3}","180.00","333.33","350.00","12/2027"
"2938.","RIFAFORD - 400 MG","TAB","C12507B","3004 (2.5%+2.5%)","SHREE GOPAL  PHARMACEUTICALS","10","0","180.00","379.05","398.00","11/2027"
"2939.","RIFAFORD - 400 MG","TAB","C12601B","3004 (2.5%+2.5%)","SHREE GOPAL  PHARMACEUTICALS","10","3 + {3}","180.00","476.19","500.00","06/2028"
"2940.","RIFAGREAT 550","TAB","I24130","3004 (2.5%+2.5%)","NEW sai medicose","10","0 + {2}","150.19","285.71","300.00","04/2027"
"2941.","RIFARISTO 400 MG TAB","TAB","AMT2507130","3004 (2.5%+2.5%)","SHREE GOPAL  PHARMACEUTICALS","10","0","129.00","321.43","337.50","06/2027"
"2942.","RIFARISTO 400 MG TAB","TAB","AMT2602025","3004 (2.5%+2.5%)","SHREE GOPAL  PHARMACEUTICALS","10","0","129.00","342.86","360.00","01/2028"
"2943.","RIFARISTO 550","TAB","AMT2510190","3004 (2.5%+2.5%)","SHREE GOPAL  PHARMACEUTICALS","10","2 + {7}","153.60","314.29","330.00","09/2027"
"2944.","RISDONE LS","TAB","N2600789","30049099 (2.5%+2.5%)","millennium medisolutions pvt ltd.","10","0","73.45","91.81","96.40","02/2029"
"2945.","RISDONE PLUS","TAB","N2600452","30049099 (2.5%+2.5%)","millennium medisolutions pvt ltd.","10","3 + {1}","73.45","91.81","96.40","01/2029"
"2946.","RISDONE PLUS","TAB","N2600836","30049099 (2.5%+2.5%)","millennium medisolutions pvt ltd.","10","4 + {40}","73.45","91.81","96.40","02/2029"
"2947.","RIVOTRIL 0.5","TAB","RTA25011","30049082 (2.5%+2.5%)","millennium medisolutions pvt ltd.","15","2 + {1}","42.11","52.65","55.28","04/2028"
"2948.","RIZANET 5 MG STRIP","STRIPS","WPC0003","30049099 (2.5%+2.5%)","millennium medisolutions pvt ltd.","1","6","34.29","42.86","45.00","02/2028"
"2949.","ROCK ON GLUCOSE - D 150R","Powder","L26001","1702 (2.5%+2.5%)","SHREE GOPAL  PHARMACEUTICALS","1","2","29.00","50.48","53.00","01/2028"
"2950.","ROMO FLOW METER","General","G24D020749","3004 (2.5%+2.5%)","nath medicose","1","1","178.00","314.29","330.00","03/2029"
"2951.","ROMO LINE 18 NO.","CATHETER","G25G010763","9018 (2.5%+2.5%)","nath medicose","1","5","15.00","76.19","80.00","06/2030"
"2952.","ROMO VAC - 16","Bag","G25B010684","9018 (2.5%+2.5%)","nath medicose","1","0","208.00","419.05","440.00","01/2030"
"2953.","ROMODRAIN","General","G15238","90183990 (2.5%+2.5%)","a and a hygien and surgical cre","1","2","65.00","139.05","146.00","11/2029"
"2954.","RONEMOX 250 MC DT","TAB","MRL0520","30041030 (2.5%+2.5%)","PRAKASH PHARMA","10","40","11.25","24.79","26.03","06/2027"
"2955.","ROSUBEST - F","TAB","PC26001","3004 (2.5%+2.5%)","SHREE GOPAL  PHARMACEUTICALS","10","0 + {2}","42.00","133.33","140.00","12/2027"
"2956.","ROSUBEST - F","TAB","PC26002","3004 (2.5%+2.5%)","NEW sai medicose","10","0","40.36","106.67","112.00","12/2027"
"2957.","ROSUBEST - F","TAB","PC25005","3004 (2.5%+2.5%)","NEW sai medicose","10","0","40.31","106.67","112.00","05/2027"
"2958.","ROSUBEST - F","TAB","PC26007","3004 (2.5%+2.5%)","gandhi medical hall","10","1","45.00","138.10","145.00","02/2028"
"2959.","ROSUBEST - F","TAB","PC26009","3004 (2.5%+2.5%)","gandhi medical hall","10","10","45.00","138.10","145.00","03/2028"
"2960.","ROSUBEST - F","TAB","PC26003","3004 (2.5%+2.5%)","NEW sai medicose","10","0","40.36","106.67","112.00","12/2027"
"2961.","ROSUBEST - F","TAB","PC25009","3004 (2.5%+2.5%)","NEW sai medicose","10","0","40.36","106.67","112.00","05/2027"
"2962.","ROSUGARD - 10","TAB","AMQ09BTB","3004 (2.5%+2.5%)","SHREE GOPAL  PHARMACEUTICALS","10","0","17.07","106.67","112.00","02/2028"
"2963.","ROSUGARD - 10","TAB","AMQ05BTA","3004 (2.5%+2.5%)","SHREE GOPAL  PHARMACEUTICALS","10","0","16.61","84.76","89.00","07/2027"
"2964.","ROSUGARD - 10","TAB","AMQ08BTA","3004 (2.5%+2.5%)","SHREE GOPAL  PHARMACEUTICALS","10","0","16.61","84.76","89.00","07/2027"
"2965.","ROSUGARD - 10","TAB","AMQ06BTA","3004 (2.5%+2.5%)","gandhi medical hall","10","6","16.00","142.86","150.00","07/2027"
"2966.","ROSUGARD - 10","TAB","AMQ08BTB","3004 (2.5%+2.5%)","SHREE GOPAL  PHARMACEUTICALS","10","0","17.07","142.86","150.00","01/2028"
"2967.","ROSUGARD - 10","TAB","AMQ10BTB","3004 (2.5%+2.5%)","NEW sai medicose","10","0 + {1}","17.52","142.86","150.00","02/2028"
"2968.","ROSUGARD - 20","TAB","AMQ05BHB","3004 (2.5%+2.5%)","SHREE GOPAL  PHARMACEUTICALS","10","0","26.15","142.86","150.00","01/2028"
"2969.","ROSUGARD - 20","TAB","AMQ03BHA","3004 (2.5%+2.5%)","gandhi medical hall","10","0 + {5}","26.00","142.86","150.00","02/2027"
"2970.","ROSUGARD - 20","TAB","AMQ08BHB","3004 (2.5%+2.5%)","SHREE GOPAL  PHARMACEUTICALS","10","8 + {5}","26.58","148.57","156.00","02/2028"
"2971.","ROSUGARD - 40","TAB","AMQ03BSB","3004 (2.5%+2.5%)","gandhi medical hall","10","5","50.00","167.62","176.00","12/2027"
"2972.","ROSUVAS - F 20","TAB","SIH0063A","300490 (2.5%+2.5%)","millennium medisolutions pvt ltd.","10","2 + {4}","374.86","468.57","492.00","07/2028"
"2973.","ROSUVAS - F 20","TAB","SIG2321A","300490 (2.5%+2.5%)","millennium medisolutions pvt ltd.","10","0","341.43","426.79","448.13","04/2028"
"2974.","ROSUVAS - F 20","TAB","SIH0061A","300490 (2.5%+2.5%)","millennium medisolutions pvt ltd.","10","2","374.86","468.57","492.00","06/2028"
"2975.","ROSUVAS 40","TAB","SIG1977A","300490 (2.5%+2.5%)","millennium medisolutions pvt ltd.","10","3","467.86","584.82","614.06","03/2028"
"2976.","ROSVAPAN - 20","TAB","PL-25015","30049099 (2.5%+2.5%)","GUPTA MEDICAL HALL","10","2 + {4}","48.00","106.67","112.00","04/2028"
"2977.","ROSWOW CV - 20","TAB","HC250015","30049099 (2.5%+2.5%)","SHIV MEDICAL AGENCIES","10","1 + {3}","118.52","191.08","200.63","04/2027"
"2978.","ROVASDAY CL 20","TAB","WDSY326001","3004 (2.5%+2.5%)","SHREE GOPAL  PHARMACEUTICALS","10","8","46.58","133.33","140.00","03/2028"
"2979.","ROVASDAY CL 20","TAB","WDSY325002","3004 (2.5%+2.5%)","SHREE GOPAL  PHARMACEUTICALS","10","0","44.30","106.67","112.00","06/2027"
"2980.","ROVASDAY CL 20","TAB","WDSY325004","3004 (2.5%+2.5%)","SHREE GOPAL  PHARMACEUTICALS","10","4","46.58","133.33","140.00","08/2027"
"2981.","ROVASDAY F 20","TAB","AT26-0115","3004 (2.5%+2.5%)","SHREE GOPAL  PHARMACEUTICALS","10","11 + {7}","47.95","230.48","242.00","01/2028"
"2982.","ROZAVEL - F","TAB","SIH0385A","30049099 (2.5%+2.5%)","millennium medisolutions pvt ltd.","15","3","350.48","438.10","460.00","07/2028"
"2983.","ROZUCARD - GOLD 10 MG","TAB","G6115009A","3004 (2.5%+2.5%)","NEW sai medicose","10","4","43.80","106.67","112.00","09/2027"
"2984.","ROZUCARD - GOLD 20 MG","TAB","G6125009A","3004 (2.5%+2.5%)","NEW sai medicose","10","0","49.80","106.67","112.00","09/2027"
"2985.","ROZUCARD - GOLD 20 MG","TAB","G6125012B","3004 (2.5%+2.5%)","NEW sai medicose","10","5","49.80","106.67","112.00","11/2027"
"2986.","RTQS - 200","TAB","IC674007","3004 (2.5%+2.5%)","NEW sai medicose","15","0 + {2}","59.90","84.76","89.00","08/2026"
"2987.","RUBIRED S INJ","INJ","BI250153AR","30045090 (2.5%+2.5%)","ROHIT PHARMA","1","4","113.30","284.04","298.24","05/2027"
"2988.","RUBIRED S INJ","INJ","BI250176B","30045090 (2.5%+2.5%)","ROHIT PHARMA","1","0","113.32","284.04","298.24","06/2027"
"2989.","RUBIRED TAB","TAB","18254060B","30045090 (2.5%+2.5%)","millennium medisolutions pvt ltd.","10","0","136.71","170.89","179.43","09/2028"
"2990.","RUBIRED TAB","TAB","18254060B","30045090 (2.5%+2.5%)","ROHIT PHARMA","10","1 + {4}","124.09","170.89","179.43","09/2028"
"2991.","RUBIRED TAB","TAB","18253592A","30045090 (2.5%+2.5%)","ROHIT PHARMA","10","10 + {5}","124.09","170.89","179.43","08/2028"
"2992.","RUBIRED Z","TAB","GF246005","30049099 (2.5%+2.5%)","ROHIT PHARMA","10","6 + {6}","141.64","196.08","205.88","04/2028"
"2993.","RUBIRED Z","TAB","GF245010","30049099 (2.5%+2.5%)","ROHIT PHARMA","10","2 + {4}","129.45","178.26","187.17","07/2027"
"2994.","RUBIRED Z","TAB","GF245009","30049099 (2.5%+2.5%)","ROHIT PHARMA","10","0","129.45","178.26","187.17","07/2027"
"2995.","RUBIRED Z","TAB","GF246003","30049099 (2.5%+2.5%)","ROHIT PHARMA","10","0","129.45","178.26","187.17","12/2027"
"2996.","RYLES TUBE 14 RL","Tube","G25F010037","9018 (2.5%+2.5%)","nath medicose","1","9","15.00","77.14","81.00","05/2030"
"2997.","RYLES TUBE 16 RL","Tube","G25H010540","9018 (2.5%+2.5%)","nath medicose","1","0","15.00","76.79","80.63","07/2030"
"2998.","RYLES TUBE 16 RL","Tube","G25A010563","9018 (2.5%+2.5%)","nath medicose","1","0","15.00","77.14","81.00","12/2029"
"2999.","RYLES TUBE 16 RL","Tube","G26B010278","9018 (2.5%+2.5%)","nath medicose","1","4","15.00","76.79","80.63","01/2031"
"3000.","RYLES TUBE 18 RL","Tube","G25G010763","9018 (2.5%+2.5%)","nath medicose","1","2","15.00","76.79","80.63","06/2030"
"3001.","S.V SET","Cannula","G25A011099","9018 (2.5%+2.5%)","a and a hygien and surgical cre","1","38","5.00","16.19","17.00","11/2032"
"3002.","SAAZ 500 MG","TAB","JMT0126004AS","30049099 (2.5%+2.5%)","millennium medisolutions pvt ltd.","10","1","38.40","48.00","50.40","01/2029"
"3003.","SACUMUST - 50 TAB","TAB","LGP09/105/09","3004 (2.5%+2.5%)","NEW sai medicose","14","0 + {4}","64.13","298.10","313.00","08/2027"
"3004.","SAFEPODOX CV","TAB","INL0017","3004 (2.5%+2.5%)","NEW sai medicose","6","0 + {7}","50.00","116.19","122.00","08/2026"
"3005.","SAFEROXIM 500 TAB","TAB","ZJK652","3004 (2.5%+2.5%)","NEW sai medicose","4","0","52.00","84.76","89.00","10/2026"
"3006.","SAFEXIM 100 DRY SYP","SYRUP","INL0004","3004 (2.5%+2.5%)","gandhi medical hall","1","5","24.00","71.70","75.28","12/2026"
"3007.","SAFLIN - S 1500","INJ","25DF20G","30049099 (2.5%+2.5%)","GOEL MEDICOS","1","26","30.00","174.10","182.81","05/2027"
"3008.","SAFLIN - S 1500","INJ","25DF20C","30049099 (2.5%+2.5%)","GOEL MEDICOS","1","0","30.00","174.10","182.81","05/2027"
"3009.","SAMLOL INJ","INJ","IRNAA1602","30049039 (2.5%+2.5%)","BAJAJ MEDICAL AGENCY","1","14","87.00","357.14","375.00","01/2028"
"3010.","SAMLOL INJ","INJ","IRNAA1505","30049039 (2.5%+2.5%)","BAJAJ MEDICAL AGENCY","1","0","87.00","264.76","278.00","06/2027"
"3011.","SCABOVATE LOTION","General","K0980","3004 (2.5%+2.5%)","gandhi medical hall","1","4","32.07","50.00","52.50","08/2027"
"3012.","SELGIN TAB","TAB","V2600081","30049099 (2.5%+2.5%)","HEMANT MEDICAL AGENCIES","10","10","73.57","91.96","96.56","02/2029"
"3013.","SELGIN TAB","TAB","V2600081","30049099 (2.5%+2.5%)","millennium medisolutions pvt ltd.","10","4","73.57","91.96","96.56","02/2029"
"3014.","SELGIN TAB","TAB","V2500309","30049099 (2.5%+2.5%)","HEMANT MEDICAL AGENCIES","10","2","73.57","91.96","96.56","10/2028"
"3015.","SELGIN TAB","TAB","V2500309","30049099 (2.5%+2.5%)","millennium medisolutions pvt ltd.","10","0","73.57","91.96","96.56","10/2028"
"3016.","SEMBOLIC INJ","INJ","BBO0027A","30049099 (2.5%+2.5%)","SHIV MEDICAL AGENCIES","1","0","6,665.90","8,332.38","8,749.00","07/2027"
"3017.","SETFRAC K2","TAB","MML/25/058","21069099 (2.5%+2.5%)","ROHIT PHARMA","15","3 + {13}","362.70","453.38","476.05","11/2027"
"3018.","SETFRAC K2","TAB","MML/25/025","21069099 (2.5%+2.5%)","ROHIT PHARMA","15","0 + {2}","362.70","453.38","476.05","05/2027"
"3019.","SHOE COVER","General","1254SC26","3004 (2.5%+2.5%)","nath medicose","1","500","2.00","5.71","6.00","10/2030"
"3020.","SIARIZO 200","TAB","XYD0004","30049099 (2.5%+2.5%)","millennium medisolutions pvt ltd.","6","0","707.14","883.93","928.13","02/2028"
"3021.","SICAIN O SUP","SUSP","L26D257A","30049099 (2.5%+2.5%)","GUPTA MEDICAL HALL","1","0","106.65","133.32","139.99","03/2028"
"3022.","SICAIN O SUPP","SUSP","L25F016A","30049099 (2.5%+2.5%)","GUPTA MEDICAL HALL","1","0","85.71","112.00","112.00","05/2027"
"3023.","SILKO - 16 CATHER","CATHETER","G25K010642","9018 (2.5%+2.5%)","nath medicose","1","0","124.75","238.10","250.00","10/2030"
"3024.","SILKO - 16 CATHER","CATHETER","G25L010806","9018 (2.5%+2.5%)","nath medicose","1","6","124.75","285.71","300.00","11/2030"
"3025.","SILKO - 18 NO. CATHER","CATHETER","G26B010474","9018 (2.5%+2.5%)","nath medicose","1","5","124.75","261.90","275.00","01/2031"
"3026.","SILKO-14 CATHER","CATHETER","G25G010585","9018 (2.5%+2.5%)","nath medicose","1","0","124.75","285.71","300.00","06/2030"
"3027.","SILKO-14 CATHER","CATHETER","G26G120062","9018 (2.5%+2.5%)","a and a hygien and surgical cre","1","5","135.00","285.71","300.00","10/2029"
"3028.","SILKO-14 CATHER","CATHETER","G25L010782","9018 (2.5%+2.5%)","nath medicose","1","0","124.75","285.71","300.00","11/2030"
"3029.","SILOFAST - T","TAB","AMO01ANA","3004 (2.5%+2.5%)","gandhi medical hall","10","0 + {7}","340.00","425.00","446.25","02/2027"
"3030.","SILOFAST 4 MG","TAB","BRF08162A","30049099 (2.5%+2.5%)","millennium medisolutions pvt ltd.","15","4","273.30","341.63","358.71","07/2028"
"3031.","SILOFAST 8 MG","TAB","BRF09019A","30049099 (2.5%+2.5%)","GUPTA MEDICAL HALL","15","0","448.63","560.78","588.82","08/2028"
"3032.","SILOFAST 8 MG","TAB","BRF09019A","30049099 (2.5%+2.5%)","millennium medisolutions pvt ltd.","15","0 + {5}","448.62","560.78","588.82","08/2028"
"3033.","SILOFAST 8 MG","TAB","ATS02CTA","30049099 (2.5%+2.5%)","GUPTA MEDICAL HALL","15","1","448.63","560.78","588.82","11/2027"
"3034.","SILOFAST M 25","TAB","FT51425006","30049099 (2.5%+2.5%)","millennium medisolutions pvt ltd.","10","3","314.29","392.86","412.50","10/2027"
"3035.","SILOFAST M 50","TAB","FT51525006","30049099 (2.5%+2.5%)","millennium medisolutions pvt ltd.","10","3 + {4}","392.85","491.07","515.62","11/2027"
"3036.","SILOSMART - 8 MG","CAPs","RPG2574","30049099 (2.5%+2.5%)","R.K. MEDICINE TRADERS","10","11","245.00","307.13","322.49","06/2027"
"3037.","SILOTIME - T","CAPs","INP25SF01","30049099 (2.5%+2.5%)","millennium medisolutions pvt ltd.","10","0 + {5}","339.29","424.10","445.31","06/2027"
"3038.","SILOTIME - T","CAPs","INP5SF01","30049099 (2.5%+2.5%)","millennium medisolutions pvt ltd.","10","0","339.29","424.10","445.31","06/2027"
"3039.","SILVEREX SSD","OINTMENT","SXG2648A","30049029 (2.5%+2.5%)","millennium medisolutions pvt ltd.","1","2","148.57","185.71","195.00","11/2027"
"3040.","SINRV - OK SACHET","Sachet","S250271","21069099 (2.5%+2.5%)","GUPTA MEDICAL HALL","1","0","23.72","29.66","31.14","12/2026"
"3041.","SINRV - OK SACHET","Sachet","S260249B","21069099 (2.5%+2.5%)","GUPTA MEDICAL HALL","1","28","20.47","38.09","39.99","11/2027"
"3042.","SINRV - OK SACHET","Sachet","S260162D","21069099 (2.5%+2.5%)","GUPTA MEDICAL HALL","1","0","29.64","37.05","38.90","09/2027"
"3043.","SINRV - OK SACHET","Sachet","S250453","21069099 (2.5%+2.5%)","GUPTA MEDICAL HALL","1","0","28.11","35.14","36.90","05/2027"
"3044.","SINRV - OK SACHET","Sachet","S250177","21069099 (2.5%+2.5%)","GUPTA MEDICAL HALL","1","0","23.73","29.67","31.15","10/2026"
"3045.","SINRV - OK SACHET","Sachet","S260210","21069099 (2.5%+2.5%)","GUPTA MEDICAL HALL","1","72","29.64","37.05","38.90","10/2027"
"3046.","SINRV - OK SACHET","Sachet","S260037","21069099 (2.5%+2.5%)","GUPTA MEDICAL HALL","1","0","28.11","35.14","36.90","07/2027"
"3047.","SINRV LC","TAB","AT251022","30049094 (2.5%+2.5%)","GUPTA MEDICAL HALL","10","0","99.93","124.91","131.16","11/2027"
"3048.","SINRV OK SACHET","Sachet","S260210","21069099 (2.5%+2.5%)","GUPTA MEDICAL HALL","1","39","29.64","37.05","38.90","10/2027"
"3049.","SINRV PLUS INJ","INJ","UIA26024","30049099 (2.5%+2.5%)","GUPTA MEDICAL HALL","1","12","27.42","34.28","35.99","06/2027"
"3050.","SINRV-FOL TAB","TAB","UGT251862D","30049099 (2.5%+2.5%)","GUPTA MEDICAL HALL","10","13 + {8}","113.52","141.90","149.00","10/2027"
"3051.","SINRV-FOL TAB","TAB","UGT251862D","30049099 (2.5%+2.5%)","GUPTA MEDICAL HALL","10","0","113.98","141.90","149.00","10/2027"
"3052.","SIPRIT 100 ML","Sanitizer","1254","2841 (9%+9%)","a and a hygien and surgical cre","1","10","16.00","28.39","33.50","10/2029"
"3053.","SIROLON  4MG TAB","TAB","LGP09/120/03","3004 (2.5%+2.5%)","NEW sai medicose","10","3 + {2}","14.00","56.19","59.00","08/2027"
"3054.","SIROLON  8MG TAB","TAB","LGP09/121/05","3004 (2.5%+2.5%)","NEW sai medicose","10","0 + {7}","21.00","56.19","59.00","08/2027"
"3055.","SIROLON  8MG TAB","TAB","YT2320C","3004 (2.5%+2.5%)","NEW sai medicose","10","5","21.00","42.86","45.00","09/2027"
"3056.","SIROLON  8MG TAB","TAB","LGP03/254/03","3004 (2.5%+2.5%)","NEW sai medicose","10","3 + {6}","21.00","53.33","56.00","02/2027"
"3057.","SIROLON 40 S","INJ","24GL08M","3004 (2.5%+2.5%)","NEW sai medicose","1","0","24.98","43.81","46.00","11/2026"
"3058.","SIROLON 4OS VIAL","INJ","24GL08M","3004 (2.5%+2.5%)","NEW sai medicose","1","1","24.98","42.86","45.00","11/2026"
"3059.","SITABEST - D 10/100","TAB","LGP03/171/","3004 (2.5%+2.5%)","gandhi medical hall","10","2 + {7}","171.43","214.29","225.00","02/2027"
"3060.","SITACIP M 50/1000","TAB","EMV252988A","30049099 (2.5%+2.5%)","HEMANT MEDICAL AGENCIES","15","2","102.85","128.56","134.99","11/2027"
"3061.","SITAGLO GM 1/50/500","TAB","EMV252246B","30049099 (2.5%+2.5%)","millennium medisolutions pvt ltd.","10","0","78.57","98.21","103.12","08/2027"
"3062.","SITAGLO GM 1/50/500","TAB","EMV252246B","30049099 (2.5%+2.5%)","sanghi pharma","10","0","78.57","98.21","103.12","08/2027"
"3063.","SITAGLO GM 2/50/500","TAB","EMV251767E","30049099 (2.5%+2.5%)","millennium medisolutions pvt ltd.","10","4 + {5}","89.28","111.60","117.18","08/2027"
"3064.","SITAGLO GM 2/50/500","TAB","EMV251767E","30049099 (2.5%+2.5%)","sanghi pharma","10","0","89.28","111.60","117.18","08/2027"
"3065.","SITAGLO GM1/1000","TAB","MT243686","30049099 (2.5%+2.5%)","sanghi pharma","10","3","92.14","115.18","120.94","11/2026"
"3066.","SITAGLYS M 50/500","TAB","G7684011A","3004 (2.5%+2.5%)","NEW sai medicose","15","0 + {5}","51.54","127.14","133.50","10/2026"
"3067.","SITAGLYS M 50/500","TAB","GD425004","3004 (2.5%+2.5%)","NEW sai medicose","15","0 + {8}","52.00","106.67","112.00","02/2028"
"3068.","SITAGLYYS 50","TAB","G1785006","3004 (2.5%+2.5%)","NEW sai medicose","7","0","30.00","85.71","90.00","06/2027"
"3069.","SITALIPTIN - 100 M SR","TAB","PBQDV15","3004 (2.5%+2.5%)","SHREE GOPAL  PHARMACEUTICALS","15","5 + {9}","93.00","238.10","250.00","10/2026"
"3070.","SIZODON PLUS","TAB","SIG1914A","30049099 (2.5%+2.5%)","millennium medisolutions pvt ltd.","10","2","91.43","114.29","120.00","08/2028"
"3071.","SKEBAZOR","TAB","ANO04APA","30049069 (2.5%+2.5%)","HEMANT MEDICAL AGENCIES","10","0 + {2}","184.64","230.80","242.34","09/2027"
"3072.","SKEBAZOR","TAB","ANO04APA","30049069 (2.5%+2.5%)","millennium medisolutions pvt ltd.","10","0 + {7}","184.64","230.80","242.34","09/2027"
"3073.","SKEBAZOR","TAB","ANO01APA","30049069 (2.5%+2.5%)","millennium medisolutions pvt ltd.","10","0","184.64","230.80","242.34","01/2027"
"3074.","SKEBAZOR","TAB","ANO04APA","30049069 (2.5%+2.5%)","PNACO PHARMA PVT.LTD","10","11","169.19","230.80","242.34","09/2027"
"3075.","SKEBAZOR","TAB","ANO0APA","30049069 (2.5%+2.5%)","PNACO PHARMA PVT.LTD","10","0 + {5}","184.64","230.80","242.34","09/2027"
"3076.","SKEBAZOR","TAB","ANO02APA","30049069 (2.5%+2.5%)","HEMANT MEDICAL AGENCIES","10","0","184.64","230.80","242.34","03/2027"
"3077.","SKEBAZOR","TAB","ANO4APA","30049069 (2.5%+2.5%)","PNACO PHARMA PVT.LTD","10","0","184.64","230.80","242.34","09/2027"
"3078.","SMART BANDID - R","General","26FSB37","3005 (2.5%+2.5%)","SHREE GOPAL  PHARMACEUTICALS","1","95","1.70","2.38","2.50","01/2029"
"3079.","SMART BANDID - WASH","General","26FSB29","3005 (2.5%+2.5%)","SHREE GOPAL  PHARMACEUTICALS","1","74","2.00","3.81","4.00","01/2029"
"3080.","SODICAB - 500","TAB","MT252102","3004 (2.5%+2.5%)","SHREE GOPAL  PHARMACEUTICALS","10","3 + {2}","9.35","40.95","43.00","11/2027"
"3081.","SOFIBET - B CREAM","OINTMENT","ADE2513101","3004 (2.5%+2.5%)","NEW sai medicose","1","2","59.40","84.76","89.00","09/2027"
"3082.","SOFIBET - B CREAM","OINTMENT","ADE25668","3004 (2.5%+2.5%)","NEW sai medicose","1","0","59.40","106.67","112.00","06/2027"
"3083.","SOFIBET - B CREAM","OINTMENT","ADE251301","3004 (2.5%+2.5%)","NEW sai medicose","1","6","59.40","106.67","112.00","09/2027"
"3084.","SOFRAMYCIN CR.30 GM","OINTMENT","I5CH207","30041090 (2.5%+2.5%)","NEW sai medicose","1","0","40.52","50.66","53.19","03/2028"
"3085.","SOFRAMYCIN CR.30 GM","OINTMENT","I5CH133","30041090 (2.5%+2.5%)","NEW sai medicose","1","0","40.52","50.66","53.19","01/2028"
"3086.","SOFRAMYCIN CR.30 GM","OINTMENT","G6CH103","30041090 (2.5%+2.5%)","SHIV PHARMA TRADERS","1","4","40.53","50.66","53.19","07/2028"
"3087.","SOFRAMYCIN CR.30 GM","OINTMENT","I5CH209","30041090 (2.5%+2.5%)","millennium medisolutions pvt ltd.","1","0","40.53","50.66","53.19","03/2028"
"3088.","SOFRAMYCIN CR.30 GM","OINTMENT","I5CH168","30041090 (2.5%+2.5%)","millennium medisolutions pvt ltd.","1","0","40.00","50.66","53.19","01/2028"
"3089.","SOFRAMYCIN CR.30 GM","OINTMENT","16CH39","30041090 (2.5%+2.5%)","millennium medisolutions pvt ltd.","1","5","40.78","50.98","53.53","10/2028"
"3090.","SOFRAMYCIN CR.30 GM","OINTMENT","15CH199","30041090 (2.5%+2.5%)","OM MEDICAL HALL","1","0","40.53","50.66","53.19","03/2028"
"3091.","SOFRAMYCIN CR.30 GM","OINTMENT","I5CH200","30041090 (2.5%+2.5%)","HEMANT MEDICAL AGENCIES","1","3","40.53","50.66","53.19","03/2028"
"3092.","SOFT COTTON  ROLL 6 INCH","Bandage","CP-23007","30059090 (2.5%+2.5%)","a and a hygien and surgical cre","1","6","35.00","106.67","112.00","10/2028"
"3093.","SOFT COTTON ROLL 4 INCH","Bandage","BH25027","30059040 (2.5%+2.5%)","a and a hygien and surgical cre","1","13","25.00","84.76","89.00","10/2029"
"3094.","SOLIACT 10 MG","TAB","5SA2159","30049099 (2.5%+2.5%)","gandhi medical hall","15","1 + {6}","719.54","899.42","944.39","09/2027"
"3095.","SOLIACT 10 MG","TAB","4SA2670","30049099 (2.5%+2.5%)","millennium medisolutions pvt ltd.","15","2","719.54","899.42","944.39","10/2026"
"3096.","SOLIACT 5 MG","TAB","5SA2414","30049099 (2.5%+2.5%)","gandhi medical hall","15","2 + {1}","561.81","702.27","737.38","09/2027"
"3097.","SOLIACT 5 MG","TAB","6SA0493","30049099 (2.5%+2.5%)","gandhi medical hall","15","1","561.81","702.27","737.38","01/2028"
"3098.","SOLIACT 5 MG","TAB","5SA2414","30049099 (2.5%+2.5%)","GUPTA MEDICAL HALL","15","3","561.81","702.27","737.38","09/2027"
"3099.","SOLIACT 5 MG","TAB","5SA1379","30049099 (2.5%+2.5%)","millennium medisolutions pvt ltd.","15","0","510.74","638.43","670.35","05/2027"
"3100.","SOLONIUM SYP","SYRUP","S2412107A","3004 (2.5%+2.5%)","NEW sai medicose","1","0","28.00","53.33","56.00","11/2026"
"3101.","SOLRAVIT B TAB","TAB","DST24017","3004 (2.5%+2.5%)","NEW sai medicose","30","2","7.70","19.05","20.00","10/2026"
"3102.","SOOTHREX - BR","SYRUP","DAT25011","3004 (2.5%+2.5%)","NEW sai medicose","1","4","28.39","88.90","93.34","08/2027"
"3103.","SORBITRATE 10 MG","TAB","SBB24013","30049011 (2.5%+2.5%)","GUPTA MEDICAL HALL","50","1","32.28","40.36","42.38","06/2027"
"3104.","SORBITRATE 5 MG","TAB","SBA25017","30049011 (2.5%+2.5%)","GUPTA MEDICAL HALL","50","0 + {47}","33.20","41.50","43.58","07/2027"
"3105.","SORBITRATE 5 MG","TAB","SBA25008","3004 (2.5%+2.5%)","NEW sai medicose","50","0 + {17}","33.20","41.50","43.58","01/2028"
"3106.","SORTHREX BR","SYRUP","DAT25011","3004 (2.5%+2.5%)","NEW sai medicose","1","0","28.39","80.95","85.00","08/2027"
"3107.","SORTHREX BR","SYRUP","DAT25014","3004 (2.5%+2.5%)","OM MEDICAL HALL","1","1","30.30","83.33","87.50","08/2027"
"3108.","SOTHERX JUNIOR SYP","SYRUP","DAU25024","3004 (2.5%+2.5%)","NEW sai medicose","1","0","21.00","60.00","63.00","10/2027"
"3109.","SP-25% 100 ML","IV","G3TA04","3004 (2.5%+2.5%)","nath medicose","1","10","14.50","20.36","21.38","01/2029"
"3110.","SPINAL NEEDLE 23 G","General","2506006","9018 (2.5%+2.5%)","nath medicose","1","5","82.58","157.14","165.00","05/2030"
"3111.","SPINAL NEEDLE 25 G","General","2511017","9018 (2.5%+2.5%)","nath medicose","1","5","82.58","157.14","165.00","10/2030"
"3112.","SPINAL NEEDLE 26 G","General","2505015","9018 (2.5%+2.5%)","nath medicose","1","5","82.58","157.14","165.00","04/2030"
"3113.","SPINFREE TAB","TAB","N2601043","30049099 (2.5%+2.5%)","millennium medisolutions pvt ltd.","15","0 + {6}","165.00","206.25","216.56","03/2029"
"3114.","SPINFREE TAB","TAB","N2503354","30049099 (2.5%+2.5%)","HEMANT MEDICAL AGENCIES","15","0","165.00","206.25","216.56","09/2028"
"3115.","SPINFREE TAB","TAB","N2503810","30049099 (2.5%+2.5%)","HEMANT MEDICAL AGENCIES","15","0","165.00","206.25","216.56","10/2028"
"3116.","SPINFREE TAB","TAB","N2601447","30049099 (2.5%+2.5%)","PNACO PHARMA PVT.LTD","15","11","151.20","206.25","216.56","04/2029"
"3117.","SPINFREE TAB","TAB","N2600118","30049099 (2.5%+2.5%)","HEMANT MEDICAL AGENCIES","15","0 + {11}","165.00","206.25","216.56","12/2028"
"3118.","SPINFREE TAB","TAB","N2503354","30049099 (2.5%+2.5%)","millennium medisolutions pvt ltd.","15","0","165.00","206.25","216.56","09/2028"
"3119.","SPORLAC DS TAB","TAB","BDS25021","30049099 (2.5%+2.5%)","NEW sai medicose","25","0 + {1}","170.71","194.17","203.88","07/2027"
"3120.","SPORLAC DS TAB","TAB","BDS26013","30049099 (2.5%+2.5%)","gandhi medical hall","25","14 + {15}","157.33","213.49","224.16","03/2028"
"3121.","SPORLAC DS TAB","TAB","BDS26008","30049099 (2.5%+2.5%)","millennium medisolutions pvt ltd.","25","0 + {1}","170.79","213.49","224.16","02/2028"
"3122.","SPORLAC DS TAB","TAB","BDS25021","30049099 (2.5%+2.5%)","millennium medisolutions pvt ltd.","25","0","170.79","213.49","224.16","07/2027"
"3123.","SPORLAC DS TAB","TAB","BDS26009","30049099 (2.5%+2.5%)","millennium medisolutions pvt ltd.","25","0 + {11}","170.79","213.49","224.16","02/2028"
"3124.","SPORLAC DS TAB","TAB","BDS24021","30049099 (2.5%+2.5%)","OM MEDICAL HALL","20","0 + {14}","124.27","165.70","173.98","11/2026"
"3125.","SPORLAC DS TAB","TAB","BDS25010","30049099 (2.5%+2.5%)","NEW sai medicose","25","0","155.33","194.17","203.88","02/2027"
"3126.","SPORLAC DS TAB","TAB","BDS26013","30049099 (2.5%+2.5%)","millennium medisolutions pvt ltd.","25","2 + {2}","170.79","213.49","224.16","03/2028"
"3127.","STEMETIL INJ","INJ","AHM0003","3004 (2.5%+2.5%)","OM MEDICAL HALL","1","0","21.41","20.59","21.62","12/2028"
"3128.","STEMETIL INJ","INJ","NCM0014","3004 (2.5%+2.5%)","millennium medisolutions pvt ltd.","1","4","21.41","26.76","28.10","12/2028"
"3129.","STEMETIL INJ","INJ","NCL0262","3004 (2.5%+2.5%)","OM MEDICAL HALL","1","20","21.41","26.76","28.10","11/2028"
"3130.","STEMETIL MD TAB","TAB","SEA25027","30049039 (2.5%+2.5%)","","15","0","135.70","169.62","178.10","03/2027"
"3131.","STEMETIL MD TAB","TAB","SEA25027","30049039 (2.5%+2.5%)","millennium medisolutions pvt ltd.","15","0","135.07","169.62","178.10","03/2027"
"3132.","STEMETIL MD TAB","TAB","SEA25042","30049039 (2.5%+2.5%)","OM MEDICAL HALL","15","1 + {13}","149.26","186.58","195.91","05/2027"
"3133.","STEMETIL MD TAB","TAB","SEA26004","30049039 (2.5%+2.5%)","millennium medisolutions pvt ltd.","15","2","149.26","186.58","195.91","06/2027"
"3134.","STEMETIL MD TAB","TAB","SEA25040","30049039 (2.5%+2.5%)","millennium medisolutions pvt ltd.","15","4","149.26","186.58","195.91","04/2027"
"3135.","STEMITIL 1 ML","INJ","NCL0125","30049039 (2.5%+2.5%)","ROHTAK MEDICAL AGENCIES","1","0","19.47","24.33","25.55","05/2028"
"3136.","STEMITIL 1 ML","INJ","NCL0262","30049039 (2.5%+2.5%)","HEMANT MEDICAL AGENCIES","1","0","21.41","26.76","28.10","11/2028"
"3137.","STEMITIL 1 ML","INJ","AHL0136","30049039 (2.5%+2.5%)","millennium medisolutions pvt ltd.","1","1","21.41","26.76","28.10","10/2028"
"3138.","STEPTOR AS 10/75","TAB","AC2511027B","30049099 (2.5%+2.5%)","GUPTA MEDICAL HALL","15","17 + {11}","33.23","53.57","56.25","10/2027"
"3139.","STER.GAUZE SWAB","Bandage","SGS2604-02","3005 (2.5%+2.5%)","nath medicose","1","0","14.00","33.33","35.00","03/2029"
"3140.","STER.GAUZE SWAB","Bandage","SGS2511-02","3005 (2.5%+2.5%)","nath medicose","1","0","14.00","32.38","34.00","10/2028"
"3141.","STER.GAUZE SWAB","Bandage","713","3005 (2.5%+2.5%)","MAHADEV ENTERPRISES","1","0","13.50","34.29","36.00","02/2030"
"3142.","STER.GAUZE SWAB","Bandage","SGS2603-02","3005 (2.5%+2.5%)","nath medicose","1","0","14.00","31.43","33.00","02/2029"
"3143.","STER.GAUZE SWAB","Bandage","SGS2606-02","3005 (2.5%+2.5%)","nath medicose","1","27","14.00","32.38","34.00","05/2029"
"3144.","STER.GAUZE SWAB","Bandage","15","3005 (2.5%+2.5%)","nath medicose","1","0","14.00","32.38","34.00","08/2029"
"3145.","STER.GAUZE SWAB","Bandage","SGS2605-02","3005 (2.5%+2.5%)","nath medicose","1","50","14.50","33.33","35.00","04/2029"
"3146.","STERIPORT  D-10 500ML","Solution","10240537","3004 (2.5%+2.5%)","nath medicose","1","1","30.00","37.30","39.17","06/2027"
"3147.","STERIPORT  D-10 500ML","Solution","D25B2001","3004 (2.5%+2.5%)","nath medicose","1","10","28.50","74.29","78.00","12/2027"
"3148.","STOCKING BELT","General","ER543EW","9021 (2.5%+2.5%)","nath medicose","1","1","390.00","571.43","600.00","12/2027"
"3149.","STREPSILS","TAB","A1379","3004 (2.5%+2.5%)","NEW sai medicose","8","3 + {5}","20.75","26.67","28.00","10/2027"
"3150.","STROCIT INJ","INJ","GTG1891A","30049079 (2.5%+2.5%)","millennium medisolutions pvt ltd.","1","0","142.14","177.68","186.56","05/2027"
"3151.","STROCIT INJ","INJ","GTF2052A","30049079 (2.5%+2.5%)","millennium medisolutions pvt ltd.","1","0","130.00","173.33","182.00","06/2026"
"3152.","STROCIT ORAL DROP","DROP","SXG0993A","30049079 (2.5%+2.5%)","millennium medisolutions pvt ltd.","1","3","328.57","410.71","431.25","08/2027"
"3153.","STROCOZ PLUS","TAB","24S2GTB871","30049099 (2.5%+2.5%)","millennium medisolutions pvt ltd.","10","0","623.52","777.86","816.75","06/2026"
"3154.","STUGERON FORTE","TAB","J226004","30049039 (2.5%+2.5%)","millennium medisolutions pvt ltd.","20","1","440.71","550.90","578.44","12/2028"
"3155.","SUCOL VIAL","INJ","SU248068","30049099 (2.5%+2.5%)","mohinder pharma","1","10","44.00","52.99","55.64","08/2026"
"3156.","SUCRALNATE - O SYP","SYRUP","L50143A","300490 (2.5%+2.5%)","GUPTA MEDICAL HALL","1","0","65.00","231.43","243.00","02/2027"
"3157.","SUCRALNATE - O SYP","SYRUP","L50393A","300490 (2.5%+2.5%)","GUPTA MEDICAL HALL","1","0","65.00","190.48","200.00","07/2027"
"3158.","SUCTION CATHATER 06","General","G24B010793","9018 (2.5%+2.5%)","nath medicose","1","4","9.14","41.90","44.00","01/2029"
"3159.","SUCTION CATHATER 08","GlOVES","G25L010361","9018 (2.5%+2.5%)","nath medicose","1","4","9.14","41.90","44.00","11/2030"
"3160.","SUCTION CATHATER 10","General","G25G010195","9018 (2.5%+2.5%)","nath medicose","1","4","9.14","41.90","44.00","06/2030"
"3161.","SUCTION CATHATER 12","CATHETER","G25H010328","9018 (2.5%+2.5%)","nath medicose","1","3","8.90","42.86","45.00","07/2030"
"3162.","SUCTION CATHATER 12","CATHETER","G25H010328","9018 (2.5%+2.5%)","a and a hygien and surgical cre","1","6","10.00","41.90","44.00","10/2028"
"3163.","SUCTION CATHATER 16","CATHETER","G25H010328","9018 (2.5%+2.5%)","nath medicose","1","6","9.14","69.52","73.00","07/2030"
"3164.","SUCTION CATHATER 16","CATHETER","G25C010770","9018 (2.5%+2.5%)","nath medicose","1","6","8.90","42.86","45.00","02/2030"
"3165.","SUCTION CATHTER 14","CATHETER","G24L010672","9018 (2.5%+2.5%)","nath medicose","1","0","8.90","42.86","45.00","11/2029"
"3166.","SUCTION CATHTER 14","CATHETER","G21102394","9018 (2.5%+2.5%)","a and a hygien and surgical cre","1","0","10.00","41.90","44.00","10/2026"
"3167.","SUCTION CATHTER 14","CATHETER","G26A010533","9018 (2.5%+2.5%)","nath medicose","1","40","9.14","43.81","46.00","12/2030"
"3168.","SUCTION CATHTER 14","CATHETER","D21102394","9018 (2.5%+2.5%)","a and a hygien and surgical cre","1","0","10.00","41.90","44.00","10/2028"
"3169.","SULFLUX -HP KIT","TAB","A007454","3004 (2.5%+2.5%)","NEW sai medicose","1","0","65.00","106.67","112.00","07/2027"
"3170.","SULFLUX-IT  CAP","CAPs","PGC25-117A","3004 (2.5%+2.5%)","NEW sai medicose","10","0 + {6}","29.70","63.62","66.80","03/2027"
"3171.","SUMO ASP TAB","TAB","SUM25005SH","30049069 (2.5%+2.5%)","millennium medisolutions pvt ltd.","10","0","94.97","118.71","124.65","01/2027"
"3172.","SUMO ASP TAB","TAB","SUM24001SH","30049069 (2.5%+2.5%)","GUPTA MEDICAL HALL","10","0 + {9}","95.00","118.75","124.69","10/2026"
"3173.","SUMO COLD TAB","TAB","26440362","30066010 (2.5%+2.5%)","millennium medisolutions pvt ltd.","10","0 + {7}","38.55","48.19","50.60","12/2028"
"3174.","SUMO COLD TAB","TAB","26440076","30066010 (2.5%+2.5%)","millennium medisolutions pvt ltd.","10","0","38.55","48.19","50.60","12/2028"
"3175.","SUMO COLD TAB","TAB","25443831","30066010 (2.5%+2.5%)","","10","0","38.55","48.19","50.60","09/2028"
"3176.","SUMO COLD TAB","TAB","25443831","30066010 (2.5%+2.5%)","millennium medisolutions pvt ltd.","10","0","32.84","48.19","50.60","09/2028"
"3177.","SUMO COLD TAB","TAB","25444775","30066010 (2.5%+2.5%)","millennium medisolutions pvt ltd.","10","0","38.55","48.19","50.60","11/2028"
"3178.","SUMO COLD TAB","TAB","26440363","30066010 (2.5%+2.5%)","millennium medisolutions pvt ltd.","10","6","38.55","48.19","50.60","12/2028"
"3179.","SUMO COLD TAB","TAB","25443831","30066010 (2.5%+2.5%)","ANAND MEDICOS","10","0","38.58","48.19","50.60","09/2028"
"3180.","SUPERDYN","TAB","MH1202","30045090 (2.5%+2.5%)","millennium medisolutions pvt ltd.","15","2 + {3}","48.73","65.13","68.39","04/2027"
"3181.","SUPERDYN","TAB","MH1105","30045090 (2.5%+2.5%)","GUPTA MEDICAL HALL","15","0","48.72","65.13","68.39","12/2026"
"3182.","SURE RAB INJ","INJ","R010426","3004 (2.5%+2.5%)","NEW sai medicose","1","0","300.00","385.30","404.57","03/2029"
"3183.","SV RAB TAB","TAB","AT2512109B","30049099 (2.5%+2.5%)","GUPTA MEDICAL HALL","14","12 + {13}","210.29","262.86","276.00","11/2027"
"3184.","SWICH - CV 325","TAB","25461954","30042019 (2.5%+2.5%)","GUPTA MEDICAL HALL","10","4 + {14}","255.58","380.33","399.35","09/2027"
"3185.","T-BACT OINT","OINTMENT","JA4Y","30042099 (2.5%+2.5%)","millennium medisolutions pvt ltd.","1","0","82.56","103.20","108.36","08/2026"
"3186.","T-BACT OINT","OINTMENT","JA4Y","30042099 (2.5%+2.5%)","NEW sai medicose","1","0","82.58","103.20","108.36","08/2026"
"3187.","T-BACT OINT","OINTMENT","J78U","30042099 (2.5%+2.5%)","millennium medisolutions pvt ltd.","1","0","82.56","103.20","108.36","08/2026"
"3188.","T-BACT OINT","OINTMENT","RC7K","30042099 (2.5%+2.5%)","millennium medisolutions pvt ltd.","1","0","82.56","103.20","108.36","12/2026"
"3189.","T-BACT OINT","OINTMENT","T27G","30042099 (2.5%+2.5%)","HEMANT MEDICAL AGENCIES","1","0","247.68","309.60","325.08","01/2027"
"3190.","T-BACT OINT","OINTMENT","YD3G","30042099 (2.5%+2.5%)","OM MEDICAL HALL","1","7","79.36","103.20","108.36","04/2027"
"3191.","T-BACT OINT","OINTMENT","YD3G","30042099 (2.5%+2.5%)","millennium medisolutions pvt ltd.","1","0","82.56","103.20","108.36","04/2027"
"3192.","T-BACT OINT","OINTMENT","VD4N","30042099 (2.5%+2.5%)","millennium medisolutions pvt ltd.","1","0","247.68","309.60","325.08","02/2027"
"3193.","T-BACT OINT","OINTMENT","RC7K","30042099 (2.5%+2.5%)","HEMANT MEDICAL AGENCIES","1","2","82.56","103.20","108.36","12/2026"
"3194.","T.TUBE 7.0 CUFF","General","G24C010619","3004 (2.5%+2.5%)","MAHADEV ENTERPRISES","1","2","255.00","1,193.75","1,253.44","02/2029"
"3195.","T.TUBE 7.5 CUFF","General","G24C010619","90183990 (2.5%+2.5%)","MAHADEV ENTERPRISES","1","0","255.00","809.52","850.00","02/2029"
"3196.","TAMSTRID-40","TAB","MT-052552J","30049034 (2.5%+2.5%)","ALISIER DRUGS PVT . LTD","10","2 + {7}","8.54","56.19","59.00","04/2027"
"3197.","TAMSUGARD - 0.4 CAP","CAPs","9195003","3004 (2.5%+2.5%)","SHREE GOPAL  PHARMACEUTICALS","15","0 + {1}","30.00","106.67","112.00","11/2027"
"3198.","TAPENAX ER 50","TAB","GTI7805","30049069 (2.5%+2.5%)","BAJAJ MEDICAL AGENCY","15","0","232.86","291.08","305.63","08/2027"
"3199.","TAPENAX ER 50","TAB","GT17805","30049069 (2.5%+2.5%)","BAJAJ MEDICAL AGENCY","15","0","232.86","291.08","305.63","08/2027"
"3200.","TAXIM 1 GM INJ","INJ","26180135","3004 (2.5%+2.5%)","NEW sai medicose","1","0","27.12","40.64","42.67","07/2028"
"3201.","TAXIM 1 GM INJ","INJ","25180542","3004 (2.5%+2.5%)","AMIT MEDICOSE","1","5","32.51","40.64","42.67","12/2027"
"3202.","TAYO TAB","TAB","ATYA25001","30045020 (2.5%+2.5%)","millennium medisolutions pvt ltd.","15","0 + {7}","105.79","132.24","138.85","09/2027"
"3203.","TAZACT 4.5 GM","INJ","AQW77ACA","3004 (2.5%+2.5%)","gandhi medical hall","1","0","75.00","264.76","278.00","09/2027"
"3204.","TAZACT 4.5 GM","INJ","55006010","3004 (2.5%+2.5%)","gandhi medical hall","1","0","68.00","314.29","330.00","04/2028"
"3205.","TAZACT 4.5 GM","INJ","AQW86ACA","3004 (2.5%+2.5%)","gandhi medical hall","1","6","70.00","323.81","340.00","10/2027"
"3206.","TAZACT 4.5 GM","INJ","AQW44ACA","3004 (2.5%+2.5%)","GUPTA MEDICAL HALL","1","0","75.00","261.90","275.00","05/2027"
"3207.","TAZLOC AM","TAB","28028118","30049099 (2.5%+2.5%)","millennium medisolutions pvt ltd.","10","2","114.55","142.86","150.00","02/2028"
"3208.","TAZMAC 2.25 MG","INJ","18260996","30041090 (2.5%+2.5%)","ROHIT PHARMA","1","0","109.66","194.86","204.60","02/2029"
"3209.","TAZMAC4.5 MG","INJ","18261932A","30041090 (2.5%+2.5%)","ROHIT PHARMA","1","15","79.96","270.84","284.38","04/2029"
"3210.","TAZMAC4.5 MG","INJ","182261627A","30041090 (2.5%+2.5%)","ROHIT PHARMA","1","4","72.80","270.48","284.00","03/2029"
"3211.","TAZOMAC 2.25 MG","INJ","18260722A","30041090 (2.5%+2.5%)","ROHIT PHARMA","1","10","155.50","194.86","204.60","01/2029"
"3212.","TAZOMAC 2.25 MG","INJ","18260996A","30041090 (2.5%+2.5%)","ROHIT PHARMA","1","20","111.19","194.86","204.60","02/2029"
"3213.","TAZOSTAR - 4.5 GM","INJ","25DH10F","30041090 (2.5%+2.5%)","GOEL MEDICOS","1","0","72.00","323.81","340.00","07/2027"
"3214.","TEDIOXA - 200","TAB","C8BPZ001","30049099 (2.5%+2.5%)","HEMANT MEDICAL AGENCIES","6","2","498.29","622.86","654.00","01/2028"
"3215.","TELGARD M 25","TAB","G2594002","3004 (2.5%+2.5%)","NEW sai medicose","10","3","20.80","84.76","89.00","08/2026"
"3216.","TELIROL - H","TAB","G2995006","3004 (2.5%+2.5%)","NEW sai medicose","15","13 + {12}","27.90","84.76","89.00","09/2027"
"3217.","TELMA - 20 MG","TAB","18250203","30049079 (2.5%+2.5%)","millennium medisolutions pvt ltd.","15","3 + {2}","47.08","58.85","61.79","03/2028"
"3218.","TELMA - AM","TAB","05251015A","30049079 (2.5%+2.5%)","millennium medisolutions pvt ltd.","15","1","260.36","312.95","328.60","06/2028"
"3219.","TELMA - AM","TAB","05251025A","30049079 (2.5%+2.5%)","PRAKASH MEDICOS","15","0 + {12}","250.36","312.95","328.60","06/2028"
"3220.","TELMA - AM","TAB","18250238","30049079 (2.5%+2.5%)","millennium medisolutions pvt ltd.","15","0","240.36","300.45","315.47","04/2028"
"3221.","TELMA -CT 40/12.5","TAB","18250330","30049079 (2.5%+2.5%)","millennium medisolutions pvt ltd.","15","0 + {6}","243.22","304.02","319.22","05/2028"
"3222.","TELMA -CT 40/12.5","TAB","18250177","30049079 (2.5%+2.5%)","millennium medisolutions pvt ltd.","15","0 + {3}","231.07","288.84","303.28","03/2027"
"3223.","TELMA 80 MG","TAB","18250343","30049079 (2.5%+2.5%)","millennium medisolutions pvt ltd.","15","1","126.47","158.09","165.99","05/2028"
"3224.","TELMAMIST 40","TAB","250407","30049099 (2.5%+2.5%)","PRAKASH PHARMA","10","40","9.80","66.96","70.31","07/2027"
"3225.","TELMIKIND - 40","TAB","B55Y061","30049079 (2.5%+2.5%)","GUPTA MEDICAL HALL","10","1 + {8}","31.43","39.30","41.26","11/2027"
"3226.","TELMIKIND - AM","TAB","C65Y073","30049079 (2.5%+2.5%)","millennium medisolutions pvt ltd.","10","0","65.58","81.98","86.08","10/2027"
"3227.","TELMIKIND - AM","TAB","C65Y084","30049079 (2.5%+2.5%)","GUPTA MEDICAL HALL","10","6","65.68","81.98","86.08","11/2027"
"3228.","TELMIKIND - AM","TAB","C65Y071","30049079 (2.5%+2.5%)","millennium medisolutions pvt ltd.","10","0 + {15}","65.58","81.98","86.08","10/2027"
"3229.","TELMIKIND - AM","TAB","C65Y067","30049079 (2.5%+2.5%)","millennium medisolutions pvt ltd.","10","0","65.58","81.98","86.08","09/2027"
"3230.","TELMIKIND - AM","TAB","C65Y084","30049079 (2.5%+2.5%)","ROHIT PHARMA","10","0 + {3}","65.58","81.98","86.08","11/2027"
"3231.","TELMIKIND - AM","TAB","C65Y073","30049079 (2.5%+2.5%)","GUPTA MEDICAL HALL","10","6 + {18}","65.58","81.98","86.08","10/2027"
"3232.","TELMIKIND TRIO 12.5","TAB","A5OAY013","30049079 (2.5%+2.5%)","millennium medisolutions pvt ltd.","10","0","104.58","130.72","137.26","05/2027"
"3233.","TELMIKIND TRIO 12.5","TAB","A5OAY026","30049079 (2.5%+2.5%)","millennium medisolutions pvt ltd.","10","2 + {4}","104.57","130.71","137.25","09/2027"
"3234.","TELMIKIND TRIO 6.25 MG","TAB","A6OAZ013","30049079 (2.5%+2.5%)","GUPTA MEDICAL HALL","10","3 + {4}","96.43","130.47","136.99","02/2028"
"3235.","TELMIKIND TRIO 6.25 MG","TAB","A60AY016","30049079 (2.5%+2.5%)","OM MEDICAL HALL","10","0","95.83","118.61","124.54","05/2027"
"3236.","TELMIKIND TRIO 6.25 MG","TAB","A6OAY029","30049079 (2.5%+2.5%)","millennium medisolutions pvt ltd.","10","0","94.89","118.61","124.54","09/2027"
"3237.","TELMIKIND TRIO 6.25 MG","TAB","A6OAY031","30049079 (2.5%+2.5%)","millennium medisolutions pvt ltd.","10","0","94.89","118.61","124.54","09/2027"
"3238.","TELMIKIND TRIO 6.25 MG","TAB","A6OAY031","30049079 (2.5%+2.5%)","GUPTA MEDICAL HALL","10","0","87.67","118.61","124.54","09/2027"
"3239.","TELMIKIND TRIO 6.25 MG","TAB","A6OAY024","30049079 (2.5%+2.5%)","millennium medisolutions pvt ltd.","10","0","94.89","118.61","124.54","07/2027"
"3240.","TELMIKIND TRIO 6.25 MG","TAB","A6OAZ012","30049079 (2.5%+2.5%)","millennium medisolutions pvt ltd.","10","1","104.37","130.47","136.99","02/2028"
"3241.","TELRING - 20","TAB","AT2602201A","3307 (2.5%+2.5%)","GUPTA MEDICAL HALL","15","12","47.24","59.05","62.00","01/2028"
"3242.","TELRING - 20","TAB","AT2602201A","3307 (2.5%+2.5%)","THE MOLEKULE DISTRIBUTORS","15","3 + {8}","47.24","59.05","62.00","01/2028"
"3243.","TELRING - 20","TAB","AT2508216","3307 (2.5%+2.5%)","THE MOLEKULE DISTRIBUTORS","15","2 + {3}","49.53","61.90","65.00","07/2027"
"3244.","TELRING - 40","TAB","AT2601168","3004 (2.5%+2.5%)","GUPTA MEDICAL HALL","15","13 + {13}","82.50","103.12","108.28","12/2027"
"3245.","TELRING - 40","TAB","AT2510078","3004 (2.5%+2.5%)","THE MOLEKULE DISTRIBUTORS","15","0 + {18}","82.50","103.12","108.28","09/2027"
"3246.","TELRING - 40","TAB","AT260495","3004 (2.5%+2.5%)","GUPTA MEDICAL HALL","15","15","55.41","103.08","108.23","03/2028"
"3247.","TELRING - AM","TAB","AT2512152A","3004 (2.5%+2.5%)","GUPTA MEDICAL HALL","15","0","141.17","176.47","185.29","11/2027"
"3248.","TELRING - AM","TAB","AT2512152A","3004 (2.5%+2.5%)","THE MOLEKULE DISTRIBUTORS","15","0","141.17","176.47","185.29","11/2027"
"3249.","TELRING - AM","TAB","AT2512152","3004 (2.5%+2.5%)","GUPTA MEDICAL HALL","15","11 + {11}","141.17","176.47","185.29","11/2027"
"3250.","TELRING - AMH","TAB","AT2603016A","30049079 (2.5%+2.5%)","GUPTA MEDICAL HALL","15","13","161.28","260.00","273.00","02/2028"
"3251.","TELRING - CH -40","TAB","AT2512204C","300490 (2.5%+2.5%)","GUPTA MEDICINE CENTRE","15","2 + {3}","189.60","237.00","248.85","11/2027"
"3252.","TELRING - CH -40","TAB","AT2604207D","300490 (2.5%+2.5%)","GUPTA MEDICAL HALL","15","26","147.01","260.00","273.00","03/2028"
"3253.","TELRING - MT 25","TAB","AT2512143B","30049079 (2.5%+2.5%)","GUPTA MEDICAL HALL","15","13 + {11}","186.64","233.30","244.96","11/2027"
"3254.","TELSAR AM","TAB","2N67M003","30049079 (2.5%+2.5%)","millennium medisolutions pvt ltd.","15","3","230.70","288.38","302.80","04/2028"
"3255.","TELTAS - 40","TAB","TMT-1240","3004 (2.5%+2.5%)","gandhi medical hall","15","0 + {14}","66.00","82.50","86.63","07/2027"
"3256.","TELTAS -A","TAB","TMT-1314","3004 (2.5%+2.5%)","gandhi medical hall","15","10 + {7}","77.79","97.23","102.09","08/2027"
"3257.","TELVAS BETA 25","TAB","BPL253140","30049079 (2.5%+2.5%)","PRAKASH MEDICOS","10","0","88.57","110.71","116.25","10/2027"
"3258.","TELVAS BETA 25","TAB","BPM253674","30049079 (2.5%+2.5%)","millennium medisolutions pvt ltd.","10","5 + {10}","88.57","110.71","116.25","11/2027"
"3259.","TELVAS CT 40","TAB","SPA260091","30049079 (2.5%+2.5%)","OM MEDICAL HALL","10","3 + {6}","76.19","94.29","99.00","12/2027"
"3260.","TELVAS CT 40","TAB","SPF250757","30049079 (2.5%+2.5%)","sanghi pharma","10","0","71.43","89.29","93.75","05/2027"
"3261.","TELVAS CT 40","TAB","SPM251733","30049079 (2.5%+2.5%)","millennium medisolutions pvt ltd.","10","0","71.43","89.29","93.75","11/2027"
"3262.","TELVISTA - MT","TAB","TSF-C2757","3004 (2.5%+2.5%)","SHREE GOPAL  PHARMACEUTICALS","15","3 + {11}","48.00","137.14","144.00","09/2026"
"3263.","TEMROS - D","TAB","ST-251126","3004 (2.5%+2.5%)","PRAKASH MEDICOS","10","10","20.50","84.76","89.00","10/2027"
"3264.","TEMSAN 40 MG TAB","TAB","EM250362","300490 (2.5%+2.5%)","","15","0","50.05","62.56","65.69","05/2028"
"3265.","TEMSAN 40 MG TAB","TAB","EM250362","300490 (2.5%+2.5%)","millennium medisolutions pvt ltd.","15","0","50.05","62.56","65.69","05/2028"
"3266.","TEMSAN 40 MG TAB","TAB","EM250506","300490 (2.5%+2.5%)","millennium medisolutions pvt ltd.","15","0 + {3}","50.05","62.56","65.69","07/2028"
"3267.","TEMSIN DFZ","CAPs","LGP10/262/02","3004 (2.5%+2.5%)","SHREE GOPAL  PHARMACEUTICALS","10","3 + {7}","186.30","314.29","330.00","09/2027"
"3268.","TEMSO 0.4","TAB","SGT-251152","3004 (2.5%+2.5%)","NEW sai medicose","10","2 + {5}","12.00","53.33","56.00","07/2027"
"3269.","TENDOMIC 4 D TAB","TAB","FNHT25206","3004 (2.5%+2.5%)","NEW sai medicose","10","4 + {6}","76.25","159.05","167.00","06/2027"
"3270.","TENDOPRO  CAP","CAPs","TENI040","21069099 (2.5%+2.5%)","HEMANT MEDICAL AGENCIES","10","5","212.97","288.10","302.50","10/2027"
"3271.","TENDOPRO  CAP","CAPs","TENI035","21069099 (2.5%+2.5%)","BAJAJ MEDICAL AGENCY","10","0 + {12}","211.53","264.41","277.63","02/2027"
"3272.","TENEPACT 40 MG KIT INJ","INJ","TEGH2602C","30049099 (2.5%+2.5%)","SAI BABA SURGICAL","1","1","21,300.00","31,809.52","33,400.00","03/2028"
"3273.","TERBINAFORCE  CREAM","OINTMENT","C3AIZ003","30049029 (2.5%+2.5%)","GUPTA MEDICAL HALL","1","0","39.48","53.41","56.08","02/2028"
"3274.","TERBINAFORCE - 500 MG","TAB","L6HPY007","30049029 (2.5%+2.5%)","GUPTA MEDICAL HALL","7","0","143.88","194.64","204.37","08/2027"
"3275.","TERBINAFORCE - 500 MG","TAB","L6HPY010","30049029 (2.5%+2.5%)","GUPTA MEDICAL HALL","7","0","143.87","194.64","204.37","10/2027"
"3276.","TERBINAFORCE - 500 MG","TAB","L6HPZ001","30049029 (2.5%+2.5%)","millennium medisolutions pvt ltd.","7","0","155.71","194.64","204.37","02/2028"
"3277.","TESS PASTE","OINTMENT","AW5019","33049990 (2.5%+2.5%)","millennium medisolutions pvt ltd.","1","0","116.42","145.53","152.81","10/2027"
"3278.","TESS PASTE","OINTMENT","AW5023","33049990 (2.5%+2.5%)","millennium medisolutions pvt ltd.","1","0","116.42","145.53","152.81","10/2027"
"3279.","TETANUS TOXID AMP","AMP","2517C","30022013 (2.5%+2.5%)","GUPTA MEDICAL HALL","1","0","9.00","12.69","13.32","03/2028"
"3280.","TEXAKIND INJ","INJ","E21Y016","30049099 (2.5%+2.5%)","millennium medisolutions pvt ltd.","1","0","42.51","53.13","55.79","05/2028"
"3281.","TEXAKIND INJ","INJ","E21Y026","30049099 (2.5%+2.5%)","millennium medisolutions pvt ltd.","1","1","42.51","53.13","55.79","10/2028"
"3282.","TEXAKIND INJ","INJ","E21Y019","30049099 (2.5%+2.5%)","GUPTA MEDICAL HALL","1","0","34.01","53.13","55.79","08/2028"
"3283.","TEXAKIND INJ","INJ","E21Y023","30049099 (2.5%+2.5%)","GUPTA MEDICAL HALL","1","0","34.01","53.13","55.79","10/2028"
"3284.","TEXAKIND INJ","INJ","E21Y026","30049099 (2.5%+2.5%)","millennium medisolutions pvt ltd.","1","4","34.01","53.13","55.79","10/2028"
"3285.","TEXANAM - MF","TAB","PADDY20","30049069 (2.5%+2.5%)","GUPTA MEDICAL HALL","10","2","64.00","158.10","166.00","08/2026"
"3286.","TEXORIS - 7.5 MG","TAB","SGT-242550","3004 (2.5%+2.5%)","NEW sai medicose","10","0 + {9}","21.60","84.76","89.00","01/2027"
"3287.","THIAFIT -100","TAB","ST-25405","3004 (2.5%+2.5%)","NEW sai medicose","10","2","17.00","57.14","60.00","10/2027"
"3288.","THIAFIT -100","TAB","DT-251409","3004 (2.5%+2.5%)","NEW sai medicose","10","0","17.00","53.33","56.00","10/2027"
"3289.","THIAPLEX INJ","INJ","LFP26048","3004 (2.5%+2.5%)","SHREE GOPAL  PHARMACEUTICALS","1","30","8.10","21.90","23.00","04/2028"
"3290.","THIONOS  4 MG INJ","INJ","L250537A","3004 (2.5%+2.5%)","SHREE GOPAL  PHARMACEUTICALS","1","1","16.20","53.33","56.00","04/2027"
"3291.","THIROX -150 MG","TAB","5C69","3004 (2.5%+2.5%)","NEW sai medicose","10","1","28.18","84.76","89.00","02/2027"
"3292.","THREE WAY STOP CANNULA","Cannula","342245","9018 (2.5%+2.5%)","nath medicose","1","8","8.00","42.86","45.00","09/2028"
"3293.","THROMBOPHOB GEL","GEL","IB00989A","30019091 (2.5%+2.5%)","HEMANT MEDICAL AGENCIES","1","3","237.37","321.11","337.17","03/2029"
"3294.","THROMBOPHOB OINT","OINTMENT","IB00256A","30049099 (2.5%+2.5%)","millennium medisolutions pvt ltd.","1","0","157.46","225.52","236.80","12/2028"
"3295.","THROMBOPHOB OINT","OINTMENT","IB00638A","30049099 (2.5%+2.5%)","ROHIT PHARMA","1","15","157.87","225.52","236.80","02/2029"
"3296.","THROMBOPHOB OINT","OINTMENT","IA01721A","30049099 (2.5%+2.5%)","ROHIT PHARMA","1","2","150.35","214.79","225.53","10/2028"
"3297.","THROMBOPHOB OINT","OINTMENT","IA00962A","30049099 (2.5%+2.5%)","millennium medisolutions pvt ltd.","1","0","150.55","228.57","240.00","06/2028"
"3298.","THROX 150 MG","TAB","5C69","3004 (2.5%+2.5%)","NEW sai medicose","10","2 + {7}","28.18","84.76","89.00","02/2027"
"3299.","THYRONORAM 37.5","TAB","TMC26008","30049099 (2.5%+2.5%)","millennium medisolutions pvt ltd.","1","2","143.12","178.90","187.85","02/2028"
"3300.","THYRONORM 100 MCG","TAB","TMH25285","30049082 (2.5%+2.5%)","HEMANT MEDICAL AGENCIES","1","0","128.62","160.78","168.82","11/2027"
"3301.","THYRONORM 100 MCG","TAB","TMH26054","30049082 (2.5%+2.5%)","HEMANT MEDICAL AGENCIES","1","1","129.46","161.82","169.91","03/2028"
"3302.","THYRONORM 100 MCG","TAB","TMH25289","30049082 (2.5%+2.5%)","HEMANT MEDICAL AGENCIES","1","3","128.62","160.78","168.82","11/2027"
"3303.","THYRONORM 100 MCG","TAB","TMH26102","30049082 (2.5%+2.5%)","HEMANT MEDICAL AGENCIES","1","2","129.46","161.82","169.91","05/2028"
"3304.","THYRONORM 12.5 MCG","TAB","AEM0151","3004 (2.5%+2.5%)","HEMANT MEDICAL AGENCIES","1","0","144.55","180.69","189.72","02/2028"
"3305.","THYRONORM 12.5 MCG","TAB","AEL0490","3004 (2.5%+2.5%)","NEW sai medicose","1","1","144.54","180.69","189.72","08/2027"
"3306.","THYRONORM 125 MCG","TAB","CCL26058","30049082 (2.5%+2.5%)","HEMANT MEDICAL AGENCIES","1","2","166.08","207.60","217.98","05/2028"
"3307.","THYRONORM 125 MCG","TAB","CCL26034","30049082 (2.5%+2.5%)","HEMANT MEDICAL AGENCIES","1","0","166.08","207.60","217.98","03/2028"
"3308.","THYRONORM 137 MCG","TAB","CCM26006","30049082 (2.5%+2.5%)","HEMANT MEDICAL AGENCIES","1","1","213.31","266.64","279.97","04/2028"
"3309.","THYRONORM 150 MCG","TAB","TML26022","30049082 (2.5%+2.5%)","HEMANT MEDICAL AGENCIES","1","2","166.03","207.53","217.91","02/2028"
"3310.","THYRONORM 25 MCG","TAB","TMB26022","30049082 (2.5%+2.5%)","HEMANT MEDICAL AGENCIES","1","0","141.26","176.57","185.40","12/2027"
"3311.","THYRONORM 25 MCG","TAB","TMB25216","3004 (2.5%+2.5%)","NEW sai medicose","1","0","138.45","176.57","185.40","08/2027"
"3312.","THYRONORM 25 MCG","TAB","TMB26124","3004 (2.5%+2.5%)","HEMANT MEDICAL AGENCIES","1","1","142.17","177.71","186.60","03/2028"
"3313.","THYRONORM 50 MCG","TAB","TMD26138","3004 (2.5%+2.5%)","HEMANT MEDICAL AGENCIES","1","0","101.23","129.40","135.87","03/2028"
"3314.","THYRONORM 50 MCG","TAB","TMD26025","30049082 (2.5%+2.5%)","HEMANT MEDICAL AGENCIES","1","0","100.59","125.73","132.02","12/2027"
"3315.","THYRONORM 50 MCG","TAB","TMD25357","3004 (2.5%+2.5%)","NEW sai medicose","1","0","100.65","125.73","132.02","07/2027"
"3316.","THYRONORM 50 MCG","TAB","TMD26171","30049082 (2.5%+2.5%)","HEMANT MEDICAL AGENCIES","1","0","101.23","126.54","132.87","04/2028"
"3317.","THYRONORM 50 MCG","TAB","TMD26240","3004 (2.5%+2.5%)","HEMANT MEDICAL AGENCIES","1","2","101.23","126.54","132.87","05/2028"
"3318.","THYRONORM 62.5","TAB","CCU26030","15042090 (2.5%+2.5%)","HEMANT MEDICAL AGENCIES","1","1","157.23","196.54","206.37","02/2028"
"3319.","THYRONORM 62.5","TAB","CCU26011","15042090 (2.5%+2.5%)","millennium medisolutions pvt ltd.","1","0","157.23","196.54","206.37","12/2027"
"3320.","THYRONORM 62.5","TAB","CCU26032","15042090 (2.5%+2.5%)","OM MEDICAL HALL","1","2","158.81","196.54","206.37","02/2028"
"3321.","THYRONORM 75 MCG","TAB","TMF26054","30049082 (2.5%+2.5%)","HEMANT MEDICAL AGENCIES","1","0","140.17","175.21","183.97","02/2028"
"3322.","THYRONORM 75 MCG","TAB","TMF26048","30049082 (2.5%+2.5%)","SAI BABA SURGICAL","1","1","140.17","175.21","183.97","02/2028"
"3323.","THYRONORM 75 MCG","TAB","TMF26016","30049082 (2.5%+2.5%)","HEMANT MEDICAL AGENCIES","1","0","140.17","175.21","183.97","12/2027"
"3324.","THYRONORM 75 MCG","TAB","TMF26081","30049082 (2.5%+2.5%)","HEMANT MEDICAL AGENCIES","1","1","141.07","176.34","185.16","04/2028"
"3325.","THYRONORM 88 MG","TAB","CCW26022","15042090 (2.5%+2.5%)","millennium medisolutions pvt ltd.","1","1","162.01","202.51","212.64","03/2028"
"3326.","THYROPACE","TAB","650SPL2510F","21069099 (2.5%+2.5%)","millennium medisolutions pvt ltd.","15","0 + {6}","134.86","168.57","177.00","06/2027"
"3327.","THYROPACE","TAB","650AF2603F","21069099 (2.5%+2.5%)","millennium medisolutions pvt ltd.","15","0","146.29","182.86","192.00","03/2028"
"3328.","THYROPACE","TAB","650SPL2512F","21069099 (2.5%+2.5%)","millennium medisolutions pvt ltd.","15","0 + {7}","134.86","168.57","177.00","08/2027"
"3329.","THYROPACE","TAB","650SPL2507F","21069099 (2.5%+2.5%)","millennium medisolutions pvt ltd.","15","0","134.86","168.57","177.00","06/2027"
"3330.","TICABID 90 MG","TAB","6RF12041A","30049099 (2.5%+2.5%)","millennium medisolutions pvt ltd.","10","2 + {8}","229.64","287.05","301.40","11/2028"
"3331.","TICACIP 90 MG","TAB","25S3GTB267","3004 (2.5%+2.5%)","gandhi medical hall","14","6","298.56","415.93","436.73","10/2028"
"3332.","TICAYES 90","TAB","SN25128","3004 (2.5%+2.5%)","gandhi medical hall","14","6","95.00","255.71","268.50","11/2028"
"3333.","TIDE PLUS 10 MG TAB","TAB","2RA1M007","30049079 (2.5%+2.5%)","","10","0","38.21","47.76","50.15","05/2027"
"3334.","TIDE PLUS 10 MG TAB","TAB","2TW6M002","30049079 (2.5%+2.5%)","millennium medisolutions pvt ltd.","10","1 + {4}","41.96","52.45","55.07","11/2027"
"3335.","TIDE PLUS 10 MG TAB","TAB","2RA1M007","30049079 (2.5%+2.5%)","millennium medisolutions pvt ltd.","10","2 + {7}","38.21","47.76","50.15","05/2027"
"3336.","TIGEMAC 90","TAB","MT254158","30049099 (2.5%+2.5%)","millennium medisolutions pvt ltd.","10","2","261.44","326.80","343.14","11/2027"
"3337.","TIM 100","TAB","GENT12698","3004 (2.5%+2.5%)","THE MOLEKULE DISTRIBUTORS","10","78 + {7}","26.15","45.40","47.67","04/2028"
"3338.","TIM 100","TAB","GENT12891A","3004 (2.5%+2.5%)","THE MOLEKULE DISTRIBUTORS","10","14","36.32","45.40","47.67","05/2028"
"3339.","TINNICAR  CAP","CAPs","AC2500","30049099 (2.5%+2.5%)","BAJAJ MEDICAL AGENCY","10","0 + {3}","200.71","250.90","263.44","10/2027"
"3340.","TIOVA - R/CAP","CAPs","5BA1406","30049099 (2.5%+2.5%)","HEMANT MEDICAL AGENCIES","1","1","261.60","327.00","343.35","11/2026"
"3341.","TIOVA - R/CAP","CAPs","5BA1075","3004 (2.5%+2.5%)","NEW sai medicose","1","0","261.60","327.00","343.35","10/2026"
"3342.","TIXOCOM TAB","TAB","YT654C","30049099 (2.5%+2.5%)","GOEL MEDICOS","10","8 + {9}","16.00","74.02","77.72","04/2027"
"3343.","TOFAMEG - 5 MG","TAB","TSF-D0482","3004 (2.5%+2.5%)","SHREE GOPAL  PHARMACEUTICALS","15","2 + {6}","115.00","209.52","220.00","02/2027"
"3344.","TOFTIL - 5 MG","TAB","LGN09/053/06","3004 (2.5%+2.5%)","NEW sai medicose","10","0","78.00","159.05","167.00","08/2026"
"3345.","TOLPERITAS - D","TAB","ANO10AFA","30039090 (2.5%+2.5%)","millennium medisolutions pvt ltd.","10","0","206.79","258.49","271.41","10/2027"
"3346.","TOLPERITAS - P","TAB","ANO03BHA","30049069 (2.5%+2.5%)","millennium medisolutions pvt ltd.","10","0 + {2}","111.60","139.50","146.48","08/2027"
"3347.","TOLPERITAS SR 450","TAB","ANO09AKA","30039090 (2.5%+2.5%)","millennium medisolutions pvt ltd.","10","0","408.57","510.71","536.25","10/2027"
"3348.","TOLPERITAS SR 450","TAB","ANO02AKB","30039090 (2.5%+2.5%)","HEMANT MEDICAL AGENCIES","10","6","408.57","510.71","536.25","02/2028"
"3349.","TOLPERITAS SR 450","TAB","ANO09AKA","30039090 (2.5%+2.5%)","HEMANT MEDICAL AGENCIES","10","0 + {7}","408.57","510.71","536.25","10/2027"
"3350.","TOLPERITAS SR 450","TAB","ANO10AKA","30039090 (2.5%+2.5%)","millennium medisolutions pvt ltd.","10","7 + {7}","408.57","510.71","536.25","11/2027"
"3351.","TOLPRAJ - D","TAB","LTA-49060","30049099 (2.5%+2.5%)","DEEP SHREE PHARMACEUTICALS","10","0 + {12}","125.95","189.00","198.45","06/2027"
"3352.","TOMMY SYRING 50 ML","Syringe","G24E011103","9018 (2.5%+2.5%)","nath medicose","1","0","45.00","106.67","112.00","04/2029"
"3353.","TOMMY SYRING 50 ML","Syringe","G26C010547","9018 (2.5%+2.5%)","nath medicose","1","6","59.87","142.86","150.00","02/2031"
"3354.","TOMMY SYRING 50 ML","Syringe","G230710887","9018 (2.5%+2.5%)","a and a hygien and surgical cre","1","15","60.00","128.57","135.00","06/2028"
"3355.","TOPP-D","CAPs","TD1176","3004 (2.5%+2.5%)","SHREE GOPAL  PHARMACEUTICALS","10","0","46.42","58.03","60.93","11/2027"
"3356.","TOPP-D","CAPs","TD1168","30049039 (2.5%+2.5%)","HEMANT MEDICAL AGENCIES","10","2 + {7}","46.43","58.04","60.94","03/2027"
"3357.","TOPP-D","CAPs","TD1165","3004 (2.5%+2.5%)","HEMANT MEDICAL AGENCIES","10","2","46.43","58.04","60.94","01/2027"
"3358.","TORESGESIC TH 4","TAB","12304006","30014 (2.5%+2.5%)","NEW sai medicose","10","0","57.90","106.67","112.00","05/2027"
"3359.","TORESGESIC TH4","TAB","12304006","3004 (2.5%+2.5%)","NEW sai medicose","10","0 + {9}","57.90","106.67","112.00","05/2027"
"3360.","TORESGESIC TH4","TAB","I2305009","3004 (2.5%+2.5%)","NEW sai medicose","10","0","60.45","106.67","112.00","11/2028"
"3361.","TORSID 10 MG","TAB","MPE251741","30049079 (2.5%+2.5%)","sanghi pharma","10","0 + {3}","41.78","52.23","54.84","04/2027"
"3362.","TORSID 5 MG","TAB","MPL254593","30049079 (2.5%+2.5%)","sanghi pharma","10","0 + {8}","29.28","36.60","38.43","10/2027"
"3363.","TORSID PLUS 10/50","TAB","Q25354","30049079 (2.5%+2.5%)","sanghi pharma","10","0 + {4}","42.86","53.57","56.25","08/2027"
"3364.","TORSID PLUS 20/50","TAB","A25024","30049079 (2.5%+2.5%)","sanghi pharma","10","5","50.00","62.50","65.63","12/2026"
"3365.","TORSID PLUS 5/50","TAB","G25156","30049079 (2.5%+2.5%)","sanghi pharma","10","5","35.00","43.75","45.94","03/2027"
"3366.","TORSID PLUS LS 10/2","TAB","U25452","30049079 (2.5%+2.5%)","sanghi pharma","10","0","38.10","47.62","50.00","10/2027"
"3367.","TORSID PLUS LS 10/25","TAB","U25452","30049079 (2.5%+2.5%)","sanghi pharma","10","0","38.10","47.62","50.00","10/2027"
"3368.","TORSINOL - 10","TAB","25TK0517","3004 (2.5%+2.5%)","PRAKASH MEDICOS","10","10","13.05","44.95","47.20","08/2027"
"3369.","TORSINOL - 10 MG","TAB","25TK0517","3004 (2.5%+2.5%)","PRAKASH MEDICOS","10","19","13.05","44.95","47.20","08/2027"
"3370.","TORSTAR - 10 MG","TAB","AT2512008A","300490 (2.5%+2.5%)","GUPTA MEDICAL HALL","15","13 + {16}","53.03","85.50","89.78","11/2027"
"3371.","TORSTAR - 5 MG","TAB","AT2601085","300490 (2.5%+2.5%)","GUPTA MEDICAL HALL","10","17 + {4}","22.28","35.93","37.73","12/2027"
"3372.","TORSTAR PLUS 20","TAB","AT2506212B","30049079 (2.5%+2.5%)","GUPTA MEDICAL HALL","15","12 + {18}","70.02","112.90","118.54","05/2027"
"3373.","TORSTAR PLUS LS 10","TAB","AT2512009C","30049079 (2.5%+2.5%)","GUPTA MEDICAL HALL","15","15 + {8}","59.78","96.25","101.06","11/2027"
"3374.","TOSSEX SYP","SYRUP","TXC25028","30049099 (2.5%+2.5%)","millennium medisolutions pvt ltd.","1","1","213.10","266.37","279.69","05/2027"
"3375.","TPLANIN 400 MG INJ","INJ","2B250015","30042099 (2.5%+2.5%)","BAJAJ MEDICAL AGENCY","1","0","450.00","1,904.76","2,000.00","05/2027"
"3376.","TRABIS - 500","TAB","CT-421","30049099 (2.5%+2.5%)","GUPTA MEDICAL HALL","10","0","52.00","106.67","112.00","08/2026"
"3377.","TRAMADIN 100 INJ","INJ","H01Z002","30049099 (2.5%+2.5%)","millennium medisolutions pvt ltd.","1","0","19.13","23.81","25.11","01/2029"
"3378.","TRAMADIN 100 INJ","INJ","H01Y031","30049099 (2.5%+2.5%)","millennium medisolutions pvt ltd.","1","0","19.13","23.91","25.11","11/2028"
"3379.","TRAMASURE 100 INJ","INJ","E31Z012","30049099 (2.5%+2.5%)","HEMANT MEDICAL AGENCIES","1","0","9.72","24.10","25.30","04/2028"
"3380.","TRAMAZAC","INJ","NA00436A","30049069 (2.5%+2.5%)","millennium medisolutions pvt ltd.","1","0","19.16","23.95","25.15","11/2027"
"3381.","TRAMAZAC","INJ","NA00368A","30049069 (2.5%+2.5%)","millennium medisolutions pvt ltd.","1","0","19.16","23.95","25.15","10/2027"
"3382.","TRAMAZAC","INJ","NA00222A","30049069 (2.5%+2.5%)","millennium medisolutions pvt ltd.","1","0","19.16","23.95","25.15","07/2027"
"3383.","TRAMAZAC","INJ","NB00176A","30049069 (2.5%+2.5%)","millennium medisolutions pvt ltd.","1","0","19.17","23.95","25.15","02/2028"
"3384.","TRAMAZAC","INJ","NB00313A","30049069 (2.5%+2.5%)","millennium medisolutions pvt ltd.","1","39","19.29","24.10","25.31","05/2028"
"3385.","TRAMAZAC","INJ","NB0079A","30049069 (2.5%+2.5%)","millennium medisolutions pvt ltd.","1","25","19.16","23.95","25.15","01/2028"
"3386.","TRANACAD 500 MG","TAB","T-240405","300490 (2.5%+2.5%)","GUPTA MEDICAL HALL","10","1 + {3}","66.00","158.10","166.00","06/2026"
"3387.","TRANACAD 500 MG","TAB","T-250671","300490 (2.5%+2.5%)","GUPTA MEDICAL HALL","10","3","60.00","140.95","148.00","11/2027"
"3388.","TRANEFIT - INJ","INJ","VHI175005","3004 (2.5%+2.5%)","SHREE GOPAL  PHARMACEUTICALS","1","1","13.80","42.86","45.00","06/2027"
"3389.","TRANEP 1 GM INJ","INJ","AK240274A","30042019 (2.5%+2.5%)","BAJAJ MEDICAL AGENCY","1","0","140.00","523.81","550.00","11/2026"
"3390.","TRANEP 500 MG","INJ","AK240320A","30042019 (2.5%+2.5%)","BAJAJ MEDICAL AGENCY","1","5","90.00","380.95","400.00","10/2026"
"3391.","TRIMMER PLUS","General","G24E010974","90189022 (2.5%+2.5%)","a and a hygien and surgical cre","1","32","14.00","53.33","56.00","04/2029"
"3392.","TRIOLMIGHTY 40","TAB","M29FL26008","30049079 (2.5%+2.5%)","SHIV PHARMA TRADERS","10","12","153.09","191.36","200.93","12/2027"
"3393.","TRIZACT","SYRUP","UN02H25","3004 (2.5%+2.5%)","NEW sai medicose","1","0","15.90","33.33","35.00","07/2027"
"3394.","TRIZACT","SYRUP","XL250026","3004 (2.5%+2.5%)","NEW sai medicose","1","0","15.90","41.60","43.68","10/2027"
"3395.","TROCAR CATH 28","General","G26B010604","9018 (2.5%+2.5%)","a and a hygien and surgical cre","1","3","385.00","1,142.86","1,200.00","01/2031"
"3396.","TROPIN 10 ML VIAL","INJ","V670007","30044910 (2.5%+2.5%)","mohinder pharma","1","10","36.00","45.70","47.98","06/2026"
"3397.","TROPINE INJ 1 ML","INJ","KM038115","30044910 (2.5%+2.5%)","SAI BABA SURGICAL","1","0","5.73","6.95","7.30","05/2027"
"3398.","TROYCURIM 2.5 ML INJ","INJ","1R25010","30049034 (2.5%+2.5%)","BAJAJ MEDICAL AGENCY","1","9","32.00","43.12","45.28","03/2027"
"3399.","TROYHEP 5000 INJ","INJ","T280G116","30049099 (2.5%+2.5%)","BAJAJ MEDICAL AGENCY","1","5","75.00","107.76","113.15","01/2029"
"3400.","TROYMIDATE  10 ML INJ","INJ","2BQ25002","30049034 (2.5%+2.5%)","BAJAJ MEDICAL AGENCY","1","3","304.69","739.10","776.06","01/2027"
"3401.","TROYPOFOL  20 ML  INJ","INJ","2HF25025","30049034 (2.5%+2.5%)","BAJAJ MEDICAL AGENCY","1","10","56.25","132.14","138.75","07/2028"
"3402.","TRUGABA GRS 300","TAB","PIGKZ001","30049081 (2.5%+2.5%)","ROHIT PHARMA","10","8 + {7}","170.99","257.14","270.00","07/2027"
"3403.","TRYPTOMER 10 MG","TAB","D2500405","30049099 (2.5%+2.5%)","HEMANT MEDICAL AGENCIES","30","0","58.20","72.75","76.39","10/2027"
"3404.","TRYPTOMER 10 MG","TAB","2600176","30049099 (2.5%+2.5%)","millennium medisolutions pvt ltd.","30","0 + {15}","58.58","73.22","76.88","03/2028"
"3405.","TRYPTOMER 10 MG","TAB","D2600095","30049099 (2.5%+2.5%)","HEMANT MEDICAL AGENCIES","30","0 + {6}","58.20","72.75","76.39","02/2028"
"3406.","TRYPTOMER 10 MG","TAB","D2500386","30049099 (2.5%+2.5%)","HEMANT MEDICAL AGENCIES","30","0","58.20","72.75","76.39","10/2027"
"3407.","TRYPTOMER 10 MG","TAB","D2600133","30049099 (2.5%+2.5%)","millennium medisolutions pvt ltd.","30","1 + {11}","60.68","75.85","79.64","03/2028"
"3408.","TRYPTOMER 10 MG","TAB","D2500384","30049099 (2.5%+2.5%)","millennium medisolutions pvt ltd.","30","0","58.20","72.75","76.39","10/2027"
"3409.","TRYPTOMER 25 MG TAB","TAB","D2600179","30049099 (2.5%+2.5%)","HEMANT MEDICAL AGENCIES","30","0 + {12}","61.06","76.33","80.15","04/2029"
"3410.","TRYPTOMER 25 MG TAB","TAB","D2500367","30049099 (2.5%+2.5%)","millennium medisolutions pvt ltd.","30","0 + {2}","60.68","75.85","79.64","10/2028"
"3411.","TRYPTOMER 25 MG TAB","TAB","D2600087","30049099 (2.5%+2.5%)","millennium medisolutions pvt ltd.","30","3 + {2}","60.68","75.85","79.64","02/2029"
"3412.","TRYPTOMER 25 MG TAB","TAB","D2500291","30049099 (2.5%+2.5%)","millennium medisolutions pvt ltd.","30","0 + {10}","60.68","75.85","79.64","08/2028"
"3413.","TRYPTOMER G 100 MG","TAB","AKP03AEA","300490 (2.5%+2.5%)","millennium medisolutions pvt ltd.","10","4","123.92","154.90","162.65","05/2027"
"3414.","TUSQ -D LOZENZES","TAB","ZKE2602","3004 (2.5%+2.5%)","nath medicose","6","5","33.83","52.86","55.50","02/2028"
"3415.","TUSQ -D LOZENZES","TAB","ZEK2602","3004 (2.5%+2.5%)","NEW sai medicose","6","1 + {5}","42.29","52.86","55.50","02/2028"
"3416.","TUSQ-LS JUINOR","SYRUP","ZAHI2513","3004 (2.5%+2.5%)","OM MEDICAL HALL","1","2","50.99","75.90","79.69","11/2027"
"3417.","TUSSTON SUPER","SYRUP","L0485038","3004 (2.5%+2.5%)","NEW sai medicose","1","1","34.50","83.81","88.00","09/2027"
"3418.","TYNOR WRIST WITH DOUBLE M L","General","124","9021 (2.5%+2.5%)","a and a hygien and surgical cre","1","2","150.00","245.71","258.00","10/2029"
"3419.","TYVALZI","INJ","CVC0015","30049099 (2.5%+2.5%)","ANAND MEDICOS","1","0","1,020.72","1,275.90","1,339.69","10/2027"
"3420.","UBINEXT PLUS","AMP","7CAIY014","21069099 (2.5%+2.5%)","GUPTA MEDICAL HALL","1","0","42.24","62.86","66.00","01/2027"
"3421.","UBINEXT PLUS","AMP","7CAIYY017","21069099 (2.5%+2.5%)","HEMANT MEDICAL AGENCIES","1","3","42.24","62.86","66.00","03/2027"
"3422.","UBINEXT PLUS","AMP","7CAIZ001","21069099 (2.5%+2.5%)","HEMANT MEDICAL AGENCIES","1","7","42.24","62.86","66.00","07/2027"
"3423.","UBINEXT PLUS","AMP","7CAIY020","21069099 (2.5%+2.5%)","millennium medisolutions pvt ltd.","1","6","50.29","62.86","66.00","05/2027"
"3424.","UBINEXT PLUS","AMP","7CAIY016","21069099 (2.5%+2.5%)","HEMANT MEDICAL AGENCIES","1","0","50.29","62.86","66.00","01/2027"
"3425.","UBINEXT PLUS","AMP","7CAIY015","21069099 (2.5%+2.5%)","millennium medisolutions pvt ltd.","1","0","50.29","71.43","75.00","01/2027"
"3426.","UBINEXT PLUS","AMP","7CAIY016","21069099 (2.5%+2.5%)","HEMANT MEDICAL AGENCIES","1","0","42.24","70.64","74.17","01/2027"
"3427.","UBINEXT PLUS","AMP","4CAIY016","21069099 (2.5%+2.5%)","HEMANT MEDICAL AGENCIES","1","0","42.24","62.86","66.00","01/2027"
"3428.","UCL- 90","CATHETER","G25F010229","9018 (2.5%+2.5%)","nath medicose","1","4","15.00","41.90","44.00","05/2030"
"3429.","UDAPA TRIO","TAB","EMV260812","30049099 (2.5%+2.5%)","millennium medisolutions pvt ltd.","10","0 + {5}","152.23","190.29","199.80","03/2028"
"3430.","UDAPA TRIO","TAB","EMV261149","3004 (2.5%+2.5%)","ROHIT PHARMA","10","0 + {2}","152.23","190.29","199.80","03/2028"
"3431.","UDAPA TRIO","TAB","EMV261149","3004 (2.5%+2.5%)","OM MEDICAL HALL","10","5","152.33","190.29","199.80","03/2028"
"3432.","UDAPA TRIO","TAB","EMV260506","30049099 (2.5%+2.5%)","millennium medisolutions pvt ltd.","10","0","149.25","186.56","195.89","02/2028"
"3433.","UDAPA TRIO","TAB","EMV260506","3004 (2.5%+2.5%)","OM MEDICAL HALL","10","0","150.74","186.56","195.89","02/2028"
"3434.","UDAPA TRIO","TAB","EMV260307","30049099 (2.5%+2.5%)","millennium medisolutions pvt ltd.","10","0","149.25","186.56","195.89","01/2028"
"3435.","UDAPA TRIO","TAB","EMV260307","3004 (2.5%+2.5%)","OM MEDICAL HALL","10","0","149.25","186.56","195.89","01/2028"
"3436.","UDAPA TRIO","TAB","EMV252929","30049099 (2.5%+2.5%)","ROHIT PHARMA","10","0","149.25","186.56","195.89","11/2027"
"3437.","UDAPA TRIO","TAB","EMV261127","3004 (2.5%+2.5%)","millennium medisolutions pvt ltd.","10","4","152.23","190.29","199.80","03/2028"
"3438.","UDAPA TRIO","TAB","EMV252650","3004 (2.5%+2.5%)","OM MEDICAL HALL","10","0","149.25","186.56","195.89","09/2027"
"3439.","UDAPA TRIO","TAB","EMV252631","3004 (2.5%+2.5%)","OM MEDICAL HALL","10","0","149.25","186.56","195.89","09/2027"
"3440.","UDAPA TRIO","TAB","EMV260696","30049099 (2.5%+2.5%)","millennium medisolutions pvt ltd.","10","0 + {9}","152.23","190.29","199.80","02/2028"
"3441.","UDAPA TRIO FORTE","TAB","EMV261283","30049099 (2.5%+2.5%)","OM MEDICAL HALL","10","3 + {7}","164.57","205.71","216.00","04/2028"
"3442.","UDAPA TRIO FORTE","TAB","EMV253115","30049099 (2.5%+2.5%)","millennium medisolutions pvt ltd.","10","0","156.74","195.93","205.73","11/2027"
"3443.","UDAPA TRIO FORTE","TAB","EMV260853","30049099 (2.5%+2.5%)","ROHIT PHARMA","10","0","164.57","205.71","216.00","03/2028"
"3444.","UDAPA TRIO FORTE","TAB","EMV261156","30049099 (2.5%+2.5%)","ROHIT PHARMA","10","0 + {5}","164.57","205.71","216.00","04/2028"
"3445.","UDAPA TRIO FORTE","TAB","EMV260858","30049099 (2.5%+2.5%)","millennium medisolutions pvt ltd.","10","3","164.57","205.71","216.00","03/2028"
"3446.","UDAPA-S","TAB","EMV260067","30049099 (2.5%+2.5%)","millennium medisolutions pvt ltd.","10","0","141.43","176.79","185.63","12/2027"
"3447.","UDAPA-S","TAB","EMV253098A","30049099 (2.5%+2.5%)","ROHIT PHARMA","10","0","141.43","176.79","185.63","11/2027"
"3448.","UDAPA-S","TAB","EMV252401A","30049099 (2.5%+2.5%)","ROHIT PHARMA","10","0","141.43","176.79","185.63","08/2027"
"3449.","UDAPA-S","TAB","EMV252884","30049099 (2.5%+2.5%)","millennium medisolutions pvt ltd.","10","0","141.43","176.79","185.63","10/2027"
"3450.","UDAPA-S","TAB","EMV260067","30049099 (2.5%+2.5%)","ROHIT PHARMA","10","0 + {2}","141.43","176.79","185.63","12/2027"
"3451.","UDAPA-S","TAB","EMV252459","30049099 (2.5%+2.5%)","millennium medisolutions pvt ltd.","10","0","141.43","176.79","185.63","09/2027"
"3452.","UDAPA-S","TAB","EMV252884","30049099 (2.5%+2.5%)","ROHIT PHARMA","10","0","141.43","176.79","185.63","10/2027"
"3453.","UDAPA-S","TAB","EMV251751F","30049099 (2.5%+2.5%)","ROHIT PHARMA","10","0","141.43","176.79","185.63","06/2027"
"3454.","UDAPA-S","TAB","EMV260402C","30049099 (2.5%+2.5%)","ROHIT PHARMA","10","7","141.43","176.79","185.63","01/2028"
"3455.","UDI-1-300 MG","TAB","UT052511","9619 (2.5%+2.5%)","AMIT MEDICOSE","10","3 + {4}","215.88","323.81","340.00","04/2027"
"3456.","UDLON -300","TAB","DT507017B","300490 (2.5%+2.5%)","gandhi medical hall","15","0","150.00","317.14","333.00","06/2027"
"3457.","UDLON -300","TAB","DT507017B","300490 (2.5%+2.5%)","gandhi medical hall","15","0","150.00","285.71","300.00","06/2027"
"3458.","UDLON -300","TAB","DT507017B","300490 (2.5%+2.5%)","GUPTA MEDICAL HALL","15","0","150.00","264.76","278.00","06/2027"
"3459.","ULTRAM TAB","TAB","ULMS0075","30049069 (2.5%+2.5%)","millennium medisolutions pvt ltd.","15","0","130.02","195.52","205.30","07/2027"
"3460.","ULTRAM TAB","TAB","ULMS0075","30049069 (2.5%+2.5%)","BAJAJ MEDICAL AGENCY","15","0","156.43","195.52","205.30","07/2027"
"3461.","ULTRAM TAB","TAB","ULMS0078","30049069 (2.5%+2.5%)","millennium medisolutions pvt ltd.","15","5 + {2}","170.66","213.33","224.00","02/2028"
"3462.","ULTRAM TAB","TAB","ULMS0075","30049069 (2.5%+2.5%)","HEMANT MEDICAL AGENCIES","15","0","131.38","195.52","205.30","07/2027"
"3463.","ULTRAM TAB","TAB","ULMS0073","30049069 (2.5%+2.5%)","BAJAJ MEDICAL AGENCY","15","0","156.43","195.52","205.30","06/2027"
"3464.","ULTRAM TAB","TAB","ULMS0077","30049069 (2.5%+2.5%)","BAJAJ MEDICAL AGENCY","15","5","156.43","195.52","205.30","11/2027"
"3465.","UMBLICAL S.I. 276","General","I240049","30059090 (2.5%+2.5%)","MAHADEV ENTERPRISES","1","10","25.00","95.24","100.00","07/2029"
"3466.","UNAZIN COLD","SYRUP","LV25KL-260B","3004 (2.5%+2.5%)","NEW sai medicose","1","4","17.55","4.76","56.00","09/2027"
"3467.","URI-WORRY SUSP","SUSP","BLF-434","21069099 (2.5%+2.5%)","GUPTA MEDICAL HALL","1","0","128.46","160.17","168.18","07/2027"
"3468.","URI-WORRY SUSP","SUSP","BLF-530","21069099 (2.5%+2.5%)","GUPTA MEDICAL HALL","1","6","140.96","176.19","185.00","02/2028"
"3469.","URIHOLD 25 MG","TAB","MT253644","30049099 (2.5%+2.5%)","GUPTA MEDICAL HALL","10","0","108.57","135.71","142.50","10/2027"
"3470.","URIHOLD 25 MG","TAB","MT260465","30049099 (2.5%+2.5%)","GUPTA MEDICAL HALL","10","1 + {4}","108.57","135.71","142.50","01/2028"
"3471.","URIHOLD 25 MG","TAB","MT252332B","30049099 (2.5%+2.5%)","millennium medisolutions pvt ltd.","10","0","108.57","135.71","142.50","06/2027"
"3472.","URIHOLD 25 MG","TAB","MT253644","30049099 (2.5%+2.5%)","millennium medisolutions pvt ltd.","10","0","108.57","135.71","142.50","10/2027"
"3473.","URIHOLD 25 MG","TAB","MT260467","30049099 (2.5%+2.5%)","GUPTA MEDICAL HALL","10","5","108.57","135.71","142.50","01/2028"
"3474.","URIHOLD 50 MG","TAB","MT251768","30049099 (2.5%+2.5%)","millennium medisolutions pvt ltd.","10","0 + {2}","154.99","193.74","203.43","04/2027"
"3475.","URIHOLD 50 MG","TAB","MT254077","30049099 (2.5%+2.5%)","GUPTA MEDICAL HALL","10","2","155.00","193.74","203.43","11/2027"
"3476.","URIKIND - KM SACHET","Sachet","4AAIZ010","21069099 (2.5%+2.5%)","GUPTA MEDICAL HALL","1","1","28.19","35.24","37.00","01/2028"
"3477.","URIKIND - KM SACHET","Sachet","4AAIY039","21069099 (2.5%+2.5%)","GUPTA MEDICAL HALL","1","0","25.84","35.60","37.38","04/2027"
"3478.","URIKIND - KM SACHET","Sachet","4AAIY047","21069099 (2.5%+2.5%)","GUPTA MEDICAL HALL","1","0","28.19","35.24","37.00","07/2027"
"3479.","URIKIND - KM SACHET","Sachet","4AAIZ015","21069099 (2.5%+2.5%)","GUPTA MEDICAL HALL","1","19","31.01","38.76","40.70","03/2028"
"3480.","URIKIND - KM SACHET","Sachet","4AAIY054","21069099 (2.5%+2.5%)","GUPTA MEDICAL HALL","1","0","28.19","35.24","37.00","08/2027"
"3481.","URIKIND - KM SACHET","Sachet","4AAIY067","21069099 (2.5%+2.5%)","GUPTA MEDICAL HALL","1","0","28.19","35.24","37.00","11/2027"
"3482.","URIKIND - KM SACHET","Sachet","4AAIZ012","21069099 (2.5%+2.5%)","GUPTA MEDICAL HALL","1","0","26.04","35.24","37.00","01/2028"
"3483.","URIKIND - KM SACHET","Sachet","4AAIYO56","21069099 (2.5%+2.5%)","GUPTA MEDICAL HALL","1","0","28.19","35.24","37.00","09/2027"
"3484.","URILISER MB6 SYP","SYRUP","LMBR-32","30049099 (2.5%+2.5%)","millennium medisolutions pvt ltd.","1","2","190.61","230.48","242.00","10/2027"
"3485.","URIMAX -D","TAB","5GH0390","300490 (2.5%+2.5%)","millennium medisolutions pvt ltd.","15","0 + {6}","477.80","596.37","626.19","05/2027"
"3486.","URINE POT FEMALE","Bottle","256478","90189099 (2.5%+2.5%)","a and a hygien and surgical cre","1","3","23.00","75.24","79.00","10/2032"
"3487.","URINE POT M/F SPL","Bottle","23654","90189099 (2.5%+2.5%)","nath medicose","1","4","45.00","106.67","112.00","10/2027"
"3488.","URINE POT M/F SPL","Bottle","125487","90189099 (2.5%+2.5%)","nath medicose","1","4","45.00","106.67","112.00","10/2028"
"3489.","URINE POT M/F SPL","Bottle","125","90189099 (2.5%+2.5%)","a and a hygien and surgical cre","1","0","40.00","106.67","112.00","10/2030"
"3490.","URINE POT MALE","Bottle","12365","90189099 (2.5%+2.5%)","a and a hygien and surgical cre","1","0","23.00","75.24","79.00","10/2032"
"3491.","URIRIDE - D","CAPs","I4795002","3004 (2.5%+2.5%)","NEW sai medicose","15","1 + {1}","33.12","106.67","112.00","03/2027"
"3492.","URIRIDE 0.4 MG","CAPs","IC695004","3004 (2.5%+2.5%)","NEW sai medicose","15","0","33.72","106.67","112.00","10/2027"
"3493.","URIRIDE 0.4 MG","CAPs","IC696003","3004 (2.5%+2.5%)","NEW sai medicose","15","7","36.00","142.86","150.00","02/2028"
"3494.","URIRIDE 0.4 MG","CAPs","IC695002","3004 (2.5%+2.5%)","NEW sai medicose","15","6 + {6}","33.72","106.67","112.00","05/2027"
"3495.","URIRON TAB","TAB","AUV07ABA","3004 (2.5%+2.5%)","SHREE GOPAL  PHARMACEUTICALS","14","0 + {6}","36.00","100.00","105.00","09/2027"
"3496.","URIRON TAB","TAB","AUV10AAA","3004 (2.5%+2.5%)","AMIT MEDICOSE","10","0","36.00","100.90","105.94","10/2027"
"3497.","URIRON TAB","TAB","AUV05AAA","3004 (2.5%+2.5%)","GUPTA MEDICAL HALL","14","0","36.00","100.00","105.00","07/2027"
"3498.","URIRON TAB","TAB","AUV06AAA","3004 (2.5%+2.5%)","GUPTA MEDICAL HALL","14","0 + {1}","36.00","100.00","105.00","07/2027"
"3499.","URO BAG ROMO 10","Bag","G25J050091","9018 (2.5%+2.5%)","nath medicose","1","0","30.00","95.24","100.00","09/2030"
"3500.","URO BAG ROMO 10","Bag","G26D050083","9018 (2.5%+2.5%)","nath medicose","1","9","30.80","95.24","100.00","03/2031"
"3501.","URO BAG ROMO 10","Bag","G25D050121","9018 (2.5%+2.5%)","nath medicose","1","0","30.00","62.86","66.00","03/2030"
"3502.","URO METER BAG","Bag","2404385","90189099 (2.5%+2.5%)","a and a hygien and surgical cre","1","0","85.00","159.05","167.00","03/2029"
"3503.","URO METER BAG","Bag","G25F110072","90189099 (2.5%+2.5%)","nath medicose","1","9","85.60","171.43","180.00","05/2030"
"3504.","URO METER BAG","Bag","G26A110072","90189099 (2.5%+2.5%)","nath medicose","1","5","85.60","190.48","200.00","12/2030"
"3505.","UROMAC100SR","TAB","AFR03BIA","3004 (2.5%+2.5%)","NEW sai medicose","14","0","33.75","8.57","90.00","06/2027"
"3506.","UROMAC100SR","TAB","AFR02BIA","3004 (2.5%+2.5%)","NEW sai medicose","14","0","33.75","85.71","90.00","04/2027"
"3507.","UROMAC100SR","TAB","AFR04BIA","3004 (2.5%+2.5%)","NEW sai medicose","14","6 + {11}","33.75","106.67","112.00","09/2027"
"3508.","UROMAG - D 0.4/0.5","TAB","BFX07AAA","3004 (2.5%+2.5%)","SHREE GOPAL  PHARMACEUTICALS","15","3 + {6}","28.00","241.90","254.00","06/2027"
"3509.","URSOCOL 300","TAB","GTG1993A","30049036 (2.5%+2.5%)","millennium medisolutions pvt ltd.","15","0","528.00","660.00","693.00","06/2027"
"3510.","URSOCOL 300","TAB","GTG2225A","30049036 (2.5%+2.5%)","millennium medisolutions pvt ltd.","15","0 + {7}","528.60","660.00","693.00","06/2027"
"3511.","URSOCOL NF 500","TAB","SML01AHA","3004 (2.5%+2.5%)","SHREE GOPAL  PHARMACEUTICALS","1","4","758.10","947.62","995.00","09/2027"
"3512.","UTISPAS  TAB","TAB","IB735006","3004 (2.5%+2.5%)","NEW sai medicose","15","2 + {3}","65.00","159.05","167.00","06/2027"
"3513.","V - WASH PLUS","General","B410","34025000 (9%+9%)","HEMANT MEDICAL AGENCIES","1","2","127.07","169.49","200.00","11/2027"
"3514.","V AND M NU SYP","SYRUP","25490878","21069099 (2.5%+2.5%)","GUPTA MEDICAL HALL","1","8","77.94","97.43","102.30","01/2027"
"3515.","VALPARIN  500","TAB","5GER026","30049081 (2.5%+2.5%)","HEMANT MEDICAL AGENCIES","15","0","99.02","123.77","129.96","06/2028"
"3516.","VALPARIN  500","TAB","5NG015","30049081 (2.5%+2.5%)","millennium medisolutions pvt ltd.","15","0","99.01","123.77","129.96","03/2028"
"3517.","VALPARIN 200","TAB","5NG021","30049081 (2.5%+2.5%)","BHARAT MEDICAL HALL","15","5","43.69","54.62","57.35","05/2028"
"3518.","VALPARIN 200","TAB","5GEP038","30049081 (2.5%+2.5%)","millennium medisolutions pvt ltd.","15","2","43.70","54.62","57.35","12/2027"
"3519.","VALPARIN 200","TAB","5NG022","30049081 (2.5%+2.5%)","millennium medisolutions pvt ltd.","15","1","43.70","54.62","57.35","05/2028"
"3520.","VALPARIN 200","TAB","5GEP027","30049081 (2.5%+2.5%)","millennium medisolutions pvt ltd.","15","0","43.70","54.62","57.35","06/2028"
"3521.","VALPARIN 200","TAB","5NG022","30049081 (2.5%+2.5%)","HEMANT MEDICAL AGENCIES","15","0","43.70","54.62","57.35","05/2028"
"3522.","VALPARIN CHRON 300","TAB","5GEV041","30049081 (2.5%+2.5%)","HEMANT MEDICAL AGENCIES","15","5","74.35","92.93","97.58","07/2028"
"3523.","VALPARIN CHRON 300","TAB","5NG031","30049081 (2.5%+2.5%)","HEMANT MEDICAL AGENCIES","15","1","74.35","92.93","97.58","05/2028"
"3524.","VALPROL CR 500","TAB","5GEW055","30049081 (2.5%+2.5%)","millennium medisolutions pvt ltd.","15","2","113.28","141.60","148.68","08/2028"
"3525.","VALPROL CR 500","TAB","N2503144","30049081 (2.5%+2.5%)","HEMANT MEDICAL AGENCIES","15","1","113.28","141.60","148.68","08/2028"
"3526.","VANTIL 200","TAB","BPH04AFA","3004 (2.5%+2.5%)","NEW sai medicose","10","2 + {2}","60.75","190.71","200.25","07/2027"
"3527.","VANTOX CP 1 GM","INJ","PVNCBP502","30042096 (2.5%+2.5%)","BAJAJ MEDICAL AGENCY","1","3","170.00","423.81","445.00","05/2027"
"3528.","VANTOX CP 500 MG","INJ","PVNCA503","30042096 (2.5%+2.5%)","BAJAJ MEDICAL AGENCY","1","0","75.00","264.76","278.00","06/2027"
"3529.","VASOCON INJ 1 ML","INJ","KP85437","30049099 (2.5%+2.5%)","SAI BABA SURGICAL","1","3","10.20","12.42","13.04","01/2027"
"3530.","VASOCON INJ 1 ML","INJ","KP85422","30049099 (2.5%+2.5%)","SAI BABA SURGICAL","1","8","10.20","12.42","13.04","09/2026"
"3531.","VASOCON INJ 1 ML","INJ","KP85451","30049099 (2.5%+2.5%)","mohinder pharma","1","10","51.00","62.10","65.20","05/2027"
"3532.","VENBRUTA 500 MG INJ","INJ","A20WY002","30042096 (2.5%+2.5%)","BAJAJ MEDICAL AGENCY","1","0","77.00","317.60","333.48","02/2027"
"3533.","VENBRUTA 500 MG INJ","INJ","A2DWY002","30042096 (2.5%+2.5%)","BAJAJ MEDICAL AGENCY","1","0","77.00","317.14","333.00","02/2027"
"3534.","VENBRUTA 500 MG INJ","INJ","A2DWZ002","30042096 (2.5%+2.5%)","BAJAJ MEDICAL AGENCY","1","30","77.00","323.12","339.28","03/2028"
"3535.","VENPHYLIN -SR 200","TAB","21145003","3004 (2.5%+2.5%)","OM MEDICAL HALL","10","2","39.00","106.67","112.00","08/2027"
"3536.","VENPHYLIN -SR 200","TAB","21145002","3004 (2.5%+2.5%)","SHREE GOPAL  PHARMACEUTICALS","10","0","39.00","106.67","112.00","06/2027"
"3537.","VENPHYLIN -SR 200","TAB","21145003","3004 (2.5%+2.5%)","SHREE GOPAL  PHARMACEUTICALS","10","0","39.00","106.67","112.00","08/2027"
"3538.","VENPHYLIN SR","TAB","21145003","3004 (2.5%+2.5%)","SHREE GOPAL  PHARMACEUTICALS","10","0 + {13}","39.00","106.67","112.00","08/2027"
"3539.","VENTIMOX CV 288.5 MG","SYRUP","54036006","3004 (2.5%+2.5%)","NEW sai medicose","1","3","30.60","64.00","67.20","07/2027"
"3540.","VENTIMOX CV 288.5 MG","SYRUP","54035028","3004 (2.5%+2.5%)","NEW sai medicose","1","0","27.09","53.33","56.00","05/2027"
"3541.","VENTIMOX CV 288.5 MG","SYRUP","54035019A","3004 (2.5%+2.5%)","NEW sai medicose","1","0","27.60","64.00","67.20","03/2027"
"3542.","VENTOCAIN GEL","SYRUP","UN01J25","3004 (2.5%+2.5%)","NEW sai medicose","1","0","40.80","83.81","88.00","09/2027"
"3543.","VENTOXOL - LS JUNIOR","SYRUP","L0965041","3004 (2.5%+2.5%)","NEW sai medicose","1","0","21.39","51.43","54.00","10/2027"
"3544.","VERTIN 16 MG","TAB","VEB26003","30049039 (2.5%+2.5%)","HEMANT MEDICAL AGENCIES","15","0","309.29","386.61","405.94","12/2028"
"3545.","VERTIN 16 MG","TAB","VEB25003","30049039 (2.5%+2.5%)","millennium medisolutions pvt ltd.","15","0","281.18","351.48","369.05","05/2028"
"3546.","VERTIN 16 MG","TAB","VEB25013","30049039 (2.5%+2.5%)","millennium medisolutions pvt ltd.","15","0","281.17","351.47","369.04","08/2028"
"3547.","VERTIN 16 MG","TAB","VEB26003","30049039 (2.5%+2.5%)","millennium medisolutions pvt ltd.","15","2","309.29","386.61","405.94","12/2028"
"3548.","VERTIN 16 MG","TAB","VEB25014","30049039 (2.5%+2.5%)","millennium medisolutions pvt ltd.","15","0","281.80","351.47","369.04","08/2028"
"3549.","VERTIN 16 MG","TAB","VEB25020","30049039 (2.5%+2.5%)","ROHTAK MEDICAL AGENCIES","15","0","283.41","351.47","369.04","08/2028"
"3550.","VERTIN 16 MG","TAB","VEB26009","30049039 (2.5%+2.5%)","millennium medisolutions pvt ltd.","15","0 + {9}","309.29","386.61","405.94","01/2029"
"3551.","VERTIN 16 MG","TAB","VEB25023","30049039 (2.5%+2.5%)","millennium medisolutions pvt ltd.","15","0","309.29","386.61","405.94","10/2028"
"3552.","VERTIN 16 MG","TAB","VEB25030","30049039 (2.5%+2.5%)","millennium medisolutions pvt ltd.","15","0 + {10}","309.29","386.61","405.94","11/2028"
"3553.","VERTIN 24","TAB","VEC25003","30049039 (2.5%+2.5%)","ROHTAK MEDICAL AGENCIES","15","0","403.80","504.75","529.99","08/2028"
"3554.","VERTIN 24","TAB","VEC26002","30049039 (2.5%+2.5%)","millennium medisolutions pvt ltd.","15","1 + {13}","444.18","555.22","582.98","02/2029"
"3555.","VERTIN 24","TAB","VEC26001","30049039 (2.5%+2.5%)","HEMANT MEDICAL AGENCIES","15","0","444.18","558.08","585.98","02/2029"
"3556.","VERTIN 24 MG","TAB","VEC25004","30044090 (2.5%+2.5%)","millennium medisolutions pvt ltd.","15","0","403.80","504.75","529.99","08/2028"
"3557.","VERTIN 24 MG","TAB","VEC25007","30044090 (2.5%+2.5%)","HEMANT MEDICAL AGENCIES","15","0","444.18","555.22","582.98","11/2028"
"3558.","VERTIN 24 MG","TAB","VEC25008","30044090 (2.5%+2.5%)","HEMANT MEDICAL AGENCIES","15","0","444.18","555.22","582.98","11/2028"
"3559.","VERTIN 8","TAB","VEA25005","30044090 (2.5%+2.5%)","millennium medisolutions pvt ltd.","15","0","152.89","190.78","200.32","09/2028"
"3560.","VERTIN 8","TAB","VEA26001","30044090 (2.5%+2.5%)","millennium medisolutions pvt ltd.","15","3","167.89","209.86","220.35","12/2028"
"3561.","VERTIN 8","TAB","VEA25009","30044090 (2.5%+2.5%)","millennium medisolutions pvt ltd.","15","0","167.89","209.86","220.35","11/2028"
"3562.","VERTIN 8","TAB","VEA25010","30044090 (2.5%+2.5%)","millennium medisolutions pvt ltd.","15","0","167.89","209.86","220.35","11/2028"
"3563.","VERTIN 8 MG","TAB","VEA25010","30049039 (2.5%+2.5%)","HEMANT MEDICAL AGENCIES","15","0","167.89","209.86","220.35","11/2028"
"3564.","VERTIN 8 MG","TAB","VEA25005","30049039 (2.5%+2.5%)","ROHTAK MEDICAL AGENCIES","15","0","153.84","190.78","200.32","08/2028"
"3565.","VERTIN 8 MG","TAB","VEA25006","30049039 (2.5%+2.5%)","millennium medisolutions pvt ltd.","15","0 + {11}","167.89","209.86","220.35","11/2028"
"3566.","VERTIN OD 48","TAB","MPM0003","30049039 (2.5%+2.5%)","HEMANT MEDICAL AGENCIES","15","0 + {5}","805.85","1,007.31","1,057.68","12/2027"
"3567.","VERTIN OD 48","TAB","MPL0041","30049039 (2.5%+2.5%)","millennium medisolutions pvt ltd.","15","0","732.59","915.74","961.53","03/2027"
"3568.","VERTIN OD 48","TAB","MPL0098","30049039 (2.5%+2.5%)","millennium medisolutions pvt ltd.","15","0 + {7}","732.59","915.74","961.53","09/2027"
"3569.","VERTIN OD 48","TAB","MPL0079","30049039 (2.5%+2.5%)","HEMANT MEDICAL AGENCIES","15","0 + {2}","732.59","915.74","961.53","07/2027"
"3570.","VERTIN OD 48","TAB","MPM0006","30049039 (2.5%+2.5%)","millennium medisolutions pvt ltd.","15","2 + {5}","805.85","1,007.31","1,057.68","12/2027"
"3571.","VERTIPRIDE - 16","TAB","MHC-251004","3004 (2.5%+2.5%)","PRAKASH MEDICOS","10","10","9.96","70.09","73.59","09/2027"
"3572.","VERTIPRIDE - 16","TAB","MHC-251202","3004 (2.5%+2.5%)","PRAKASH MEDICOS","10","20","9.95","53.33","56.00","11/2027"
"3573.","VERTIVERT 16 MG","TAB","GENT12425C","3004 (2.5%+2.5%)","THE MOLEKULE DISTRIBUTORS","10","4 + {4}","74.61","129.52","136.00","02/2028"
"3574.","VERTIVERT 8 MG","TAB","GENT11959","3004 (2.5%+2.5%)","THE MOLEKULE DISTRIBUTORS","15","1 + {13}","59.25","102.86","108.00","11/2027"
"3575.","VESIBETA - 25","TAB","ST240801","3004 (2.5%+2.5%)","gandhi medical hall","10","2","190.14","237.68","249.56","07/2026"
"3576.","VESIBETA - S 25","TAB","ATS01BTA","3004 (2.5%+2.5%)","gandhi medical hall","10","1 + {2}","216.07","270.09","283.59","04/2027"
"3577.","VESIBETA - S 50","TAB","AFB24A90","3004 (2.5%+2.5%)","gandhi medical hall","10","5","314.29","392.86","412.50","09/2026"
"3578.","VESIBETA - S 50","TAB","ATS01BUA","3004 (2.5%+2.5%)","gandhi medical hall","10","6","314.29","392.86","412.50","04/2027"
"3579.","VIAFLEC - SP","TAB","MP605006","3004 (2.5%+2.5%)","NEW sai medicose","10","0 + {9}","13.00","76.19","80.00","06/2027"
"3580.","VIAFLEC - SP","TAB","MP666007","3004 (2.5%+2.5%)","NEW sai medicose","10","18","13.00","53.33","56.00","02/2028"
"3581.","VILORESP U PULMICAPS","CAPs","25720056","3004 (2.5%+2.5%)","gandhi medical hall","1","5","570.67","713.33","749.00","10/2027"
"3582.","VIOPEP 200","SYRUP","BDL-1324","3004 (2.5%+2.5%)","NEW sai medicose","1","2","26.90","81.90","86.00","11/2026"
"3583.","VIR 500 MG INJ","INJ","1AR25002","30049099 (2.5%+2.5%)","BAJAJ MEDICAL AGENCY","1","5","160.00","537.54","564.42","07/2027"
"3584.","VITAFOL TAB","TAB","G1836002","3004 (2.5%+2.5%)","OM MEDICAL HALL","30","2 + {14}","15.00","46.48","48.80","05/2028"
"3585.","VITAMAC TAB","TAB","18261505A","21069099 (2.5%+2.5%)","ROHIT PHARMA","10","16 + {2}","68.46","94.29","99.00","03/2028"
"3586.","VITAMAC TAB","TAB","VM2508008","21069099 (2.5%+2.5%)","ROHIT PHARMA","10","0","60.93","83.90","88.09","07/2027"
"3587.","VITAMAC TAB","TAB","VM2508009","21069099 (2.5%+2.5%)","ROHIT PHARMA","10","0","60.92","83.90","88.09","07/2027"
"3588.","VITAMAC TAB","TAB","VM2511012","21069099 (2.5%+2.5%)","ROHIT PHARMA","10","0 + {1}","60.92","83.90","88.09","10/2027"
"3589.","VITAMAC TAB","TAB","18261505A","21069099 (2.5%+2.5%)","GOEL MEDICOS","10","15","68.57","94.29","99.00","03/2028"
"3590.","VITAMAC TAB","TAB","VM2508009","21069099 (2.5%+2.5%)","GOEL MEDICOS","10","0","61.02","83.90","88.09","07/2027"
"3591.","VITAMAC TAB","TAB","VM2511011","21069099 (2.5%+2.5%)","GOEL MEDICOS","10","0","61.02","83.90","88.09","10/2027"
"3592.","VITAMAC TAB","TAB","VN2508009","21069099 (2.5%+2.5%)","GOEL MEDICOS","10","0","61.02","83.90","88.09","07/2027"
"3593.","VITAMAC TAB","TAB","VM2511011","21069099 (2.5%+2.5%)","ROHIT PHARMA","10","0 + {10}","61.15","83.81","88.00","10/2027"
"3594.","VITAMAC TAB","TAB","VM2508008","21069099 (2.5%+2.5%)","millennium medisolutions pvt ltd.","10","0","61.37","83.90","88.09","07/2027"
"3595.","VITCOFOL FCM INJ","INJ","BI250200B","30045039 (2.5%+2.5%)","GUPTA MEDICAL HALL","1","0","733.45","1,270.48","1,334.00","07/2027"
"3596.","VITCOFOL FCM INJ","INJ","B1250143D","30045039 (2.5%+2.5%)","GUPTA MEDICAL HALL","1","4","733.45","1,142.86","1,200.00","05/2027"
"3597.","VITCOFOL FCM INJ 1 GM","INJ","BIV25016A","30045039 (2.5%+2.5%)","GUPTA MEDICAL HALL","1","2","1,109.00","2,380.95","2,500.00","04/2027"
"3598.","VOGLY 0.2 MG","TAB","PT-40529","3004 (2.5%+2.5%)","NEW sai medicose","10","0","8.00","62.86","66.00","01/2027"
"3599.","VOGS 0.2 MG","TAB","SVJ505","30043190 (2.5%+2.5%)","sanghi pharma","30","0","62.14","77.95","81.85","06/2028"
"3600.","VOGS 0.2 MG","TAB","SVJ507","30043190 (2.5%+2.5%)","HEMANT MEDICAL AGENCIES","30","0 + {3}","62.14","77.68","81.56","06/2028"
"3601.","VOGS 0.2 MG","TAB","VS040925","30043190 (2.5%+2.5%)","SHREE GOPAL  PHARMACEUTICALS","30","5 + {6}","62.14","77.68","81.56","08/2028"
"3602.","VOGS 0.3 ,G TAB","TAB","SVQ520","30043190 (2.5%+2.5%)","","30","0","94.28","117.86","123.75","07/2028"
"3603.","VOGS 0.3 ,G TAB","TAB","SVQ520","30043190 (2.5%+2.5%)","millennium medisolutions pvt ltd.","30","0","94.28","117.86","123.75","07/2028"
"3604.","VOGS 0.3 MG","TAB","VT071225","30043190 (2.5%+2.5%)","SHREE GOPAL  PHARMACEUTICALS","30","4 + {14}","94.29","117.86","123.75","11/2028"
"3605.","VOGS 0.3 MG","TAB","SVQ524","30043190 (2.5%+2.5%)","sanghi pharma","30","0","94.29","117.86","123.75","08/2028"
"3606.","VOLINI MAXX SPRAY","SRP","GSC0024","3004 (2.5%+2.5%)","NEW sai medicose","1","0","80.00","125.71","132.00","07/2027"
"3607.","VOLTIDO 100 RC","CAPs","5BA1067","3004 (2.5%+2.5%)","gandhi medical hall","1","1","392.85","491.07","515.62","04/2027"
"3608.","VOMDY SYP","SYRUP","MA305003","3004 (2.5%+2.5%)","NEW sai medicose","1","4","12.60","40.29","42.30","09/2027"
"3609.","VOMISTOP TAB","TAB","G25VSA002","3004 (2.5%+2.5%)","SHREE GOPAL  PHARMACEUTICALS","10","5","6.53","23.10","24.25","12/2026"
"3610.","VOMISTOP TAB","TAB","G1205003","3004 (2.5%+2.5%)","NEW sai medicose","10","0 + {4}","6.75","21.43","22.50","06/2028"
"3611.","VOMIXIT - O","TAB","GT401098B","30049099 (2.5%+2.5%)","PRAKASH PHARMA","10","120","2.95","50.48","53.00","09/2026"
"3612.","VONEURO","TAB","AT2605016","30049099 (2.5%+2.5%)","GUPTA MEDICAL HALL","10","1 + {5}","560.00","700.00","735.00","04/2028"
"3613.","VONEURO","TAB","AT2602031B","30049099 (2.5%+2.5%)","GUPTA MEDICAL HALL","10","28 + {7}","509.58","636.97","668.82","01/2028"
"3614.","VONOGRESS 20 MG TAB","TAB","LGB240809","30049099 (2.5%+2.5%)","","10","0","135.71","169.65","178.13","07/2026"
"3615.","VONOGRESS 20 MG TAB","TAB","LGB240809","30049099 (2.5%+2.5%)","millennium medisolutions pvt ltd.","10","0","135.71","169.65","178.13","07/2026"
"3616.","VONOMAC 20 MG","TAB","VOM260604","30049099 (2.5%+2.5%)","ROHIT PHARMA","10","40","114.20","170.38","178.90","05/2028"
"3617.","VONOMAC 20 MG","TAB","VOM250811","30049099 (2.5%+2.5%)","ROHIT PHARMA","10","0","103.83","154.90","162.65","07/2027"
"3618.","VONOMAC 20 MG","TAB","VOM251114","30049099 (2.5%+2.5%)","ROHIT PHARMA","10","0 + {1}","103.82","155.16","162.92","10/2027"
"3619.","VONOMAC 20 MG","TAB","VOM260403","30049099 (2.5%+2.5%)","millennium medisolutions pvt ltd.","10","2 + {6}","136.30","170.38","178.90","03/2028"
"3620.","VOTAS 0.3","TAB","TMT-1301","3004 (2.5%+2.5%)","gandhi medical hall","15","4 + {9}","62.27","94.65","99.38","08/2027"
"3621.","VOVERAN INJ 1 ML AQ","INJ","310SPBN5","30066010 (2.5%+2.5%)","millennium medisolutions pvt ltd.","1","0","27.86","34.82","36.56","02/2027"
"3622.","VOVERAN INJ 1 ML AQ","INJ","Y24SPBN5","30066010 (2.5%+2.5%)","millennium medisolutions pvt ltd.","1","5","30.64","38.30","40.21","10/2027"
"3623.","VOVERAN INJ 1 ML AQ","INJ","208SPBN5","300490 (2.5%+2.5%)","gandhi medical hall","1","0","22.11","37.14","39.00","01/2027"
"3624.","VPN-20","TAB","GT260692","3004 (2.5%+2.5%)","GUPTA MEDICAL HALL","10","17 + {5}","156.00","185.71","195.00","02/2028"
"3625.","VSL-3","CAPs","JMH0225A","3002 (2.5%+2.5%)","SHREE GOPAL  PHARMACEUTICALS","10","3 + {4}","344.29","430.36","451.88","01/2028"
"3626.","VSL-3","CAPs","JMH0287A","3002 (2.5%+2.5%)","SHREE GOPAL  PHARMACEUTICALS","10","5","344.29","430.36","451.88","02/2028"
"3627.","VSL-3","CAPs","JMH0255A","3002 (2.5%+2.5%)","SHREE GOPAL  PHARMACEUTICALS","10","1","344.29","429.80","451.29","01/2028"
"3628.","VSL-3","CAPs","JMG1429A","3002 (2.5%+2.5%)","SHREE GOPAL  PHARMACEUTICALS","10","0","344.29","430.36","451.88","11/2027"
"3629.","VSL-3","CAPs","JMG0524A","3002 (2.5%+2.5%)","SHREE GOPAL  PHARMACEUTICALS","10","0","328.57","410.71","431.25","04/2027"
"3630.","VSL-3","CAPs","JMG1512A","3002 (2.5%+2.5%)","SHREE GOPAL  PHARMACEUTICALS","10","0","344.29","430.36","451.88","12/2027"
"3631.","VSL-3","CAPs","JMG1142A","3002 (2.5%+2.5%)","ANAND MEDICOS","10","0","344.29","430.36","451.88","09/2027"
"3632.","VSL-3","CAPs","JMG1212A","3002 (2.5%+2.5%)","SHREE GOPAL  PHARMACEUTICALS","10","0","344.29","430.36","451.88","12/2027"
"3633.","WASTE PAPER","General","12543","4707 (2.5%+2.5%)","nath medicose","1","2","120.00","123.81","130.00","10/2029"
"3634.","WASTE PAPER","General","1254","4707 (2.5%+2.5%)","nath medicose","1","1","120.00","129.52","136.00","11/2030"
"3635.","WASTE PAPER","General","25897","4707 (2.5%+2.5%)","nath medicose","1","4","120.00","119.05","125.00","10/2030"
"3636.","WAZIFLAM - EC90","TAB","BTD-B0111","30049099 (2.5%+2.5%)","SKL PHARMA","10","187 + {5}","75.00","94.10","98.81","05/2027"
"3637.","WELL CARE GLOVES 100 PCS","TAB","125468","40151900 (2.5%+2.5%)","a and a hygien and surgical cre","100","12","230.00","285.71","300.00","10/2028"
"3638.","WELLMAN","TAB","770P2416F","2106 (2.5%+2.5%)","S.P . MEDICAL AGENCIES","10","0","83.81","123.72","129.91","10/2026"
"3639.","WELLMAN","TAB","77092506F","2106 (2.5%+2.5%)","millennium medisolutions pvt ltd.","10","3 + {7}","98.28","122.86","129.00","07/2027"
"3640.","WELLMAN","TAB","770P2504F","2106 (2.5%+2.5%)","millennium medisolutions pvt ltd.","10","3","49.02","122.86","129.00","06/2027"
"3641.","WELLWOMAN","CAPs","885EL2606F","2106 (2.5%+2.5%)","millennium medisolutions pvt ltd.","15","0 + {4}","254.85","318.57","334.50","07/2027"
"3642.","WELLWOMAN","CAPs","885EL2519F","2106 (2.5%+2.5%)","S.P . MEDICAL AGENCIES","15","1 + {11}","214.13","318.70","334.64","01/2027"
"3643.","WFI 10 ML WATER","General","WHL0201","3004 (2.5%+2.5%)","SHREE GOPAL  PHARMACEUTICALS","1","7","2.20","2.57","2.70","11/2028"
"3644.","WIKORYL ORAL SUSP.","SYRUP","26130002","3004 (2.5%+2.5%)","OM MEDICAL HALL","1","6","82.63","111.78","117.37","12/2028"
"3645.","WINEPH  SPRAY","General","N5K056","30049099 (2.5%+2.5%)","GOEL MEDICOS","1","8","50.00","294.63","309.36","10/2027"
"3646.","WOSULIN -30/70 VIAL","VIAL","QAA10071","30043110 (2.5%+2.5%)","HEMANT MEDICAL AGENCIES","1","4","138.20","172.75","181.39","09/2027"
"3647.","WOSULIN 30/70 DISPOPEN","General","QAA10260","30043110 (2.5%+2.5%)","HEMANT MEDICAL AGENCIES","1","3","293.56","366.95","385.30","09/2028"
"3648.","WOSULIN R 100 IU CTG3","AMP","DAA10185","30043110 (2.5%+2.5%)","HEMANT MEDICAL AGENCIES","1","0","590.02","737.52","774.40","02/2028"
"3649.","WOSULIN R DISPOPEN 3 ML","INJ","QAA10011","30043110 (2.5%+2.5%)","HEMANT MEDICAL AGENCIES","1","3","266.90","333.62","350.30","12/2027"
"3650.","WOSULIN R VIAL","VIAL","DAA10353","30043110 (2.5%+2.5%)","HEMANT MEDICAL AGENCIES","1","0","138.20","172.75","181.39","12/2027"
"3651.","WOSULIN R VIAL","VIAL","DAB10237","30043110 (2.5%+2.5%)","HEMANT MEDICAL AGENCIES","1","7","138.20","172.75","181.39","08/2028"
"3652.","WOSULIN R VIAL","VIAL","DAA10606","30043110 (2.5%+2.5%)","HEMANT MEDICAL AGENCIES","1","0","138.20","172.75","181.39","04/2028"
"3653.","WYSOLANE DT 20 MG","TAB","ML6205","30043912 (2.5%+2.5%)","millennium medisolutions pvt ltd.","15","0 + {1}","31.39","36.42","38.24","04/2027"
"3654.","WYSOLANE DT 20 MG","TAB","MJ6204","30043912 (2.5%+2.5%)","NEW sai medicose","15","0 + {14}","31.40","38.85","40.79","04/2027"
"3655.","WYSOLONE 10 MG","TAB","MP7386","3004 (2.5%+2.5%)","NEW sai medicose","15","0 + {6}","15.63","18.11","19.02","05/2027"
"3656.","XYLOCAINE JELLY","Jelly","GB0672","3004 (2.5%+2.5%)","ROHIT PHARMA","1","0","23.81","33.16","34.82","04/2028"
"3657.","XYLOCAINE JELLY","Jelly","CAB265","30049034 (2.5%+2.5%)","ROHIT PHARMA","1","0","26.53","32.95","34.60","10/2027"
"3658.","XYLOCAINE JELLY","Jelly","GB0482","30049034 (2.5%+2.5%)","ROHIT PHARMA","1","11","26.53","33.16","34.82","03/2028"
"3659.","XYLOCAINE JELLY","Jelly","CAB265","3004 (2.5%+2.5%)","SHREE GOPAL  PHARMACEUTICALS","1","0","26.37","32.95","34.60","10/2027"
"3660.","XYLONORM INJ","INJ","FP-192A","3004 (2.5%+2.5%)","SHREE GOPAL  PHARMACEUTICALS","1","4","10.00","37.10","38.95","05/2027"
"3661.","ZACY MR 4 TAB","TAB","B255607","30049061 (2.5%+2.5%)","","10","0","156.07","195.09","204.84","07/2027"
"3662.","ZACY MR 4 TAB","TAB","B255607","30049061 (2.5%+2.5%)","millennium medisolutions pvt ltd.","10","0 + {4}","156.07","195.09","204.84","07/2027"
"3663.","ZACY MR 4 TAB","TAB","BDS25021","30049061 (2.5%+2.5%)","millennium medisolutions pvt ltd.","10","6","129.73","195.09","204.84","08/2027"
"3664.","ZEDONAC AQ","INJ","ZON25001SH","300490 (2.5%+2.5%)","gandhi medical hall","1","12","3.02","21.90","23.00","05/2027"
"3665.","ZEDOTT 100 MG","CAPs","OD34M032","30049039 (2.5%+2.5%)","millennium medisolutions pvt ltd.","10","1 + {2}","211.16","263.95","277.15","11/2027"
"3666.","ZENFLOX - OZ","TAB","G05Y037","30049099 (2.5%+2.5%)","millennium medisolutions pvt ltd.","10","4 + {4}","112.26","140.32","147.34","08/2028"
"3667.","ZENFLOX - OZ","TAB","G05Y038","30049099 (2.5%+2.5%)","millennium medisolutions pvt ltd.","10","4","112.26","140.32","147.34","08/2028"
"3668.","ZENOXA - 150 MG","TAB","N2502592","30049099 (2.5%+2.5%)","millennium medisolutions pvt ltd.","15","3 + {8}","111.96","139.95","146.95","07/2028"
"3669.","ZENOXA - 300 MG","TAB","N2503493","30049082 (2.5%+2.5%)","HEMANT MEDICAL AGENCIES","15","2","174.38","217.97","228.87","09/2028"
"3670.","ZENOXA - 300 MG","TAB","N2503008","30049082 (2.5%+2.5%)","millennium medisolutions pvt ltd.","15","0","174.38","217.97","228.87","08/2028"
"3671.","ZENOXA - 450 MG","TAB","N2600393","30049082 (2.5%+2.5%)","HEMANT MEDICAL AGENCIES","10","4","318.78","398.48","418.40","01/2029"
"3672.","ZERODOL P","TAB","KVB0125128","30049099 (2.5%+2.5%)","NEW sai medicose","10","0 + {2}","57.86","72.32","75.94","09/2027"
"3673.","ZERODOL P","TAB","KVB0325074AS","30049099 (2.5%+2.5%)","millennium medisolutions pvt ltd.","10","0","54.99","68.75","72.19","05/2027"
"3674.","ZERODOL P","TAB","KVB0125128AS","30049099 (2.5%+2.5%)","millennium medisolutions pvt ltd.","10","3 + {4}","57.86","72.32","75.94","09/2027"
"3675.","ZETAGEL - O","SYRUP","LV25JL-127","3004 (2.5%+2.5%)","NEW sai medicose","1","1","67.50","171.43","180.00","08/2027"
"3676.","ZETAGEL - O","SYRUP","LV25JL-286","3004 (2.5%+2.5%)","NEW sai medicose","1","0","67.50","232.14","243.75","08/2027"
"3677.","ZETAZEL SUSP","SYRUP","LV25FL-832","3004 (2.5%+2.5%)","NEW sai medicose","1","0","48.60","106.67","112.00","06/2027"
"3678.","ZEULIN-2ML","INJ","SAI-24638H","URO4 (2.5%+2.5%)","NEW sai medicose","1","5","39.20","106.67","112.00","11/2026"
"3679.","ZIFI 200 TAB","TAB","015H021","30042019 (2.5%+2.5%)","millennium medisolutions pvt ltd.","10","0","79.59","99.49","104.46","01/2027"
"3680.","ZIFI 200 TAB","TAB","015H021","30042019 (2.5%+2.5%)","GUPTA MEDICAL HALL","10","3","79.60","99.49","104.46","01/2027"
"3681.","ZIFI DRY SYP 100","SYRUP","015G008","3004 (2.5%+2.5%)","OM MEDICAL HALL","1","0","53.01","72.90","76.55","12/2026"
"3682.","ZIFI DRY SYP 50","SYRUP","015H025","3004 (2.5%+2.5%)","OM MEDICAL HALL","1","4","33.91","49.73","52.22","01/2027"
"3683.","ZINCID 60 ML","SYRUP","LV25DL-930","3004 (2.5%+2.5%)","NEW sai medicose","1","2","18.55","93.81","98.50","03/2027"
"3684.","ZINCOCAM - SB","TAB","PHFC-336","21069099 (2.5%+2.5%)","CAMBIOR PHARMACEUTICALS","10","4 + {12}","35.00","200.00","210.00","11/2026"
"3685.","ZINCOMINTA","TAB","IE365001","3004 (2.5%+2.5%)","NEW sai medicose","10","4","12.40","43.81","46.00","07/2027"
"3686.","ZIVADOX - 200","TAB","EMV01AAA","30049099 (2.5%+2.5%)","DEEP SHREE PHARMACEUTICALS","10","5 + {4}","157.07","196.43","206.25","04/2027"
"3687.","ZOLCALM 10 MG","TAB","D2507065LLB","30049069 (2.5%+2.5%)","millennium medisolutions pvt ltd.","10","0","125.14","156.43","164.25","06/2027"
"3688.","ZOLCALM 5 MG","TAB","D2509059LLB","30049099 (2.5%+2.5%)","millennium medisolutions pvt ltd.","15","2","90.29","112.86","118.50","08/2027"
"3689.","ZOLFRESH - 10","TAB","ZLA26001","30049082 (2.5%+2.5%)","millennium medisolutions pvt ltd.","15","0","103.89","129.86","136.35","12/2028"
"3690.","ZOLFRESH - 10","TAB","ZLA26013","30049082 (2.5%+2.5%)","millennium medisolutions pvt ltd.","15","5 + {8}","104.56","130.70","137.23","04/2029"
"3691.","ZOLFRESH - 10","TAB","ZLA26006","30049082 (2.5%+2.5%)","millennium medisolutions pvt ltd.","15","0","104.56","130.70","137.23","03/2029"
"3692.","ZOLFRESH - 10","TAB","ZLA25033","30049082 (2.5%+2.5%)","millennium medisolutions pvt ltd.","15","0","103.89","129.86","136.35","10/2028"
"3693.","ZOLFRESH - 10","TAB","ZLA26007","30049082 (2.5%+2.5%)","millennium medisolutions pvt ltd.","15","0 + {4}","104.56","130.70","137.23","03/2029"
"3694.","ZOLFRESH - 10","TAB","ZLA26002","30049082 (2.5%+2.5%)","millennium medisolutions pvt ltd.","15","0","103.89","129.86","136.35","12/2028"
"3695.","ZOLFRESH 5","TAB","ZLT25015","30049082 (2.5%+2.5%)","millennium medisolutions pvt ltd.","15","0","75.80","94.75","99.49","11/2028"
"3696.","ZOLFRESH 5","TAB","ZLT25014","30049082 (2.5%+2.5%)","millennium medisolutions pvt ltd.","15","0","75.80","94.75","99.49","11/2028"
"3697.","ZOLFRESH 5","TAB","ADL0104","30049082 (2.5%+2.5%)","millennium medisolutions pvt ltd.","15","0","75.80","94.75","99.49","09/2028"
"3698.","ZOLFRESH 5","TAB","ZLT26001","30049082 (2.5%+2.5%)","millennium medisolutions pvt ltd.","15","0 + {14}","75.80","94.75","99.49","01/2029"
"3699.","ZOLFRESH 5","TAB","ZLT26002","30049082 (2.5%+2.5%)","millennium medisolutions pvt ltd.","15","0","75.80","94.75","99.49","01/2029"
"3700.","ZOLFRESH 5","TAB","ZLT26003","30049082 (2.5%+2.5%)","millennium medisolutions pvt ltd.","15","5","75.80","94.75","99.49","01/2029"
"3701.","ZOLPID - 10 MG","TAB","ZLTY0086","30049079 (2.5%+2.5%)","HEMANT MEDICAL AGENCIES","10","2","68.04","85.05","89.30","04/2028"
"3702.","ZOLPID - 10 MG","TAB","ZLTY0087","30049079 (2.5%+2.5%)","HEMANT MEDICAL AGENCIES","10","10","68.48","85.60","89.88","11/2028"
"3703.","ZOLTIL -600 TAB","TAB","GTG250759","URO4 (2.5%+2.5%)","NEW sai medicose","10","0","85.00","212.38","223.00","03/2027"
"3704.","ZOLTIL -600 TAB","TAB","GT250759","URO4 (2.5%+2.5%)","NEW sai medicose","10","0","85.00","214.29","225.00","03/2027"
"3705.","ZUPITUSS - LF SYP","SUSP","LLD-10565","3004 (2.5%+2.5%)","gandhi medical hall","1","15","86.09","161.90","170.00","01/2028"
"3706.","ZYDUS WATER","INJ","GAU2082","3004 (2.5%+2.5%)","NEW sai medicose","1","0","2.19","2.48","2.60","06/2029"
"3707.","ZYRAB DSR","CAPs","GPR0058","3004 (2.5%+2.5%)","gandhi medical hall","10","0","13.00","53.33","56.00","01/2027"
"3708.","ZYRAB DSR","CAPs","GDB0007","3004 (2.5%+2.5%)","gandhi medical hall","10","8 + {5}","13.00","53.33","56.00","11/2027"
"3709.","ZYRAB LS","CAPs","GPR0190","3004 (2.5%+2.5%)","NEW sai medicose","10","0","23.13","142.86","150.00","10/2027"
"3710.","ZYRAB LS","CAPs","GPR0239","3004 (2.5%+2.5%)","NEW sai medicose","10","4 + {9}","23.13","106.67","112.00","01/2028"
"3711.","ZYRAB LS","CAPs","GPR0213","3004 (2.5%+2.5%)","gandhi medical hall","10","0","25.00","106.67","112.00","12/2027"